Al_sulfate_mol,Fe_sulfate_mol,Cu_sulfate_mol,Co_sulfate_mol,Ni_sulfate_mol,Mn_sulfate_mol,chem,temp,NaOH_stock,NaOH_mole,BattLeachate_volume
0.1388,0.09479,0.1001,0.0775,0.5521,0.07673,NMC811,25,1,0.222,1
0.07928,0.02113,0.2755,0.4142,0.67,0.2658,NMC523,25,1,0.3031,1
0.06701,0.06999,0.3821,0.08723,0.2729,0.0828,NMC622,25,1,0.3925,1
0.0264,0.02693,0.06397,0.181,0.5233,0.1638,NMC622,25,1,0.4,1
0.207,0.00276,0.1401,0.7617,1.355,0.5305,NMC523,25,1,1.084,1
0.161,0.002462,0.3716,0.4157,1.213,0.38,NMC622,25,1,0.02072,1
0.2099,0.05141,0.3503,0.4007,0.9476,0.5441,NMC532,25,1,0.02295,1
0.1653,0.002507,0.09626,0.09062,0.2812,0.09221,NMC622,25,1,0.162,1
0.1724,0.02024,0.2786,0.1309,0.3911,0.1239,NMC622,25,1,0.2589,1
0.04808,0.04845,0.1097,0.5225,0.8222,0.3351,NMC523,25,1,0.1158,1
0.04604,0.01647,0.2487,0.2314,1.612,0.2179,NMC811,25,1,0.653,1
0.1686,0.07517,0.2512,0.7822,0.7708,0.7789,NMC111,25,1,0.05314,1
0.1773,0.04246,0.2908,0.1884,1.492,0.2228,NMC811,25,1,0.04693,1
0.1287,0.01508,0.1898,0.2342,0.5635,0.3576,NMC532,25,1,0.02312,1
0.009288,0.03935,0.2484,0.03794,0.309,0.03954,NMC811,25,1,1.38,1
0.1989,0.0174,0.2382,0.1078,0.9097,0.1165,NMC811,25,1,0.2378,1
0.1616,0.0276,0.03937,0.1711,0.4862,0.1597,NMC622,25,1,0.0221,1
0.01116,0.0851,0.2682,0.4311,1.308,0.462,NMC622,25,1,0.02027,1
0.06234,0.08722,0.2526,0.06929,0.1692,0.1016,NMC532,25,1,0.05342,1
0.2189,0.066,0.03023,0.7494,1.219,0.5199,NMC523,25,1,0.1664,1
0.1638,0.05119,0.09965,0.155,0.4623,0.1721,NMC622,25,1,0.05004,1
0.01126,0.08202,0.4025,0.3485,0.6385,0.2398,NMC523,25,1,0.3761,1
0.19,0.006022,0.08707,0.8818,1.626,0.5727,NMC523,25,1,0.03407,1
0.03572,0.03339,0.2312,0.242,0.6267,0.4218,NMC532,25,1,0.1388,1
0.2087,0.09745,0.2687,0.214,1.686,0.2188,NMC811,25,1,0.05277,1
0.01483,0.07035,0.411,0.2584,0.6772,0.247,NMC622,25,1,0.5378,1
0.1835,0.07205,0.1074,0.3813,1.066,0.5869,NMC532,25,1,0.362,1
0.1676,0.01607,0.1499,0.2439,0.2221,0.2399,NMC111,25,1,0.04484,1
0.09698,0.06083,0.3255,0.641,1.168,0.4771,NMC523,25,1,0.1429,1
0.03991,0.01119,0.2329,0.4091,1.204,0.4546,NMC622,25,1,0.07206,1
0.1448,0.07561,0.04039,0.5722,0.5749,0.6674,NMC111,25,1,0.1521,1
0.1908,0.04951,0.1207,0.5691,1.77,0.6108,NMC622,25,1,1.282,1
0.1763,0.06734,0.4243,0.05957,0.1981,0.05965,NMC622,25,1,0.03166,1
0.171,0.08457,0.356,0.04694,0.4071,0.04835,NMC811,25,1,0.05212,1
0.1271,0.0532,0.2582,0.459,1.264,0.7053,NMC532,25,1,0.5854,1
0.07528,0.02408,0.03499,0.5028,0.7707,0.2906,NMC523,25,1,0.9927,1
0.02305,0.04673,0.01509,0.1496,1.188,0.1514,NMC811,25,1,0.04542,1
0.1175,0.0668,0.01787,0.5666,1.835,0.627,NMC622,25,1,0.06608,1
0.08665,0.05388,0.2829,0.406,1.195,0.3901,NMC622,25,1,0.03235,1
0.01107,0.009764,0.1573,0.9172,1.059,0.9467,NMC111,25,1,0.02753,1
0.1663,0.06052,0.1025,0.1704,0.1818,0.1797,NMC111,25,1,0.2194,1
0.04747,0.04026,0.284,0.241,0.6639,0.3529,NMC532,25,1,0.09967,1
0.02763,0.04596,0.4178,0.2968,0.8226,0.2519,NMC622,25,1,0.07588,1
0.2119,0.09028,0.3966,0.1922,1.418,0.1798,NMC811,25,1,0.4438,1
0.2173,0.06402,0.04264,0.2355,1.726,0.215,NMC811,25,1,0.08523,1
0.07679,0.07216,0.3152,0.5543,0.5452,0.5589,NMC111,25,1,0.07354,1
0.1516,0.07882,0.22,0.4896,0.9604,0.3692,NMC523,25,1,0.2508,1
0.07403,0.06536,0.1331,0.09302,0.2657,0.08893,NMC622,25,1,0.04277,1
0.1691,0.05046,0.1013,0.01999,0.1721,0.02304,NMC811,25,1,0.5635,1
0.1227,0.1057,0.4057,0.239,0.7193,0.2407,NMC622,25,1,0.02447,1
0.03805,0.01703,0.426,0.148,0.4017,0.2405,NMC532,25,1,0.05292,1
0.1554,0.06301,0.2516,0.2545,0.6715,0.4015,NMC532,25,1,0.8821,1
0.0536,0.04875,0.1356,0.5021,1.376,0.7816,NMC532,25,1,1.006,1
0.09425,0.09536,0.2375,0.1224,0.2095,0.0852,NMC523,25,1,0.2609,1
0.2167,0.06347,0.1016,0.5681,0.5685,0.602,NMC111,25,1,0.2472,1
0.1228,0.03356,0.3275,0.1818,0.1968,0.1962,NMC111,25,1,0.02553,1
0.09861,0.08835,0.07389,0.3511,1.048,0.3332,NMC622,25,1,0.8395,1
0.0231,0.1065,0.2223,0.3108,2.093,0.2779,NMC811,25,1,0.3574,1
0.2091,0.1075,0.2498,0.1268,0.979,0.1145,NMC811,25,1,0.2038,1
0.03874,0.01557,0.4467,0.5858,1.8,0.5627,NMC622,25,1,1.497,1
0.1445,0.07994,0.3215,0.6453,1.042,0.4133,NMC523,25,1,0.4476,1
0.1485,0.05496,0.1038,0.3628,1.156,0.3648,NMC622,25,1,0.1488,1
0.1652,0.09596,0.3828,0.06612,0.2045,0.06254,NMC622,25,1,0.2624,1
0.1347,0.003096,0.321,0.09311,0.805,0.09579,NMC811,25,1,0.04637,1
0.2223,0.09382,0.008627,0.1754,1.492,0.1803,NMC811,25,1,0.2087,1
0.06533,0.02597,0.2862,0.2993,2.19,0.2899,NMC811,25,1,1.049,1
0.04347,0.05351,0.2919,0.8926,1.409,0.5594,NMC523,25,1,0.1827,1
0.08539,0.04918,0.009724,0.03181,0.2723,0.03295,NMC811,25,1,0.6077,1
0.193,0.01796,0.2441,0.04197,0.1333,0.04514,NMC622,25,1,1.357,1
0.2192,0.05331,0.164,0.5957,1.173,0.419,NMC523,25,1,0.04595,1
0.2038,0.1107,0.3147,0.3282,0.3759,0.3585,NMC111,25,1,1.091,1
0.1975,0.0325,0.2572,0.6179,0.5999,0.6273,NMC111,25,1,0.1588,1
0.1053,0.009624,0.1344,0.1936,0.579,0.1876,NMC622,25,1,0.08211,1
0.151,0.09066,0.05918,0.538,0.5479,0.5115,NMC111,25,1,0.6689,1
0.05623,0.03464,0.02757,0.5728,1.827,0.5882,NMC622,25,1,0.2066,1
0.1535,0.06427,0.04402,0.7461,0.6785,0.7263,NMC111,25,1,1.136,1
0.1538,0.09109,0.1706,0.3712,0.9489,0.6095,NMC532,25,1,0.144,1
0.1137,0.02021,0.4331,0.6172,0.931,0.3597,NMC523,25,1,0.6525,1
0.03297,0.08328,0.3292,0.2938,0.4638,0.2034,NMC523,25,1,0.03782,1
0.0393,0.05262,0.4308,0.4641,0.5296,0.4968,NMC111,25,1,0.07136,1
0.05727,0.05701,0.1236,0.7446,0.81,0.7227,NMC111,25,1,0.109,1
0.0484,0.09641,0.4211,0.2281,1.868,0.2195,NMC811,25,1,0.07685,1
0.084,0.01749,0.2869,0.3396,0.8833,0.4935,NMC532,25,1,0.5193,1
0.1966,0.04815,0.09395,0.4109,1.35,0.403,NMC622,25,1,0.1334,1
0.1069,0.007896,0.1389,0.09798,0.7574,0.1058,NMC811,25,1,0.04211,1
0.009074,0.0977,0.2871,0.3993,0.9668,0.6288,NMC532,25,1,0.6798,1
0.0367,0.05934,0.452,0.7266,0.7438,0.8002,NMC111,25,1,0.02364,1
0.01004,0.09976,0.1332,0.3038,0.8726,0.2947,NMC622,25,1,0.0496,1
0.1005,0.09323,0.1363,0.1385,1.076,0.1417,NMC811,25,1,0.6693,1
0.03557,0.01586,0.05084,0.04054,0.3634,0.04566,NMC811,25,1,0.3179,1
0.02887,0.02603,0.1428,0.2086,0.2148,0.2058,NMC111,25,1,0.03334,1
0.1206,0.06442,0.1785,0.005144,0.04284,0.005203,NMC811,25,1,0.4839,1
0.2103,0.04894,0.1604,0.2925,2.096,0.2657,NMC811,25,1,0.2244,1
0.09747,0.0613,0.1757,0.5294,1.116,0.7706,NMC532,25,1,0.02775,1
0.2025,0.1098,0.2183,0.328,1.047,0.3275,NMC622,25,1,0.05916,1
0.07643,0.1057,0.1266,0.3375,0.8891,0.3296,NMC622,25,1,0.4592,1
0.1075,0.008677,0.3433,0.06858,0.524,0.06092,NMC811,25,1,0.06562,1
0.06424,0.0326,0.06166,0.5102,1.405,0.8936,NMC532,25,1,0.193,1
0.06305,0.03221,0.06635,0.4864,1.186,0.7296,NMC532,25,1,0.417,1
0.1138,0.06724,0.1503,0.1627,0.4168,0.2437,NMC532,25,1,0.3703,1
0.1322,0.06369,0.1605,0.4884,0.8042,0.3031,NMC523,25,1,0.817,1
0.2107,0.08237,0.3785,0.3961,0.6527,0.3025,NMC523,25,1,0.04262,1
0.1736,0.07755,0.4471,0.09845,0.1682,0.06617,NMC523,25,1,0.192,1
0.2195,0.01156,0.2134,0.6313,0.6331,0.6357,NMC111,25,1,0.2997,1
0.02333,0.08974,0.155,0.1168,1.061,0.1224,NMC811,25,1,0.07941,1
0.129,0.05746,0.2769,0.07522,0.1904,0.1243,NMC532,25,1,0.3966,1
0.2084,0.09222,0.3134,0.4788,0.5555,0.496,NMC111,25,1,0.02223,1
0.02284,0.02978,0.4192,0.02628,0.2014,0.02406,NMC811,25,1,0.05115,1
0.1372,0.02012,0.1222,0.553,0.5614,0.504,NMC111,25,1,0.03124,1
0.1517,0.06047,0.1466,0.3428,0.8571,0.4486,NMC532,25,1,0.07374,1
0.01406,0.104,0.16,0.2113,1.775,0.2254,NMC811,25,1,0.02588,1
0.02045,0.03116,0.2578,0.2871,2.018,0.265,NMC811,25,1,0.143,1
0.08261,0.09465,0.2615,0.2843,2.304,0.2792,NMC811,25,1,0.2778,1
0.1779,0.07576,0.05444,0.7509,1.43,0.528,NMC523,25,1,0.06581,1
0.01083,0.07755,0.1402,0.8269,0.7869,0.8741,NMC111,25,1,0.2687,1
0.01593,0.03833,0.0683,0.5794,0.5568,0.5783,NMC111,25,1,0.3111,1
0.1258,0.05299,0.4008,0.6261,0.666,0.6362,NMC111,25,1,0.1086,1
0.1812,0.02341,0.303,0.2545,0.2545,0.2529,NMC111,25,1,0.04957,1
0.105,0.09481,0.1303,0.726,1.249,0.4707,NMC523,25,1,0.02991,1
0.086,0.04968,0.3629,0.08794,0.6115,0.08128,NMC811,25,1,0.1568,1
0.1998,0.04263,0.3985,0.2445,1.771,0.221,NMC811,25,1,0.1785,1
0.1462,0.1066,0.3558,0.5838,1.328,0.8322,NMC532,25,1,0.02588,1
0.1812,0.02114,0.2883,0.4326,1.105,0.6547,NMC532,25,1,0.07694,1
0.1912,0.0546,0.1274,0.06919,0.1594,0.08599,NMC532,25,1,0.337,1
0.2005,0.04527,0.3203,0.7267,1.287,0.5159,NMC523,25,1,0.02362,1
0.07236,0.05511,0.1503,0.08016,0.6402,0.07276,NMC811,25,1,0.2667,1
0.1839,0.02985,0.07507,0.3561,0.9832,0.5924,NMC532,25,1,0.04058,1
0.2104,0.07081,0.1824,0.1473,1.214,0.1466,NMC811,25,1,0.6084,1
0.1574,0.1033,0.4301,0.4524,0.4609,0.442,NMC111,25,1,0.2748,1
0.02614,0.007859,0.3497,0.3873,0.421,0.3933,NMC111,25,1,0.1151,1
0.2061,0.04494,0.3621,0.3384,0.5238,0.2192,NMC523,25,1,0.05031,1
0.2249,0.009222,0.2018,0.3407,1.047,0.3736,NMC622,25,1,0.1072,1
0.02405,0.086,0.3572,0.1088,0.9578,0.1145,NMC811,25,1,0.1684,1
0.1363,0.07305,0.171,0.009147,0.07118,0.009179,NMC811,25,1,0.02613,1
0.02377,0.08246,0.1932,0.571,1.785,0.5709,NMC622,25,1,0.07371,1
0.05967,0.09376,0.06668,0.2813,0.7932,0.4374,NMC532,25,1,0.5359,1
0.2068,0.03682,0.3865,0.09389,0.2349,0.124,NMC532,25,1,0.1442,1
0.06597,0.03254,0.4213,0.08619,0.3211,0.1058,NMC622,25,1,0.5839,1
0.09759,0.09988,0.3249,0.04036,0.0959,0.06071,NMC532,25,1,0.02067,1
0.1567,0.0979,0.3535,0.2536,0.4037,0.1633,NMC523,25,1,0.09156,1
0.07792,0.04359,0.4449,0.131,0.3092,0.1989,NMC532,25,1,0.0974,1
0.0718,0.01343,0.4115,0.8777,1.442,0.5829,NMC523,25,1,0.4449,1
0.04955,0.08298,0.4486,0.5617,1.678,0.5563,NMC622,25,1,0.175,1
0.1412,0.05535,0.05363,0.2869,0.7505,0.4292,NMC532,25,1,0.09272,1
0.09508,0.04766,0.2035,0.09676,0.8679,0.09506,NMC811,25,1,0.585,1
0.09931,0.05997,0.1393,0.2364,1.873,0.228,NMC811,25,1,0.1265,1
0.02361,0.07499,0.3628,0.0492,0.4464,0.05599,NMC811,25,1,0.09848,1
0.1461,0.08968,0.3997,0.04018,0.03556,0.03929,NMC111,25,1,0.09818,1
0.1778,0.05214,0.04959,0.4667,0.6789,0.2704,NMC523,25,1,0.04479,1
0.1676,0.04198,0.08185,0.236,0.6561,0.3812,NMC532,25,1,0.7357,1
0.1573,0.03376,0.3827,0.5745,1.859,0.5843,NMC622,25,1,0.2921,1
0.1323,0.1101,0.3762,0.9927,0.9592,1.059,NMC111,25,1,0.2211,1
0.1825,0.06743,0.1639,0.532,1.581,0.5212,NMC622,25,1,0.1613,1
0.0603,0.003558,0.4289,0.1794,0.5152,0.1667,NMC622,25,1,0.2649,1
0.05084,0.05582,0.3545,0.2308,0.201,0.2182,NMC111,25,1,0.9932,1
0.05822,0.09043,0.4502,0.197,1.613,0.196,NMC811,25,1,1.491,1
0.1377,0.03999,0.1205,0.09094,0.7683,0.09641,NMC811,25,1,0.0712,1
0.1065,0.02525,0.348,0.2097,0.5005,0.3004,NMC532,25,1,0.04947,1
0.1804,0.02231,0.3018,0.06678,0.0992,0.04361,NMC523,25,1,0.03786,1
0.1802,0.01219,0.179,0.07391,0.1282,0.05131,NMC523,25,1,0.02296,1
0.2181,0.07003,0.05272,0.5325,1.196,0.7654,NMC532,25,1,0.04129,1
0.03055,0.05217,0.2074,0.2891,0.8017,0.4381,NMC532,25,1,1.459,1
0.04019,0.1073,0.1313,0.3721,0.9816,0.3576,NMC622,25,1,1.098,1
0.09342,0.0306,0.3799,0.638,0.6652,0.6659,NMC111,25,1,0.03887,1
0.1705,0.067,0.07244,0.04778,0.4153,0.04749,NMC811,25,1,0.4919,1
0.05735,0.08663,0.3184,0.4393,0.7648,0.3072,NMC523,25,1,0.04374,1
0.06985,0.109,0.2993,0.8068,0.7795,0.7635,NMC111,25,1,0.9556,1
0.1915,0.04535,0.2126,0.02777,0.07793,0.02659,NMC622,25,1,1.122,1
0.1983,0.0813,0.2279,0.1999,0.5888,0.1924,NMC622,25,1,1.139,1
0.1251,0.1072,0.341,0.4789,0.8495,0.3534,NMC523,25,1,0.05041,1
0.02441,0.07416,0.2132,0.437,1.104,0.7028,NMC532,25,1,0.1028,1
0.06488,0.03448,0.06059,0.5006,1.231,0.7179,NMC532,25,1,0.1199,1
0.1049,0.04206,0.1569,0.1859,0.5293,0.1681,NMC622,25,1,0.8834,1
0.06504,0.05246,0.2899,0.589,1.06,0.3702,NMC523,25,1,0.3316,1
0.07101,0.08829,0.4241,0.01495,0.1351,0.01523,NMC811,25,1,0.02566,1
0.005263,0.006486,0.3684,0.4358,1.141,0.6421,NMC532,25,1,0.03609,1
0.182,0.1056,0.1826,0.3156,0.7867,0.4894,NMC532,25,1,0.08161,1
0.08892,0.01077,0.07511,0.522,1.556,0.5254,NMC622,25,1,0.1757,1
0.04806,0.06171,0.2561,0.1769,0.1641,0.1606,NMC111,25,1,0.5337,1
0.06803,0.03356,0.0464,0.2041,1.689,0.2028,NMC811,25,1,1.289,1
0.2,0.1007,0.2681,0.06083,0.1012,0.03856,NMC523,25,1,0.4542,1
0.1992,0.02385,0.4119,0.4198,0.9857,0.5637,NMC532,25,1,0.2901,1
0.06845,0.0807,0.4131,0.1345,1.176,0.1472,NMC811,25,1,0.2007,1
0.1492,0.005044,0.08163,0.1224,0.2037,0.08372,NMC523,25,1,0.8058,1
0.1878,0.006671,0.253,0.4747,1.517,0.4783,NMC622,25,1,0.02892,1
0.1752,0.04201,0.3718,0.4494,1.197,0.3833,NMC622,25,1,0.02731,1
0.05102,0.1041,0.01955,0.2561,0.2047,0.2178,NMC111,25,1,0.05804,1
0.1299,0.05545,0.2868,0.5288,1.381,0.8156,NMC532,25,1,1.212,1
0.1397,0.07764,0.2197,0.09585,0.7409,0.08763,NMC811,25,1,0.0474,1
0.1896,0.04732,0.02439,0.8932,0.8934,1.014,NMC111,25,1,0.2185,1
0.2087,0.04683,0.3262,0.4623,1.357,0.4478,NMC622,25,1,0.03777,1
0.2236,0.02859,0.1271,0.04267,0.3336,0.04,NMC811,25,1,0.07823,1
0.206,0.06907,0.3884,0.06942,0.5264,0.07022,NMC811,25,1,0.03536,1
0.01479,0.082,0.2413,0.1834,0.1971,0.2052,NMC111,25,1,0.4841,1
0.07734,0.07296,0.4233,0.4834,1.568,0.529,NMC622,25,1,0.1314,1
0.129,0.06386,0.2179,0.2592,0.8144,0.2465,NMC622,25,1,1.198,1
0.0558,0.09411,0.3994,0.05225,0.05208,0.0532,NMC111,25,1,0.3547,1
0.04057,0.08746,0.1314,0.3444,0.3566,0.3322,NMC111,25,1,0.3169,1
0.1815,0.07325,0.1323,0.1766,0.1596,0.1768,NMC111,25,1,0.03019,1
0.01393,0.008256,0.06598,0.8439,1.483,0.6292,NMC523,25,1,0.1645,1
0.1886,0.06799,0.1341,0.3175,0.8957,0.3017,NMC622,25,1,0.02356,1
0.1796,0.05078,0.3656,0.4763,1.596,0.4941,NMC622,25,1,0.06902,1
0.0248,0.002661,0.06791,0.1591,1.235,0.16,NMC811,25,1,0.8777,1
0.1976,0.0345,0.2003,0.1701,0.432,0.2686,NMC532,25,1,0.02734,1
0.0591,0.0961,0.09239,0.4765,0.4551,0.4571,NMC111,25,1,0.02695,1
0.03017,0.04152,0.09596,0.3386,0.5545,0.2452,NMC523,25,1,0.6054,1
0.1891,0.02335,0.04851,0.4537,0.4598,0.4607,NMC111,25,1,0.05,1
0.22,0.06448,0.1602,0.2193,0.5664,0.3288,NMC532,25,1,0.06131,1
0.2048,0.01028,0.1178,0.09952,0.1756,0.07062,NMC523,25,1,0.07172,1
0.1095,0.05919,0.4493,0.8744,1.609,0.6067,NMC523,25,1,0.616,1
0.05636,0.07432,0.2097,0.234,1.914,0.2443,NMC811,25,1,0.6758,1
0.1263,0.00487,0.2281,0.04769,0.1353,0.05056,NMC622,25,1,0.4244,1
0.1572,0.07192,0.3267,0.342,0.5305,0.2193,NMC523,25,1,0.3315,1
0.2117,0.06007,0.4065,0.02864,0.2241,0.02655,NMC811,25,1,1.304,1
0.1402,0.1105,0.1979,0.2675,0.8036,0.2877,NMC622,25,1,0.5781,1
0.1951,0.04065,0.04283,0.1934,0.1878,0.2003,NMC111,25,1,0.03614,1
0.05988,0.02214,0.1493,0.5446,1.579,0.6024,NMC622,25,1,1.259,1
0.01747,0.01931,0.1381,0.1036,0.2436,0.1542,NMC532,25,1,0.04871,1
0.1532,0.0627,0.4132,0.1678,0.5478,0.1826,NMC622,25,1,0.02732,1
0.2016,0.07726,0.1557,0.0594,0.1472,0.09109,NMC532,25,1,0.8946,1
0.01689,0.08333,0.2845,0.911,0.928,1.005,NMC111,25,1,0.4283,1
0.08673,0.02723,0.246,0.571,1.345,0.8989,NMC532,25,1,0.08344,1
0.04505,0.1057,0.03566,0.2928,0.2712,0.2731,NMC111,25,1,0.6123,1
0.2199,0.08557,0.3215,0.6903,1.173,0.4637,NMC523,25,1,0.0848,1
0.04489,0.06625,0.2544,0.2731,2.02,0.2497,NMC811,25,1,0.07608,1
0.05892,0.07064,0.3141,0.009807,0.0854,0.01071,NMC811,25,1,1.244,1
0.02874,0.0315,0.1642,0.2213,0.6553,0.2149,NMC622,25,1,0.105,1
0.1267,0.0226,0.008162,1.014,0.8217,0.9599,NMC111,25,1,0.8719,1
0.1087,0.05993,0.3086,0.2437,1.987,0.2506,NMC811,25,1,0.7009,1
0.04933,0.08373,0.1714,0.09833,0.2274,0.1354,NMC532,25,1,0.02692,1
0.1349,0.02239,0.1947,0.2447,0.8684,0.288,NMC622,25,1,0.05573,1
0.1333,0.09046,0.3433,0.4476,1.12,0.7056,NMC532,25,1,0.5185,1
0.1159,0.0511,0.2857,0.314,0.5196,0.2227,NMC523,25,1,0.02617,1
0.03878,0.06295,0.1201,0.05347,0.3974,0.04758,NMC811,25,1,0.2153,1
0.2118,0.05724,0.2925,0.7394,1.288,0.4619,NMC523,25,1,0.03812,1
0.09329,0.07599,0.164,0.02365,0.02215,0.02153,NMC111,25,1,0.6088,1
0.01199,0.02648,0.2209,0.7853,1.171,0.4712,NMC523,25,1,0.08348,1
0.1224,0.1069,0.06653,0.1117,0.3573,0.1184,NMC622,25,1,0.02935,1
0.1379,0.0508,0.158,0.6834,1.068,0.4007,NMC523,25,1,0.02977,1
0.1263,0.1095,0.3911,0.8933,0.9753,1.029,NMC111,25,1,0.1085,1
0.003645,0.087,0.08555,0.1083,0.1985,0.07597,NMC523,25,1,0.2407,1
0.1342,0.002316,0.3836,0.26,0.7178,0.2598,NMC622,25,1,1.159,1
0.04675,0.0522,0.1915,0.08814,0.2519,0.08769,NMC622,25,1,0.05012,1
0.005778,0.1009,0.1297,0.3723,1.041,0.341,NMC622,25,1,0.2271,1
0.01105,0.02373,0.3126,0.5242,1.27,0.7056,NMC532,25,1,0.07103,1
0.117,0.002954,0.01521,0.2533,1.918,0.2345,NMC811,25,1,0.05754,1
0.09282,0.09199,0.0487,0.5361,1.43,0.8717,NMC532,25,1,0.5563,1
0.04165,0.03459,0.4183,0.171,0.1718,0.1634,NMC111,25,1,0.6522,1
0.09447,0.05715,0.4446,0.8649,0.9308,0.927,NMC111,25,1,0.07439,1
0.1925,0.1113,0.2062,0.7674,1.282,0.5379,NMC523,25,1,0.4201,1
0.1031,0.06193,0.08464,0.1634,0.4823,0.1739,NMC622,25,1,0.02077,1
0.0874,0.09006,0.2103,0.3054,0.8437,0.3096,NMC622,25,1,1.484,1
0.1297,0.002277,0.1711,0.2329,0.3961,0.1414,NMC523,25,1,0.1787,1
0.1167,0.02402,0.1558,0.06359,0.1571,0.0944,NMC532,25,1,0.03542,1
0.01234,0.005766,0.09079,0.3184,0.9725,0.3412,NMC622,25,1,0.0273,1
0.1909,0.009259,0.1092,0.8775,0.8387,0.8559,NMC111,25,1,0.03071,1
0.008925,0.1059,0.141,0.166,0.4172,0.2678,NMC532,25,1,1.335,1
0.135,0.06702,0.2623,0.6194,1.499,0.8741,NMC532,25,1,0.4468,1
0.1345,0.06379,0.3268,0.3787,0.3851,0.3637,NMC111,25,1,0.03518,1
0.1528,0.03113,0.1918,0.3712,0.433,0.4322,NMC111,25,1,1.051,1
0.02868,0.1013,0.4567,0.7466,1.247,0.4879,NMC523,25,1,0.02186,1
0.04193,0.08985,0.02458,0.1065,0.8903,0.1014,NMC811,25,1,0.02068,1
0.1714,0.003182,0.1405,0.6478,0.9617,0.4317,NMC523,25,1,0.3108,1
0.1569,0.09039,0.05839,0.2704,2.233,0.2451,NMC811,25,1,0.7302,1
0.07901,0.01071,0.2628,0.6357,1.662,0.5931,NMC622,25,1,0.0419,1
0.1778,0.05063,0.2579,0.5606,1.66,0.4986,NMC622,25,1,0.252,1
0.1842,0.09605,0.2649,0.5565,1.313,0.7877,NMC532,25,1,0.04844,1
0.1606,0.03013,0.423,0.2639,0.2573,0.268,NMC111,25,1,0.08575,1
0.2104,0.002294,0.06152,0.3325,1.059,0.3244,NMC622,25,1,0.502,1
0.07653,0.03784,0.4064,0.2161,0.2387,0.2308,NMC111,25,1,0.04615,1
0.01816,0.07024,0.0327,0.1174,0.9402,0.1166,NMC811,25,1,0.06036,1
0.07014,0.08373,0.2558,0.9389,0.9546,0.8281,NMC111,25,1,0.7175,1
0.2066,0.1045,0.2734,0.1087,0.9451,0.1082,NMC811,25,1,0.2664,1
0.2183,0.02142,0.4424,0.08112,0.5764,0.06942,NMC811,25,1,0.5154,1
0.126,0.08667,0.08247,0.3165,0.7768,0.4206,NMC532,25,1,0.04866,1
0.07124,0.02633,0.3517,0.7406,1.25,0.5453,NMC523,25,1,1.396,1
0.03174,0.05518,0.1241,0.1672,0.4158,0.2567,NMC532,25,1,0.02431,1
0.1448,0.01552,0.03151,0.02214,0.06929,0.02286,NMC622,25,1,0.1766,1
0.04266,0.1079,0.1485,0.9062,0.9481,0.778,NMC111,25,1,0.02161,1
0.179,0.03631,0.376,0.5826,1.022,0.3666,NMC523,25,1,0.1221,1
0.2012,0.08813,0.1207,0.6623,0.6761,0.649,NMC111,25,1,1.339,1
0.205,0.09358,0.3071,0.103,0.3094,0.0941,NMC622,25,1,0.06522,1
0.09194,0.08748,0.06138,0.1927,1.649,0.208,NMC811,25,1,0.2557,1
0.123,0.09251,0.0616,0.06173,0.5048,0.06081,NMC811,25,1,0.03392,1
0.1326,0.08892,0.2371,0.4111,1.129,0.3774,NMC622,25,1,0.03144,1
0.1524,0.01902,0.1214,0.4974,1.448,0.4101,NMC622,25,1,0.1025,1
0.1605,0.08783,0.3069,0.0571,0.06271,0.06125,NMC111,25,1,0.0342,1
0.2083,0.06635,0.05612,0.2949,2.233,0.2912,NMC811,25,1,0.06776,1
0.2027,0.05335,0.1196,0.2274,0.2228,0.2412,NMC111,25,1,1.111,1
0.1831,0.04769,0.2213,0.7339,1.219,0.4811,NMC523,25,1,0.4003,1
0.2199,0.09898,0.08009,0.0173,0.1314,0.01768,NMC811,25,1,0.2772,1
0.1329,0.004929,0.3474,0.1354,0.3476,0.1972,NMC532,25,1,0.1104,1
0.2236,0.01966,0.3934,0.3189,1.033,0.3588,NMC622,25,1,0.03442,1
0.1039,0.09079,0.171,0.8353,1.415,0.5688,NMC523,25,1,1.497,1
0.005951,0.03035,0.2448,0.8717,0.8247,0.8732,NMC111,25,1,0.1962,1
0.1529,0.03388,0.2658,0.8718,1.31,0.5274,NMC523,25,1,0.448,1
0.107,0.09225,0.1202,0.6259,1.829,0.6157,NMC622,25,1,0.9204,1
0.2,0.02994,0.1341,0.3869,0.9114,0.6366,NMC532,25,1,0.4774,1
0.1091,0.105,0.008532,0.5841,0.5789,0.5594,NMC111,25,1,0.1552,1
0.0816,0.03277,0.219,0.7511,0.7511,0.7848,NMC111,25,1,1.01,1
0.1112,0.1073,0.4038,0.6851,0.7008,0.6476,NMC111,25,1,0.3071,1
0.02164,0.05264,0.4308,0.3969,1.2,0.3819,NMC622,25,1,0.2203,1
0.07057,0.03974,0.4577,0.1002,0.7901,0.09913,NMC811,25,1,0.2248,1
0.1701,0.07458,0.1832,0.007128,0.05536,0.007334,NMC811,25,1,0.06871,1
0.04388,0.05893,0.09601,0.2006,1.423,0.1888,NMC811,25,1,0.05086,1
0.1717,0.05821,0.2749,0.05753,0.09412,0.03513,NMC523,25,1,0.02206,1
0.1163,0.106,0.3587,0.647,1.006,0.4218,NMC523,25,1,0.08969,1
0.107,0.03996,0.4307,0.326,2.349,0.3036,NMC811,25,1,0.02292,1
0.003607,0.05093,0.1524,0.4287,0.3761,0.3697,NMC111,25,1,0.3687,1
0.01874,0.09664,0.1183,0.8886,0.9767,0.8935,NMC111,25,1,0.05719,1
0.09368,0.02924,0.4416,0.6423,1.159,0.4617,NMC523,25,1,0.1385,1
0.1724,0.03275,0.03752,0.8723,0.749,0.7899,NMC111,25,1,0.03959,1
0.003611,0.03406,0.09138,0.09909,0.2947,0.09469,NMC622,25,1,0.3157,1
0.03496,0.05603,0.287,0.6903,1.183,0.4715,NMC523,25,1,0.759,1
0.1641,0.08478,0.2001,0.02449,0.06166,0.03783,NMC532,25,1,0.1141,1
0.1937,0.00627,0.1807,0.3259,0.8653,0.2701,NMC622,25,1,0.04836,1
0.2084,0.07327,0.242,0.1192,0.3785,0.1272,NMC622,25,1,0.3143,1
0.1664,0.05419,0.3531,0.3527,0.8554,0.5251,NMC532,25,1,0.8176,1
0.1249,0.09793,0.2859,0.5531,0.8979,0.3694,NMC523,25,1,0.205,1
0.02929,0.05731,0.4542,0.5145,0.8374,0.3449,NMC523,25,1,0.07364,1
0.07542,0.09276,0.2045,0.7519,0.7327,0.8419,NMC111,25,1,0.2322,1
0.04876,0.01708,0.01254,0.336,0.3328,0.3189,NMC111,25,1,0.4875,1
0.1945,0.02441,0.1148,0.1962,0.5794,0.1844,NMC622,25,1,0.09026,1
0.1437,0.07656,0.3344,0.2048,1.677,0.2173,NMC811,25,1,0.2778,1
0.1663,0.08669,0.3605,0.2621,0.4667,0.1738,NMC523,25,1,1.366,1
0.09253,0.03447,0.2571,0.1192,0.2232,0.08971,NMC523,25,1,0.7426,1
0.2237,0.04625,0.3931,0.2289,1.932,0.2344,NMC811,25,1,0.8816,1
0.1661,0.08226,0.2833,0.05517,0.4781,0.05779,NMC811,25,1,1.204,1
0.04739,0.008497,0.3994,0.1073,0.8829,0.1161,NMC811,25,1,0.5242,1
0.2236,0.01552,0.3286,0.7011,1.177,0.4591,NMC523,25,1,1.37,1
0.03721,0.1093,0.2924,0.37,0.69,0.2379,NMC523,25,1,0.02322,1
0.006343,0.03129,0.1911,0.06921,0.5929,0.07068,NMC811,25,1,0.06129,1
0.08598,0.01337,0.3103,0.2882,2.23,0.2698,NMC811,25,1,0.2405,1
0.1725,0.008178,0.06096,0.0355,0.308,0.03592,NMC811,25,1,1.393,1
0.03237,0.06419,0.3823,0.5795,0.5547,0.5716,NMC111,25,1,0.732,1
0.2144,0.07161,0.3844,0.9078,1.403,0.5779,NMC523,25,1,0.3251,1
0.04842,0.03194,0.4053,0.08646,0.1643,0.06107,NMC523,25,1,0.1746,1
0.1068,0.09792,0.4166,0.2397,2.146,0.2585,NMC811,25,1,0.05235,1
0.1168,0.08159,0.2987,0.7756,1.38,0.5831,NMC523,25,1,0.2604,1
0.1243,0.07741,0.08965,0.4236,1.012,0.5676,NMC532,25,1,0.1484,1
0.1194,0.05202,0.3492,0.4184,0.7187,0.2619,NMC523,25,1,0.02231,1
0.007913,0.07551,0.3834,0.1775,1.402,0.1816,NMC811,25,1,0.02436,1
0.1963,0.1025,0.3708,0.03262,0.2359,0.03045,NMC811,25,1,0.08513,1
0.03707,0.03358,0.1835,0.6341,1.768,0.5985,NMC622,25,1,0.7036,1
0.01253,0.09175,0.1709,0.39,0.6023,0.2602,NMC523,25,1,0.1051,1
0.1605,0.01155,0.1267,0.6104,1.758,0.6053,NMC622,25,1,0.5253,1
0.07123,0.05273,0.08988,0.5216,1.674,0.4959,NMC622,25,1,0.5232,1
0.03916,0.08828,0.3192,0.2616,0.6523,0.3607,NMC532,25,1,0.5463,1
0.1764,0.09799,0.3871,0.8971,1.384,0.6657,NMC523,25,1,0.1399,1
0.02517,0.05229,0.02688,0.1754,0.5677,0.1993,NMC622,25,1,0.8849,1
0.08284,0.05325,0.1739,0.2634,0.2564,0.2749,NMC111,25,1,0.6345,1
0.0153,0.03537,0.3582,0.2437,2.015,0.2487,NMC811,25,1,0.1182,1
0.224,0.0505,0.1112,0.1835,1.528,0.1904,NMC811,25,1,0.245,1
0.03536,0.0264,0.2984,0.3493,0.5975,0.2249,NMC523,25,1,0.2277,1
0.1711,0.09488,0.3482,0.201,0.333,0.1325,NMC523,25,1,0.03155,1
0.09452,0.106,0.3775,0.2347,0.3997,0.1877,NMC523,25,1,0.7552,1
0.1896,0.02709,0.2813,0.2803,0.2967,0.2838,NMC111,25,1,0.1574,1
0.175,0.06407,0.105,0.4504,1.259,0.7565,NMC532,25,1,0.758,1
0.1555,0.06725,0.3898,0.44,1.253,0.7996,NMC532,25,1,0.1568,1
0.2028,0.02394,0.4227,0.01667,0.03014,0.01079,NMC523,25,1,0.06774,1
0.2028,0.1026,0.07535,0.3366,0.7328,0.4637,NMC532,25,1,1.306,1
0.1993,0.01243,0.4293,0.395,1.09,0.4184,NMC622,25,1,1.463,1
0.1012,0.05363,0.1903,0.7365,0.7215,0.7025,NMC111,25,1,0.6204,1
0.1561,0.04565,0.4174,0.02055,0.02282,0.02374,NMC111,25,1,0.4036,1
0.01955,0.06413,0.187,0.2095,1.566,0.2101,NMC811,25,1,0.551,1
0.2135,0.076,0.12,0.5478,1.575,0.5187,NMC622,25,1,0.1996,1
0.01594,0.06565,0.2551,0.1376,0.145,0.1487,NMC111,25,1,0.06125,1
0.2211,0.09167,0.4291,0.4051,1.055,0.5791,NMC532,25,1,0.7964,1
0.09375,0.09554,0.1994,0.09289,0.8249,0.09477,NMC811,25,1,0.8579,1
0.2223,0.00787,0.402,0.6788,1.037,0.4213,NMC523,25,1,0.1043,1
0.1709,0.109,0.05921,0.4658,1.485,0.5302,NMC622,25,1,0.4138,1
0.2103,0.004286,0.09066,0.5171,0.9461,0.3205,NMC523,25,1,0.3906,1
0.165,0.02559,0.1515,0.4057,1.12,0.7069,NMC532,25,1,0.1286,1
0.08713,0.03911,0.3359,0.4091,1.009,0.6322,NMC532,25,1,0.06196,1
0.02324,0.08009,0.1692,0.8753,1.374,0.6318,NMC523,25,1,0.05614,1
0.05248,0.09552,0.4428,0.1048,0.3301,0.1023,NMC622,25,1,0.03805,1
0.02337,0.08405,0.4377,0.3469,0.5627,0.1918,NMC523,25,1,0.2341,1
0.1283,0.08804,0.2052,0.03006,0.2632,0.03117,NMC811,25,1,0.04359,1
0.04963,0.09611,0.06896,0.1316,0.1261,0.1272,NMC111,25,1,0.211,1
0.04321,0.006686,0.03217,0.2155,1.624,0.1857,NMC811,25,1,0.1698,1
0.02713,0.003583,0.1863,0.6056,1.541,0.896,NMC532,25,1,1.337,1
0.2082,0.09974,0.4014,0.16,0.4376,0.2745,NMC532,25,1,0.1728,1
0.1647,0.03014,0.1168,0.01691,0.02741,0.01169,NMC523,25,1,0.03433,1
0.03017,0.1051,0.2486,0.09827,0.8724,0.1104,NMC811,25,1,0.09529,1
0.1233,0.03825,0.2032,0.0227,0.0224,0.02009,NMC111,25,1,0.8388,1
0.01599,0.09547,0.1661,0.09207,0.1491,0.05829,NMC523,25,1,0.251,1
0.1745,0.05244,0.4457,0.9549,0.9289,0.9879,NMC111,25,1,0.03369,1
0.1139,0.06823,0.09027,0.3275,0.8334,0.459,NMC532,25,1,0.4585,1
0.13,0.08517,0.232,0.09519,0.7188,0.09223,NMC811,25,1,1.332,1
0.03484,0.01399,0.1696,0.06834,0.1192,0.04378,NMC523,25,1,0.0579,1
0.08425,0.1077,0.3577,0.2386,0.6093,0.3922,NMC532,25,1,0.09289,1
0.1931,0.06021,0.3532,0.5532,1.665,0.5651,NMC622,25,1,0.09069,1
0.06494,0.01194,0.1601,0.1588,0.1613,0.1722,NMC111,25,1,0.2076,1
0.2055,0.02798,0.3487,0.6378,0.6349,0.6356,NMC111,25,1,1.412,1
0.1854,0.1039,0.1113,0.07863,0.6818,0.08623,NMC811,25,1,0.1313,1
0.09695,0.08552,0.3084,0.03673,0.09907,0.05589,NMC532,25,1,0.1091,1
0.04594,0.01482,0.3348,0.9093,0.8979,0.8525,NMC111,25,1,0.02272,1
0.1447,0.09749,0.04797,0.8646,0.9124,0.8127,NMC111,25,1,0.02838,1
0.1195,0.0769,0.1957,0.2962,2.283,0.2899,NMC811,25,1,1.306,1
0.009477,0.01879,0.3524,0.3353,0.6076,0.2187,NMC523,25,1,0.1142,1
0.01615,0.08153,0.4408,0.1151,0.1246,0.124,NMC111,25,1,0.6551,1
0.2164,0.101,0.2595,0.6604,1.248,0.4761,NMC523,25,1,0.07745,1
0.1157,0.03813,0.3749,0.07232,0.5783,0.07373,NMC811,25,1,0.9426,1
0.01421,0.08861,0.1592,0.04618,0.3919,0.04665,NMC811,25,1,0.06546,1
0.1392,0.09482,0.3768,0.148,1.278,0.1588,NMC811,25,1,1.449,1
0.1584,0.007062,0.4117,0.01949,0.174,0.02361,NMC811,25,1,0.3392,1
0.01915,0.0863,0.1267,0.06228,0.5737,0.06478,NMC811,25,1,0.04763,1
0.08137,0.09927,0.05025,0.07367,0.1438,0.05873,NMC523,25,1,0.4617,1
0.1151,0.0653,0.2663,0.3078,0.7723,0.3964,NMC532,25,1,0.1033,1
0.2026,0.05587,0.3635,0.1675,0.5106,0.1637,NMC622,25,1,0.3457,1
0.05351,0.03498,0.317,0.6466,0.7784,0.6776,NMC111,25,1,0.6285,1
0.2067,0.09034,0.2777,0.09403,0.09446,0.1039,NMC111,25,1,0.03018,1
0.1295,0.07976,0.1747,0.1393,1.174,0.134,NMC811,25,1,0.06168,1
0.1563,0.08372,0.02523,0.03531,0.09415,0.04916,NMC532,25,1,0.02166,1
0.07064,0.08728,0.2034,0.03202,0.1051,0.03459,NMC622,25,1,0.8195,1
0.02829,0.1092,0.3196,0.2259,0.5006,0.3039,NMC532,25,1,0.09945,1
0.1686,0.06305,0.366,0.4316,1.184,0.4222,NMC622,25,1,0.214,1
0.08859,0.0518,0.01349,0.3411,0.8466,0.526,NMC532,25,1,0.1199,1
0.1229,0.08852,0.3027,0.04328,0.3261,0.04064,NMC811,25,1,1.362,1
0.03968,0.03805,0.3894,0.6432,1.1,0.4587,NMC523,25,1,0.03273,1
0.1726,0.1062,0.3216,0.2159,0.462,0.3155,NMC532,25,1,0.03068,1
0.02,0.05058,0.06416,0.1439,0.2456,0.0954,NMC523,25,1,0.04864,1
0.1091,0.08922,0.09091,0.8506,1.582,0.5457,NMC523,25,1,0.9796,1
0.1393,0.006679,0.3986,0.6011,1.48,0.9171,NMC532,25,1,0.02066,1
0.04231,0.1054,0.1948,0.4555,0.8098,0.3098,NMC523,25,1,0.5427,1
0.0388,0.04743,0.08452,0.09671,0.2241,0.1408,NMC532,25,1,0.5404,1
0.1663,0.03996,0.2051,0.6062,0.9651,0.3752,NMC523,25,1,0.2607,1
0.1021,0.03593,0.1704,0.2727,1.947,0.2843,NMC811,25,1,0.05241,1
0.05632,0.04833,0.1965,0.2051,1.676,0.2116,NMC811,25,1,0.1419,1
0.2229,0.09238,0.3848,0.1178,0.2905,0.1655,NMC532,25,1,0.05199,1
0.01017,0.05348,0.1824,0.4032,0.9211,0.5354,NMC532,25,1,1.106,1
0.03658,0.006017,0.3695,0.4792,1.352,0.4933,NMC622,25,1,0.598,1
0.02207,0.08855,0.2033,0.2222,1.995,0.2476,NMC811,25,1,0.4088,1
0.1357,0.04843,0.01925,0.4328,0.731,0.2837,NMC523,25,1,0.02037,1
0.1768,0.09974,0.0916,0.1485,0.2669,0.1055,NMC523,25,1,0.1016,1
0.1354,0.01799,0.0108,0.3176,0.8925,0.297,NMC622,25,1,0.08825,1
0.2217,0.0921,0.4272,0.6418,1.203,0.4204,NMC523,25,1,0.2286,1
0.1128,0.01367,0.09863,0.1383,0.3956,0.1325,NMC622,25,1,0.2894,1
0.2081,0.06878,0.1384,0.7607,0.8938,0.765,NMC111,25,1,0.8607,1
0.1427,0.0818,0.09755,0.3562,0.5956,0.261,NMC523,25,1,1.244,1
0.1123,0.007256,0.4562,0.7881,0.9008,0.8243,NMC111,25,1,0.03727,1
0.14,0.05233,0.04742,0.4573,0.8102,0.3074,NMC523,25,1,0.5536,1
0.07971,0.04456,0.3068,0.2617,0.2509,0.2224,NMC111,25,1,0.02481,1
0.1861,0.03819,0.04309,0.1119,0.2712,0.1559,NMC532,25,1,1.074,1
0.1496,0.06511,0.05829,0.473,1.047,0.7163,NMC532,25,1,0.1657,1
0.06322,0.05961,0.08344,0.007434,0.06063,0.007916,NMC811,25,1,0.8139,1
0.2275,0.009163,0.1724,0.75,0.6933,0.7157,NMC111,25,1,0.3377,1
0.06881,0.0885,0.2775,1.015,0.9642,1.096,NMC111,25,1,0.8562,1
0.09588,0.0213,0.1258,0.5124,1.216,0.7558,NMC532,25,1,0.06278,1
0.1984,0.07042,0.3727,0.9562,0.9122,0.9515,NMC111,25,1,0.07161,1
0.14,0.01509,0.148,0.0474,0.1585,0.04853,NMC622,25,1,0.7557,1
0.1191,0.1058,0.3714,0.453,0.7476,0.3307,NMC523,25,1,0.04951,1
0.05972,0.0572,0.2659,0.3196,0.7985,0.4706,NMC532,25,1,0.1795,1
0.08244,0.08344,0.2388,0.08057,0.6912,0.08369,NMC811,25,1,1.066,1
0.07927,0.09048,0.3028,0.9199,1.523,0.5862,NMC523,25,1,0.05024,1
0.1989,0.05459,0.08361,0.788,0.723,0.7287,NMC111,25,1,1.05,1
0.02492,0.002682,0.0243,0.1653,1.264,0.1559,NMC811,25,1,0.4931,1
0.0388,0.07402,0.1315,0.1283,1.027,0.1352,NMC811,25,1,0.4197,1
0.04125,0.09068,0.01558,0.2158,0.2332,0.2208,NMC111,25,1,0.9339,1
0.1307,0.02929,0.2276,0.009915,0.03042,0.01037,NMC622,25,1,0.0846,1
0.1904,0.04724,0.05699,0.1065,0.3407,0.1161,NMC622,25,1,0.04803,1
0.1305,0.02964,0.4457,0.2854,0.9776,0.3091,NMC622,25,1,1.354,1
0.1373,0.07503,0.2624,0.6438,0.9742,0.3871,NMC523,25,1,0.3354,1
0.02154,0.03444,0.2516,0.2929,2.349,0.2797,NMC811,25,1,0.07264,1
0.1613,0.07616,0.1184,0.3837,0.4306,0.3605,NMC111,25,1,0.02032,1
0.05799,0.05601,0.1973,0.6459,1.224,0.4747,NMC523,25,1,0.02819,1
0.2085,0.09389,0.1021,0.4275,0.7399,0.301,NMC523,25,1,0.03694,1
0.2109,0.1052,0.1676,0.8093,0.7558,0.8255,NMC111,25,1,0.3178,1
0.06867,0.07744,0.3559,1.038,1.022,0.9895,NMC111,25,1,0.4912,1
0.06653,0.02332,0.2433,0.6214,1.476,0.8833,NMC532,25,1,0.04921,1
0.1443,0.01822,0.1341,0.3441,1.168,0.3956,NMC622,25,1,0.03206,1
0.2004,0.09324,0.3655,0.4995,1.537,0.4942,NMC622,25,1,0.2795,1
0.1029,0.03032,0.04515,0.1947,0.6449,0.1974,NMC622,25,1,0.08306,1
0.01036,0.103,0.04697,0.06016,0.4726,0.06022,NMC811,25,1,0.03525,1
0.1145,0.08353,0.1328,0.5302,1.267,0.7668,NMC532,25,1,0.06749,1
0.0384,0.0618,0.385,0.2711,0.4493,0.1733,NMC523,25,1,0.05034,1
0.2081,0.07469,0.1645,0.2007,0.4798,0.2746,NMC532,25,1,0.09685,1
0.04773,0.03328,0.3148,0.2488,0.7995,0.2789,NMC622,25,1,0.516,1
0.1766,0.02206,0.1976,0.09481,0.3004,0.0984,NMC622,25,1,0.06567,1
0.06482,0.05847,0.3869,0.2642,2.226,0.2766,NMC811,25,1,0.6259,1
0.1375,0.03491,0.3788,0.2139,0.6467,0.1985,NMC622,25,1,0.08029,1
0.2135,0.02129,0.3432,0.1962,0.1865,0.2115,NMC111,25,1,1.442,1
0.2223,0.1098,0.08441,0.2928,0.3147,0.2788,NMC111,25,1,0.04737,1
0.1515,0.02427,0.374,0.475,1.223,0.8196,NMC532,25,1,0.2751,1
0.1047,0.01791,0.1444,0.1158,0.9852,0.1248,NMC811,25,1,0.3141,1
0.1568,0.05074,0.02206,0.7431,0.7628,0.7378,NMC111,25,1,0.8925,1
0.06198,0.07372,0.2387,0.2199,1.694,0.2179,NMC811,25,1,0.0605,1
0.1561,0.00336,0.0439,0.1537,1.308,0.1593,NMC811,25,1,0.4799,1
0.107,0.08634,0.2636,0.1348,0.2194,0.08356,NMC523,25,1,0.9595,1
0.1153,0.02076,0.3632,0.04009,0.06645,0.02585,NMC523,25,1,0.3032,1
0.1357,0.0745,0.3636,0.5682,1.316,0.7994,NMC532,25,1,1.096,1
0.1791,0.05607,0.2659,0.2421,1.994,0.2604,NMC811,25,1,0.03079,1
0.1415,0.01509,0.2511,0.3694,0.9188,0.5024,NMC532,25,1,0.06527,1
0.1784,0.1039,0.07987,0.3652,0.9007,0.5562,NMC532,25,1,0.6537,1
0.04002,0.009713,0.219,0.1026,0.2964,0.1004,NMC622,25,1,0.1604,1
0.0581,0.0721,0.3249,0.04813,0.1263,0.07325,NMC532,25,1,0.2452,1
0.04441,0.01546,0.2939,0.5971,0.5632,0.6458,NMC111,25,1,0.02137,1
0.09241,0.05306,0.3744,0.2669,2.074,0.2581,NMC811,25,1,0.05736,1
0.1392,0.02224,0.1123,0.8659,0.814,0.7559,NMC111,25,1,0.02046,1
0.06725,0.05864,0.3327,0.1776,1.496,0.1791,NMC811,25,1,0.02457,1
0.07671,0.069,0.1074,0.3011,0.714,0.4627,NMC532,25,1,1.359,1
0.1019,0.005849,0.4539,0.02513,0.02359,0.0235,NMC111,25,1,0.06712,1
0.1143,0.02494,0.1589,0.05865,0.1077,0.0421,NMC523,25,1,0.0831,1
0.08784,0.01271,0.3918,0.491,1.473,0.5078,NMC622,25,1,0.0987,1
0.1594,0.005753,0.2883,0.05366,0.1732,0.05231,NMC622,25,1,0.4161,1
0.0788,0.05863,0.1631,0.04076,0.04374,0.04734,NMC111,25,1,0.206,1
0.1739,0.07245,0.1169,0.5216,1.535,0.4667,NMC622,25,1,0.08548,1
0.1189,0.1102,0.303,0.7018,0.6563,0.7081,NMC111,25,1,0.08341,1
0.05488,0.04961,0.2865,0.06151,0.06216,0.06412,NMC111,25,1,0.7815,1
0.17,0.04578,0.1039,0.3562,0.5806,0.2161,NMC523,25,1,0.2932,1
0.1591,0.07312,0.2448,0.4995,1.319,0.8414,NMC532,25,1,0.2496,1
0.1232,0.09987,0.2243,0.4073,0.9873,0.5717,NMC532,25,1,0.2916,1
0.205,0.04375,0.1938,0.2396,0.2335,0.2245,NMC111,25,1,0.02862,1
0.07269,0.09791,0.43,0.153,1.185,0.155,NMC811,25,1,0.3026,1
0.1403,0.1067,0.2254,0.2708,2.347,0.2714,NMC811,25,1,0.6934,1
0.08435,0.06715,0.08558,0.5031,1.641,0.537,NMC622,25,1,0.7853,1
0.04205,0.0233,0.3563,0.5127,0.866,0.3845,NMC523,25,1,0.05332,1
0.1391,0.1026,0.3251,0.3042,2.427,0.3004,NMC811,25,1,0.3604,1
0.209,0.1104,0.3896,0.6757,0.6708,0.6715,NMC111,25,1,0.07127,1
0.0479,0.08385,0.254,0.5089,0.8284,0.3277,NMC523,25,1,0.02381,1
0.09488,0.09646,0.4109,0.08174,0.6677,0.07907,NMC811,25,1,0.373,1
0.04375,0.0431,0.3581,0.2452,0.7356,0.2694,NMC622,25,1,0.1831,1
0.06136,0.04781,0.1075,0.295,0.7665,0.2747,NMC622,25,1,0.4061,1
0.02092,0.09712,0.3208,0.1626,0.5058,0.1627,NMC622,25,1,0.358,1
0.1348,0.1019,0.1444,0.04689,0.1401,0.0458,NMC622,25,1,0.06719,1
0.2006,0.008778,0.1016,0.1026,0.7609,0.1025,NMC811,25,1,0.1709,1
0.03913,0.01326,0.1851,0.05671,0.4682,0.06054,NMC811,25,1,1.068,1
0.2069,0.01542,0.04263,0.4596,0.7763,0.3167,NMC523,25,1,0.709,1
0.1063,0.03304,0.3427,0.3891,1.154,0.3781,NMC622,25,1,0.8216,1
0.03782,0.09715,0.3804,0.4819,1.186,0.6607,NMC532,25,1,0.05236,1
0.03793,0.08696,0.0102,0.1726,0.3011,0.1224,NMC523,25,1,0.5019,1
0.08935,0.1108,0.3898,0.3489,0.6208,0.2647,NMC523,25,1,0.09956,1
0.1365,0.03037,0.1695,0.2694,2.283,0.2848,NMC811,25,1,0.5579,1
0.07197,0.08697,0.1741,0.2276,0.3828,0.1384,NMC523,25,1,0.2068,1
0.2011,0.07357,0.07171,0.5739,0.8795,0.397,NMC523,25,1,0.05881,1
0.0659,0.002569,0.3753,0.3946,0.7179,0.278,NMC523,25,1,0.7008,1
0.1105,0.05062,0.1938,0.8902,0.8676,0.9136,NMC111,25,1,0.8619,1
0.009857,0.09217,0.131,0.5936,1.727,0.6014,NMC622,25,1,0.9999,1
0.2259,0.07439,0.3783,0.23,0.2292,0.2334,NMC111,25,1,0.3984,1
0.2237,0.06485,0.3329,0.1895,0.207,0.1891,NMC111,25,1,0.2196,1
0.1479,0.02997,0.03029,0.09981,0.6992,0.09624,NMC811,25,1,0.9647,1
0.06805,0.01257,0.4562,0.8026,1.45,0.5196,NMC523,25,1,0.02329,1
0.06051,0.0592,0.2682,0.3041,0.7988,0.4773,NMC532,25,1,1.369,1
0.1282,0.06844,0.2936,0.3456,0.5112,0.2108,NMC523,25,1,0.02027,1
0.09389,0.09244,0.4395,0.3639,0.9276,0.5847,NMC532,25,1,0.04075,1
0.1406,0.02798,0.2755,0.9742,0.9888,0.9616,NMC111,25,1,0.02011,1
0.01786,0.02871,0.4306,0.2608,0.4728,0.1738,NMC523,25,1,0.05739,1
0.1382,0.05806,0.121,0.4994,1.545,0.5381,NMC622,25,1,0.07681,1
0.06812,0.09255,0.0553,0.3109,0.7585,0.4548,NMC532,25,1,0.07,1
0.03069,0.03832,0.09573,0.9207,0.8915,0.9157,NMC111,25,1,0.306,1
0.1514,0.089,0.2637,0.4348,1.269,0.7431,NMC532,25,1,0.09488,1
0.1936,0.08501,0.1065,0.2667,2.011,0.2361,NMC811,25,1,0.04242,1
0.05877,0.01628,0.4351,0.6885,0.6687,0.6238,NMC111,25,1,0.09918,1
0.112,0.01003,0.1504,0.6303,0.6775,0.6467,NMC111,25,1,0.9617,1
0.1618,0.03254,0.1654,0.3839,1.14,0.3581,NMC622,25,1,0.2669,1
0.05374,0.02229,0.3629,0.6095,1.581,0.8991,NMC532,25,1,0.5259,1
0.1217,0.06805,0.1869,0.03785,0.09533,0.05588,NMC532,25,1,0.1669,1
0.2035,0.0133,0.2524,0.04021,0.3398,0.04666,NMC811,25,1,0.06909,1
0.2181,0.01507,0.3283,0.1727,0.3162,0.1222,NMC523,25,1,0.126,1
0.1279,0.03712,0.2192,0.6045,1.493,0.8809,NMC532,25,1,0.1505,1
0.03054,0.0864,0.3991,0.2387,0.3865,0.1445,NMC523,25,1,0.1183,1
0.1722,0.06703,0.1894,0.5597,0.6026,0.5098,NMC111,25,1,0.08517,1
0.19,0.04496,0.4285,0.5602,1.672,0.5632,NMC622,25,1,0.0728,1
0.1715,0.09166,0.1654,0.1279,0.4296,0.1399,NMC622,25,1,0.3882,1
0.1883,0.01513,0.07193,0.6223,1.426,0.8446,NMC532,25,1,0.03355,1
0.189,0.05073,0.4369,0.531,1.449,0.7695,NMC532,25,1,0.4884,1
0.2098,0.02883,0.2265,0.3872,1.13,0.3372,NMC622,25,1,0.05065,1
0.1302,0.08888,0.1398,0.1889,1.433,0.1728,NMC811,25,1,0.2342,1
0.01442,0.02652,0.2768,0.4506,1.103,0.6934,NMC532,25,1,0.2219,1
0.0485,0.0772,0.03435,0.2377,1.869,0.2295,NMC811,25,1,0.1668,1
0.2078,0.04912,0.3898,0.04972,0.3769,0.04519,NMC811,25,1,0.04107,1
0.05779,0.09297,0.1983,0.06568,0.5401,0.06861,NMC811,25,1,0.1704,1
0.05158,0.08535,0.2825,0.3766,1.103,0.3507,NMC622,25,1,0.5973,1
0.06277,0.005667,0.4225,0.2764,0.2699,0.276,NMC111,25,1,0.2519,1
0.02489,0.01069,0.4498,0.2698,2.15,0.2583,NMC811,25,1,0.3182,1
0.0977,0.02,0.1054,0.02489,0.07131,0.04155,NMC532,25,1,0.3516,1
0.1537,0.0748,0.1817,0.7677,0.8011,0.7446,NMC111,25,1,0.3075,1
0.07761,0.08117,0.3469,0.8872,0.8842,0.9243,NMC111,25,1,0.1926,1
0.0645,0.004354,0.3911,0.8086,1.404,0.5225,NMC523,25,1,0.351,1
0.2265,0.008144,0.2717,0.5404,1.538,0.5505,NMC622,25,1,1.073,1
0.1056,0.05743,0.01215,1.004,0.9834,0.9028,NMC111,25,1,0.1384,1
0.0981,0.04058,0.3731,0.03343,0.09787,0.03501,NMC622,25,1,0.3215,1
0.1006,0.0824,0.1697,0.5518,0.5486,0.4904,NMC111,25,1,0.4338,1
0.198,0.09579,0.2849,0.06628,0.06218,0.06519,NMC111,25,1,0.02925,1
0.07866,0.07536,0.07673,0.8159,1.311,0.4888,NMC523,25,1,1.427,1
0.01299,0.03643,0.1203,0.5621,1.764,0.576,NMC622,25,1,0.2712,1
0.1983,0.006116,0.1381,0.4116,1.025,0.5775,NMC532,25,1,0.03551,1
0.03147,0.04176,0.07983,0.1919,0.1844,0.1767,NMC111,25,1,0.975,1
0.05585,0.1092,0.4507,0.1451,0.2431,0.08686,NMC523,25,1,0.06926,1
0.1546,0.1062,0.2989,0.09151,0.2372,0.1511,NMC532,25,1,0.6966,1
0.1052,0.02902,0.3232,0.2922,2.233,0.3069,NMC811,25,1,0.02532,1
0.08231,0.01196,0.2954,0.2677,0.7013,0.4105,NMC532,25,1,0.9406,1
0.1349,0.03055,0.198,0.5197,0.563,0.5898,NMC111,25,1,0.02871,1
0.07935,0.1086,0.2701,0.1857,0.3343,0.145,NMC523,25,1,1.029,1
0.09784,0.06124,0.391,0.5061,1.672,0.5408,NMC622,25,1,0.02391,1
0.06107,0.07529,0.4539,0.3499,0.584,0.2228,NMC523,25,1,1.404,1
0.005482,0.0922,0.1242,0.3349,0.3165,0.3179,NMC111,25,1,0.1097,1
0.1611,0.07434,0.02136,0.5385,1.599,0.5332,NMC622,25,1,0.1849,1
0.2084,0.0692,0.341,0.02075,0.1663,0.02086,NMC811,25,1,1.159,1
0.0464,0.004376,0.1541,0.3793,1.079,0.379,NMC622,25,1,0.09423,1
0.03149,0.002964,0.1905,0.2568,0.4053,0.1609,NMC523,25,1,0.4507,1
0.1523,0.02757,0.3218,0.439,0.8697,0.3194,NMC523,25,1,0.9305,1
0.02557,0.04743,0.4043,0.2289,2.028,0.2455,NMC811,25,1,0.0636,1
0.02343,0.02533,0.4075,0.373,0.6131,0.2402,NMC523,25,1,1.228,1
0.1845,0.0313,0.3594,0.4475,1.179,0.687,NMC532,25,1,0.5283,1
0.05694,0.009711,0.01962,0.2106,1.738,0.2187,NMC811,25,1,0.05061,1
0.04981,0.06588,0.1515,0.6561,1.031,0.4131,NMC523,25,1,0.02482,1
0.223,0.005809,0.3389,0.2099,0.2008,0.2133,NMC111,25,1,0.4704,1
0.008042,0.05216,0.2373,0.7175,0.7354,0.835,NMC111,25,1,0.4518,1
0.1177,0.08436,0.06446,0.2164,0.2321,0.2132,NMC111,25,1,0.1363,1
0.03047,0.07609,0.02819,0.3202,2.231,0.3002,NMC811,25,1,0.2938,1
0.1164,0.02194,0.0844,0.1356,1.015,0.1404,NMC811,25,1,0.07626,1
0.07249,0.08558,0.138,0.2379,0.7114,0.2454,NMC622,25,1,0.02514,1
0.04578,0.01729,0.3951,0.6619,0.6231,0.6411,NMC111,25,1,0.07357,1
0.1655,0.03894,0.07281,0.3309,0.3226,0.3556,NMC111,25,1,0.02781,1
0.2228,0.07298,0.1658,0.9306,1.442,0.6832,NMC523,25,1,1.051,1
0.1045,0.1026,0.1783,0.4052,1.125,0.6155,NMC532,25,1,0.1507,1
0.2237,0.004668,0.2847,0.09539,0.8228,0.101,NMC811,25,1,0.02288,1
0.1944,0.05985,0.4526,0.298,0.3147,0.2928,NMC111,25,1,0.07727,1
0.1428,0.07689,0.01284,0.1668,1.269,0.1533,NMC811,25,1,0.02269,1
0.2268,0.1079,0.2075,0.1607,0.3572,0.2432,NMC532,25,1,0.3226,1
0.1607,0.0444,0.442,0.207,0.3085,0.1256,NMC523,25,1,0.0302,1
0.1287,0.02391,0.1137,0.5396,0.8496,0.3625,NMC523,25,1,0.02108,1
0.2191,0.1012,0.2889,0.8157,1.487,0.5705,NMC523,25,1,0.8369,1
0.08741,0.03663,0.2287,0.1955,0.7063,0.2326,NMC622,25,1,0.403,1
0.1341,0.03062,0.05765,0.1277,0.2008,0.08205,NMC523,25,1,0.02632,1
0.09856,0.07665,0.1412,0.2176,0.5378,0.3317,NMC532,25,1,0.02743,1
0.1847,0.08404,0.06458,0.2627,0.8768,0.2499,NMC622,25,1,0.2318,1
0.01285,0.09988,0.3212,0.8602,0.9302,0.8751,NMC111,25,1,0.03728,1
0.07185,0.08949,0.08278,0.205,0.3349,0.1482,NMC523,25,1,0.9347,1
0.1766,0.0724,0.2853,0.1876,1.519,0.1779,NMC811,25,1,0.2622,1
0.1216,0.08334,0.1595,0.2394,2.056,0.2231,NMC811,25,1,0.789,1
0.09065,0.07142,0.2004,0.5965,1.751,0.5265,NMC622,25,1,0.2001,1
0.05419,0.1004,0.1204,0.6616,1.449,0.8949,NMC532,25,1,0.2492,1
0.02551,0.07369,0.2135,0.5144,1.266,0.6927,NMC532,25,1,0.02108,1
0.08089,0.03612,0.1634,0.2732,0.7929,0.2638,NMC622,25,1,0.2566,1
0.1589,0.04599,0.4324,0.5431,1.557,0.5306,NMC622,25,1,0.06402,1
0.02695,0.09029,0.1392,0.2391,0.524,0.3329,NMC532,25,1,0.1037,1
0.09913,0.1103,0.05409,0.4493,0.5052,0.467,NMC111,25,1,0.5008,1
0.01655,0.08045,0.08776,0.2008,0.5503,0.3275,NMC532,25,1,0.3539,1
0.1023,0.01124,0.02946,0.005324,0.04314,0.005317,NMC811,25,1,0.152,1
0.2169,0.02233,0.2764,0.2625,0.6249,0.3828,NMC532,25,1,0.2268,1
0.0854,0.08199,0.1691,0.14,0.1263,0.1324,NMC111,25,1,0.1077,1
0.08007,0.04366,0.3037,0.2436,0.8192,0.2712,NMC622,25,1,0.09012,1
0.1372,0.06279,0.1551,0.8224,0.7704,0.7662,NMC111,25,1,0.3864,1
0.07792,0.03627,0.2171,0.556,1.419,0.83,NMC532,25,1,0.02081,1
0.1621,0.1035,0.2245,0.4794,1.604,0.5494,NMC622,25,1,0.1504,1
0.1794,0.09566,0.1184,0.02735,0.04821,0.02037,NMC523,25,1,0.2875,1
0.1382,0.1071,0.4569,0.5061,1.509,0.4586,NMC622,25,1,0.6676,1
0.0571,0.08565,0.3501,0.07168,0.5597,0.07084,NMC811,25,1,0.06882,1
0.0762,0.1063,0.04666,0.3657,0.3653,0.3638,NMC111,25,1,0.1578,1
0.1216,0.005329,0.3821,0.1445,0.354,0.2113,NMC532,25,1,0.06478,1
0.08173,0.01083,0.1852,0.3355,1.124,0.3499,NMC622,25,1,0.194,1
0.1484,0.05503,0.3138,0.4247,1.055,0.6866,NMC532,25,1,0.1571,1
0.05024,0.05871,0.4477,0.5356,1.562,0.5389,NMC622,25,1,0.03816,1
0.08029,0.08483,0.4329,0.7619,1.142,0.461,NMC523,25,1,0.3482,1
0.1306,0.08739,0.2641,0.1762,1.346,0.1698,NMC811,25,1,0.03384,1
0.1725,0.0857,0.02694,0.2555,1.941,0.2454,NMC811,25,1,0.6001,1
0.1151,0.06843,0.3356,0.0955,0.7188,0.09828,NMC811,25,1,0.2093,1
0.06786,0.04432,0.1785,0.2461,0.8114,0.2279,NMC622,25,1,0.3297,1
0.09995,0.08997,0.08433,0.2953,2.238,0.2902,NMC811,25,1,0.1369,1
0.08209,0.02196,0.4006,0.3451,0.8588,0.5116,NMC532,25,1,0.1117,1
0.01773,0.01184,0.2199,0.09566,0.8211,0.09824,NMC811,25,1,0.2028,1
0.1973,0.04999,0.1025,0.6565,1.236,0.4508,NMC523,25,1,0.05764,1
0.222,0.07155,0.394,0.4797,0.9976,0.6334,NMC532,25,1,0.02517,1
0.1106,0.1087,0.3093,0.4278,1.106,0.6921,NMC532,25,1,0.662,1
0.09083,0.05707,0.2206,0.07981,0.1956,0.1115,NMC532,25,1,0.05014,1
0.2202,0.04235,0.01657,0.375,0.6428,0.2546,NMC523,25,1,0.5907,1
0.1164,0.09225,0.3298,0.5268,1.625,0.5622,NMC622,25,1,0.5121,1
0.04874,0.0152,0.3969,0.282,2.214,0.2824,NMC811,25,1,0.5817,1
0.2206,0.07846,0.3521,0.4426,1.096,0.6519,NMC532,25,1,0.2514,1
0.157,0.06578,0.1614,0.5818,1.295,0.9617,NMC532,25,1,0.1373,1
0.191,0.04948,0.2198,0.4585,1.308,0.6714,NMC532,25,1,0.2383,1
0.1919,0.107,0.2079,0.2305,0.7444,0.2661,NMC622,25,1,1.194,1
0.06208,0.02042,0.09407,0.4966,1.537,0.4904,NMC622,25,1,0.1922,1
0.2129,0.02944,0.3151,0.3255,0.7402,0.5017,NMC532,25,1,0.1053,1
0.03135,0.0144,0.4575,0.1307,0.1334,0.1237,NMC111,25,1,0.8774,1
0.1265,0.01825,0.1491,0.3701,0.9973,0.3667,NMC622,25,1,0.02759,1
0.0281,0.07638,0.3205,0.1569,0.3915,0.2485,NMC532,25,1,0.3203,1
0.1695,0.0627,0.1325,0.4049,0.3791,0.4433,NMC111,25,1,0.04481,1
0.1239,0.02844,0.2189,0.2567,0.2583,0.2579,NMC111,25,1,0.5781,1
0.1021,0.03035,0.2941,0.021,0.1991,0.022,NMC811,25,1,0.3724,1
0.1389,0.05049,0.3431,0.3733,0.9191,0.5821,NMC532,25,1,0.7915,1
0.07364,0.06978,0.06301,0.9412,1.096,0.941,NMC111,25,1,0.0546,1
0.1718,0.00968,0.4521,0.1765,1.438,0.1817,NMC811,25,1,0.6853,1
0.08217,0.08934,0.414,0.2159,0.5538,0.3229,NMC532,25,1,1.066,1
0.1544,0.1016,0.39,0.3006,2.256,0.3186,NMC811,25,1,0.9742,1
0.214,0.03716,0.09268,0.577,1.586,0.9221,NMC532,25,1,0.4857,1
0.08443,0.02673,0.01117,0.1284,1.108,0.1402,NMC811,25,1,0.2088,1
0.1439,0.05822,0.3265,0.1199,0.3779,0.1246,NMC622,25,1,0.03659,1
0.222,0.1091,0.1273,0.5981,1.587,0.8712,NMC532,25,1,0.0378,1
0.1656,0.05016,0.1257,0.1203,0.9035,0.1173,NMC811,25,1,0.09787,1
0.06683,0.04453,0.2738,0.4666,0.4289,0.4532,NMC111,25,1,0.929,1
0.1352,0.07608,0.3226,0.4178,1.421,0.4513,NMC622,25,1,0.05899,1
0.04627,0.03108,0.4444,0.5936,1.104,0.4131,NMC523,25,1,0.06378,1
0.1545,0.05328,0.09163,0.287,0.7543,0.478,NMC532,25,1,0.5158,1
0.006589,0.02452,0.173,0.05064,0.3727,0.04435,NMC811,25,1,0.7039,1
0.08728,0.06926,0.3899,0.3594,0.9973,0.392,NMC622,25,1,0.3986,1
0.07762,0.07344,0.3063,0.6576,1.19,0.4783,NMC523,25,1,0.07539,1
0.1015,0.05844,0.3526,0.1522,0.4002,0.1597,NMC622,25,1,0.09165,1
0.01895,0.03994,0.1972,0.2209,1.631,0.2091,NMC811,25,1,0.3012,1
0.01663,0.04982,0.3864,0.1794,0.4626,0.2922,NMC532,25,1,1.344,1
0.1423,0.04524,0.1922,0.1266,0.2202,0.07923,NMC523,25,1,0.04386,1
0.1089,0.07338,0.3209,0.8815,1.401,0.6103,NMC523,25,1,1.215,1
0.1055,0.04104,0.1293,0.3236,1.005,0.327,NMC622,25,1,0.5836,1
0.06074,0.07894,0.1515,0.3663,0.8617,0.4942,NMC532,25,1,0.5696,1
0.1096,0.07849,0.2777,0.3735,0.6134,0.247,NMC523,25,1,0.0505,1
0.01301,0.05732,0.3662,0.1379,1.083,0.1288,NMC811,25,1,0.08117,1
0.02236,0.06647,0.4495,0.6662,1.113,0.4379,NMC523,25,1,0.1133,1
0.01196,0.1049,0.2188,0.8575,1.544,0.5821,NMC523,25,1,0.07022,1
0.1647,0.01886,0.1004,0.8638,0.8814,0.8116,NMC111,25,1,0.06357,1
0.08204,0.01374,0.2047,0.1808,0.418,0.2631,NMC532,25,1,0.04117,1
0.2183,0.01085,0.2879,0.9016,0.8794,0.9366,NMC111,25,1,0.1243,1
0.0307,0.02076,0.3652,0.228,0.6708,0.2207,NMC622,25,1,1.037,1
0.1476,0.04055,0.2913,0.8734,0.8801,0.8703,NMC111,25,1,0.07761,1
0.2017,0.04991,0.4341,0.1126,0.3344,0.1131,NMC622,25,1,0.06047,1
0.1959,0.07644,0.1432,0.1818,0.5469,0.1791,NMC622,25,1,0.4394,1
0.1068,0.07359,0.2373,0.07699,0.623,0.07709,NMC811,25,1,0.7515,1
0.1822,0.03889,0.01473,0.1262,0.3835,0.1396,NMC622,25,1,0.0272,1
0.1919,0.01999,0.2269,0.2965,2.262,0.2825,NMC811,25,1,0.07051,1
0.05471,0.09004,0.2557,0.1138,0.2968,0.1059,NMC622,25,1,0.02265,1
0.1714,0.0952,0.1277,0.9295,0.9009,0.8688,NMC111,25,1,0.1112,1
0.168,0.05611,0.4375,0.9154,1.278,0.6144,NMC523,25,1,0.1503,1
0.1074,0.05189,0.3347,0.2146,0.6474,0.1954,NMC622,25,1,0.5607,1
0.1623,0.04275,0.3113,0.3891,1.134,0.3841,NMC622,25,1,0.03426,1
0.04353,0.07385,0.2045,0.3515,1.024,0.361,NMC622,25,1,0.7569,1
0.1654,0.04235,0.02136,0.2358,0.6289,0.3859,NMC532,25,1,0.5575,1
0.2212,0.07267,0.2477,0.3788,1.157,0.3686,NMC622,25,1,0.1127,1
0.1261,0.04202,0.2483,0.4542,1.361,0.4873,NMC622,25,1,0.04444,1
0.1472,0.07029,0.05358,0.7937,0.8933,0.819,NMC111,25,1,0.1468,1
0.04583,0.05942,0.09042,0.6188,0.9188,0.3232,NMC523,25,1,0.1117,1
0.07172,0.02944,0.164,0.6627,1.033,0.4594,NMC523,25,1,0.1535,1
0.08593,0.0886,0.3917,0.888,0.9148,0.7954,NMC111,25,1,0.09773,1
0.01362,0.08372,0.07082,0.2075,1.666,0.2004,NMC811,25,1,0.07673,1
0.1241,0.02706,0.08799,0.8029,1.471,0.5422,NMC523,25,1,0.2146,1
0.05953,0.04035,0.1578,0.3483,0.3308,0.3229,NMC111,25,1,0.6034,1
0.08635,0.07397,0.2689,0.2373,0.6732,0.3678,NMC532,25,1,0.0263,1
0.09038,0.0799,0.2075,0.261,0.6652,0.3768,NMC532,25,1,0.2046,1
0.127,0.1109,0.09323,0.1184,0.3725,0.1317,NMC622,25,1,0.03754,1
0.1305,0.05862,0.07062,0.9598,0.8832,1.001,NMC111,25,1,0.06631,1
0.1376,0.09855,0.4043,0.321,0.5341,0.2064,NMC523,25,1,0.6706,1
0.1486,0.009105,0.3254,0.0326,0.2866,0.03655,NMC811,25,1,0.1458,1
0.1737,0.02799,0.1726,0.4117,1.162,0.3959,NMC622,25,1,0.5754,1
0.2235,0.02555,0.4557,0.05111,0.05122,0.05098,NMC111,25,1,0.1607,1
0.01623,0.05798,0.2576,0.4416,1.15,0.677,NMC532,25,1,0.1937,1
0.1052,0.02188,0.3244,0.2686,0.796,0.2475,NMC622,25,1,0.2387,1
0.1437,0.1087,0.255,0.546,0.8509,0.3504,NMC523,25,1,0.3573,1
0.1872,0.0871,0.1742,0.4587,1.246,0.6905,NMC532,25,1,1.029,1
0.1101,0.01487,0.1977,0.4556,1.023,0.6983,NMC532,25,1,1.438,1
0.03623,0.01737,0.1944,0.3021,2.436,0.3374,NMC811,25,1,0.7165,1
0.0807,0.02549,0.3759,0.8133,1.329,0.5368,NMC523,25,1,0.6838,1
0.2164,0.01814,0.3541,0.4672,0.8421,0.3428,NMC523,25,1,0.02597,1
0.05279,0.05591,0.4377,0.4931,1.246,0.9266,NMC532,25,1,0.1377,1
0.03601,0.03452,0.03812,0.7417,1.27,0.5175,NMC523,25,1,0.02999,1
0.2196,0.06687,0.2858,0.5938,1.515,0.92,NMC532,25,1,0.2136,1
0.1176,0.1027,0.2673,0.565,0.9986,0.3634,NMC523,25,1,0.7232,1
0.08338,0.04666,0.2092,0.07304,0.07196,0.07512,NMC111,25,1,0.3837,1
0.1836,0.1079,0.01931,0.1075,0.1212,0.132,NMC111,25,1,0.04163,1
0.2111,0.04978,0.1139,0.496,1.313,0.6908,NMC532,25,1,0.1041,1
0.1114,0.02966,0.1477,0.8735,0.9495,1.037,NMC111,25,1,0.1159,1
0.2018,0.07294,0.1319,0.2095,0.681,0.2133,NMC622,25,1,0.3387,1
0.006779,0.0725,0.3783,0.04315,0.1305,0.04082,NMC622,25,1,1.302,1
0.05486,0.02369,0.08961,0.07382,0.2205,0.07783,NMC622,25,1,0.03477,1
0.1206,0.06241,0.2309,0.3445,0.9096,0.5123,NMC532,25,1,0.07643,1
0.03265,0.111,0.1254,0.2451,0.2578,0.2716,NMC111,25,1,0.07511,1
0.02077,0.04865,0.2133,0.0771,0.6431,0.08141,NMC811,25,1,0.9285,1
0.09511,0.03971,0.366,0.2294,0.4881,0.318,NMC532,25,1,0.2421,1
0.01918,0.104,0.1778,0.3151,0.8227,0.4879,NMC532,25,1,0.4383,1
0.1058,0.03931,0.2649,0.2582,0.7345,0.2385,NMC622,25,1,0.6214,1
0.1925,0.03843,0.1893,0.1601,1.226,0.154,NMC811,25,1,0.2035,1
0.06558,0.02162,0.2414,0.1042,0.1849,0.0674,NMC523,25,1,0.08728,1
0.1173,0.01501,0.3231,0.5668,1.648,0.5137,NMC622,25,1,0.09036,1
0.1309,0.05462,0.3036,0.08381,0.08676,0.08167,NMC111,25,1,0.02783,1
0.1367,0.1111,0.3436,0.2227,0.3468,0.1535,NMC523,25,1,0.05914,1
0.08478,0.0709,0.1633,0.1913,1.648,0.1915,NMC811,25,1,0.4257,1
0.07284,0.002559,0.04216,0.05426,0.1446,0.05399,NMC622,25,1,0.08737,1
0.1853,0.0432,0.4566,0.06624,0.5063,0.06207,NMC811,25,1,0.0562,1
0.1786,0.03926,0.02468,0.5269,0.8888,0.3735,NMC523,25,1,0.2947,1
0.2164,0.09358,0.1982,0.2648,0.4417,0.1791,NMC523,25,1,0.907,1
0.06902,0.07527,0.253,0.1867,0.1856,0.1795,NMC111,25,1,0.4764,1
0.1142,0.05072,0.3379,0.1608,0.3785,0.2279,NMC532,25,1,0.212,1
0.01904,0.08885,0.365,0.23,0.4186,0.1625,NMC523,25,1,0.08146,1
0.1501,0.03816,0.2944,0.3548,1.082,0.3854,NMC622,25,1,0.5956,1
0.08192,0.008702,0.3925,0.4634,0.4588,0.4788,NMC111,25,1,1.015,1
0.09986,0.0699,0.4557,0.4691,1.205,0.7738,NMC532,25,1,0.3774,1
0.1093,0.02477,0.4116,0.1877,1.356,0.1746,NMC811,25,1,0.3896,1
0.1098,0.02325,0.06813,0.6273,1.443,0.9404,NMC532,25,1,0.2916,1
0.2112,0.06034,0.01354,0.2983,0.7189,0.4577,NMC532,25,1,0.4694,1
0.1331,0.05641,0.1108,0.4392,0.41,0.4429,NMC111,25,1,0.1682,1
0.02993,0.03961,0.009723,0.3561,1.009,0.3315,NMC622,25,1,1.228,1
0.2197,0.04421,0.4351,0.2806,0.7116,0.4432,NMC532,25,1,0.07039,1
0.2225,0.0451,0.4346,0.7393,1.029,0.4928,NMC523,25,1,0.4604,1
0.139,0.05291,0.09282,0.1626,0.4922,0.1623,NMC622,25,1,1.485,1
0.1163,0.03106,0.009322,0.115,0.3545,0.1106,NMC622,25,1,0.1029,1
0.1998,0.04997,0.1296,0.09847,0.1629,0.06698,NMC523,25,1,0.1446,1
0.02669,0.0234,0.3443,0.8935,0.8175,0.8375,NMC111,25,1,0.4239,1
0.1233,0.05706,0.2133,0.5629,0.9576,0.3888,NMC523,25,1,0.03619,1
0.1498,0.05899,0.3749,0.6158,0.5869,0.6622,NMC111,25,1,0.03662,1
0.02681,0.08176,0.1843,0.719,0.8747,0.8291,NMC111,25,1,0.04742,1
0.1171,0.0609,0.07304,0.4235,1.257,0.3944,NMC622,25,1,0.7863,1
0.1818,0.08528,0.2243,0.957,1.437,0.6295,NMC523,25,1,0.05361,1
0.2166,0.02318,0.3036,0.2363,0.4245,0.1701,NMC523,25,1,1.266,1
0.2101,0.03161,0.1828,0.7788,0.7836,0.7743,NMC111,25,1,0.0681,1
0.1802,0.06048,0.09148,0.3151,2.48,0.2616,NMC811,25,1,0.3939,1
0.1368,0.005293,0.38,0.06319,0.1677,0.09659,NMC532,25,1,0.676,1
0.01292,0.1018,0.4483,0.9153,0.9738,0.9216,NMC111,25,1,0.1344,1
0.05681,0.03855,0.4207,0.5623,0.5789,0.5363,NMC111,25,1,0.03745,1
0.1687,0.01863,0.05662,0.2765,0.6261,0.3625,NMC532,25,1,0.5145,1
0.227,0.1097,0.1042,0.6236,1.651,0.6224,NMC622,25,1,0.5693,1
0.06201,0.06185,0.2886,0.4779,1.133,0.6815,NMC532,25,1,0.3106,1
0.1629,0.05463,0.2735,0.1369,0.2144,0.09015,NMC523,25,1,0.02445,1
0.1631,0.006373,0.4288,0.4287,0.4529,0.4302,NMC111,25,1,0.02022,1
0.05325,0.005785,0.256,0.567,1.718,0.5056,NMC622,25,1,1.489,1
0.2054,0.01651,0.09878,0.3339,0.819,0.5009,NMC532,25,1,0.02476,1
0.04338,0.08579,0.2393,0.3458,0.8166,0.477,NMC532,25,1,0.09516,1
0.1956,0.02858,0.2807,0.03398,0.03644,0.03355,NMC111,25,1,0.07648,1
0.2002,0.03373,0.2963,0.01136,0.09818,0.01243,NMC811,25,1,0.1118,1
0.1462,0.1035,0.2137,0.2679,2.281,0.2941,NMC811,25,1,0.09703,1
0.1974,0.002155,0.2389,0.9221,1.007,0.966,NMC111,25,1,0.0353,1
0.006239,0.05666,0.06258,0.2864,0.698,0.3771,NMC532,25,1,0.0463,1
0.1726,0.04007,0.1531,0.1527,0.355,0.212,NMC532,25,1,0.2833,1
0.03148,0.1036,0.02403,0.2407,0.372,0.145,NMC523,25,1,0.2644,1
0.1689,0.09311,0.1783,0.04996,0.1481,0.05515,NMC622,25,1,0.3513,1
0.06548,0.03208,0.2613,0.8461,1.452,0.6186,NMC523,25,1,0.02813,1
0.1306,0.0707,0.4224,0.2249,0.5256,0.3127,NMC532,25,1,0.02638,1
0.01682,0.05514,0.4092,0.4784,1.486,0.4493,NMC622,25,1,0.2132,1
0.1869,0.09579,0.1575,0.9348,0.808,0.8929,NMC111,25,1,0.06409,1
0.1252,0.04209,0.01702,0.2267,1.88,0.2398,NMC811,25,1,0.06204,1
0.02221,0.01899,0.1218,0.2783,0.4681,0.2045,NMC523,25,1,0.9359,1
0.1273,0.05054,0.3854,0.1284,1.104,0.1389,NMC811,25,1,1.409,1
0.0241,0.07887,0.03148,0.4936,1.145,0.6675,NMC532,25,1,1.144,1
0.03236,0.02212,0.164,0.7604,1.184,0.5203,NMC523,25,1,0.1596,1
0.03872,0.05052,0.4096,0.9339,0.9549,0.8452,NMC111,25,1,0.05477,1
0.04884,0.03145,0.3406,0.6149,1.059,0.4287,NMC523,25,1,0.3865,1
0.1042,0.1022,0.1969,0.094,0.7839,0.09287,NMC811,25,1,0.0608,1
0.01867,0.05607,0.06038,0.1028,0.7701,0.09223,NMC811,25,1,0.2732,1
0.03568,0.01887,0.3897,0.02551,0.1937,0.02555,NMC811,25,1,0.9949,1
0.2111,0.04417,0.1932,0.1747,1.444,0.1882,NMC811,25,1,1.102,1
0.1702,0.09671,0.1068,0.4856,1.438,0.4124,NMC622,25,1,0.921,1
0.226,0.05139,0.04905,0.2979,0.4929,0.2123,NMC523,25,1,1.215,1
0.1716,0.0807,0.03596,0.2949,2.395,0.3051,NMC811,25,1,0.02946,1
0.1918,0.02087,0.05429,0.9485,1.02,1.068,NMC111,25,1,0.8554,1
0.1509,0.08459,0.3884,0.4363,1.236,0.4454,NMC622,25,1,0.8875,1
0.1326,0.06409,0.02031,0.1859,0.3254,0.1344,NMC523,25,1,0.1355,1
0.008728,0.08652,0.07573,0.2709,0.5196,0.1827,NMC523,25,1,0.6367,1
0.1928,0.0702,0.293,0.6946,1.101,0.4421,NMC523,25,1,0.1253,1
0.107,0.06274,0.2702,0.1906,0.3205,0.1285,NMC523,25,1,1.316,1
0.09016,0.08212,0.3584,0.5326,1.507,0.4515,NMC622,25,1,0.3186,1
0.2148,0.02917,0.2452,1.026,1.088,0.8708,NMC111,25,1,0.6862,1
0.01691,0.04082,0.2131,0.9178,0.8844,0.9235,NMC111,25,1,0.5132,1
0.1678,0.02003,0.1498,0.4762,1.245,0.6582,NMC532,25,1,0.05768,1
0.2188,0.07388,0.3726,0.04914,0.4007,0.05337,NMC811,25,1,0.0234,1
0.0858,0.08849,0.4115,0.3052,0.9735,0.3139,NMC622,25,1,0.1437,1
0.143,0.1016,0.4085,0.5234,1.546,0.4843,NMC622,25,1,0.302,1
0.0955,0.09069,0.3531,0.34,0.344,0.3012,NMC111,25,1,0.1246,1
0.2177,0.04697,0.2462,0.2363,1.994,0.2388,NMC811,25,1,0.7524,1
0.1072,0.09616,0.1989,0.4631,1.41,0.4602,NMC622,25,1,0.1808,1
0.01414,0.07646,0.4137,0.2419,0.817,0.2486,NMC622,25,1,0.2683,1
0.05454,0.05186,0.171,0.6332,0.7388,0.653,NMC111,25,1,0.1961,1
0.1285,0.03715,0.2395,0.4194,1.3,0.43,NMC622,25,1,0.2667,1
0.179,0.04321,0.06718,0.7593,0.7519,0.7519,NMC111,25,1,0.5389,1
0.2235,0.04944,0.2851,0.1215,0.2128,0.0848,NMC523,25,1,0.1207,1
0.1508,0.07938,0.2895,0.6918,0.761,0.7506,NMC111,25,1,0.02529,1
0.06883,0.09224,0.2841,0.2232,0.7378,0.2195,NMC622,25,1,0.08635,1
0.1376,0.07152,0.4401,0.3179,1.044,0.3036,NMC622,25,1,0.05335,1
0.1755,0.06817,0.3865,0.02251,0.1657,0.02187,NMC811,25,1,0.4858,1
0.1638,0.09827,0.3924,0.2687,0.8402,0.2844,NMC622,25,1,1.274,1
0.1751,0.1061,0.1482,0.1803,1.307,0.1612,NMC811,25,1,1.125,1
0.15,0.02208,0.2682,0.1255,0.3556,0.1219,NMC622,25,1,0.2698,1
0.1865,0.02129,0.3683,0.1667,0.1866,0.1743,NMC111,25,1,0.559,1
0.09922,0.05062,0.09764,0.6739,0.635,0.6785,NMC111,25,1,0.3443,1
0.158,0.04937,0.3111,0.5865,1.542,0.9168,NMC532,25,1,0.04933,1
0.09684,0.04118,0.02273,0.03969,0.3116,0.0383,NMC811,25,1,0.05454,1
0.06643,0.0684,0.238,0.1767,0.4938,0.1653,NMC622,25,1,0.0293,1
0.1808,0.04787,0.02894,0.5691,1.67,0.5565,NMC622,25,1,0.09995,1
0.215,0.1003,0.3701,0.0764,0.6899,0.08468,NMC811,25,1,1.001,1
0.2072,0.09576,0.3802,0.1853,1.647,0.1982,NMC811,25,1,0.102,1
0.01388,0.06154,0.1835,0.2943,0.8123,0.4543,NMC532,25,1,0.4233,1
0.01587,0.01251,0.05756,0.7059,0.7223,0.7618,NMC111,25,1,0.1875,1
0.2124,0.08994,0.1291,0.5554,1.5,0.9175,NMC532,25,1,0.02427,1
0.05899,0.04593,0.2314,0.1022,0.3131,0.1057,NMC622,25,1,0.05489,1
0.04161,0.09374,0.4544,0.2261,0.5745,0.3451,NMC532,25,1,0.6481,1
0.08799,0.05665,0.1162,0.1357,0.3787,0.1417,NMC622,25,1,1.131,1
0.2098,0.05623,0.3519,0.2524,2.097,0.2723,NMC811,25,1,0.0837,1
0.08052,0.08466,0.05431,0.02588,0.2109,0.02684,NMC811,25,1,0.4796,1
0.03392,0.1108,0.02217,1.051,0.9668,0.9697,NMC111,25,1,0.02738,1
0.2233,0.071,0.07297,0.1657,0.5102,0.1699,NMC622,25,1,0.09484,1
0.01901,0.02169,0.2687,0.5232,1.546,0.7694,NMC532,25,1,0.1559,1
0.193,0.04055,0.08038,0.4572,0.6412,0.2667,NMC523,25,1,0.06756,1
0.03604,0.05111,0.4235,0.3973,1.035,0.367,NMC622,25,1,0.02527,1
0.2016,0.07942,0.2426,0.9638,1.016,0.9581,NMC111,25,1,0.5031,1
0.1176,0.06687,0.05199,0.1818,0.186,0.1824,NMC111,25,1,0.4924,1
0.1316,0.03489,0.2759,0.8463,0.8579,0.8418,NMC111,25,1,0.06433,1
0.1707,0.05934,0.1078,0.2969,0.7566,0.4082,NMC532,25,1,0.1075,1
0.09228,0.02975,0.3122,0.2091,0.2132,0.199,NMC111,25,1,0.133,1
0.05525,0.111,0.2616,0.4267,1.151,0.7048,NMC532,25,1,0.1414,1
0.1392,0.06343,0.4099,0.1336,0.3475,0.1821,NMC532,25,1,0.02961,1
0.01155,0.0763,0.3633,0.2624,0.7148,0.2488,NMC622,25,1,0.1455,1
0.1539,0.06344,0.1475,0.3586,1.154,0.345,NMC622,25,1,1.391,1
0.0545,0.0189,0.2172,0.7249,1.089,0.477,NMC523,25,1,0.1177,1
0.03162,0.1071,0.3985,0.08533,0.2521,0.0861,NMC622,25,1,0.4287,1
0.1811,0.008335,0.02847,0.252,2.23,0.3097,NMC811,25,1,0.05646,1
0.06995,0.04489,0.4074,0.7237,0.8001,0.7722,NMC111,25,1,0.05824,1
0.09371,0.1099,0.1092,0.372,0.9889,0.5153,NMC532,25,1,0.05951,1
0.1389,0.1103,0.09168,0.6348,0.6497,0.6825,NMC111,25,1,0.2309,1
0.08904,0.03531,0.01094,0.6961,0.7994,0.7581,NMC111,25,1,0.1834,1
0.09492,0.1064,0.1892,0.2268,1.931,0.2276,NMC811,25,1,0.02969,1
0.04031,0.04528,0.1434,0.5067,1.692,0.5027,NMC622,25,1,0.3846,1
0.0675,0.1016,0.07717,0.2267,0.6818,0.2485,NMC622,25,1,0.1918,1
0.09931,0.07047,0.2658,0.7687,0.758,0.7402,NMC111,25,1,0.03599,1
0.08183,0.008097,0.1261,0.3315,0.8564,0.5207,NMC532,25,1,0.08336,1
0.1835,0.01398,0.1294,0.2895,0.713,0.4125,NMC532,25,1,0.1195,1
0.2069,0.07308,0.3506,0.482,1.413,0.4717,NMC622,25,1,0.02862,1
0.05571,0.05938,0.02974,0.279,2.41,0.2924,NMC811,25,1,1.277,1
0.201,0.08531,0.0268,0.3247,0.5972,0.2116,NMC523,25,1,0.03272,1
0.02003,0.01114,0.1488,0.6459,1.126,0.4682,NMC523,25,1,0.9202,1
0.07685,0.1106,0.1732,0.2476,0.4401,0.1819,NMC523,25,1,0.07762,1
0.1222,0.08235,0.09223,0.2681,0.7066,0.258,NMC622,25,1,0.105,1
0.1094,0.01037,0.2322,0.05352,0.5,0.05903,NMC811,25,1,0.02106,1
0.04733,0.08951,0.1294,0.08701,0.696,0.09472,NMC811,25,1,0.2167,1
0.1454,0.07717,0.09143,0.9071,1.515,0.6212,NMC523,25,1,0.09121,1
0.1863,0.08519,0.2949,0.47,1.25,0.707,NMC532,25,1,0.3508,1
0.1542,0.005676,0.4472,0.4762,1.161,0.7392,NMC532,25,1,0.9583,1
0.08744,0.04077,0.1423,0.2875,2.198,0.2834,NMC811,25,1,0.05893,1
0.08721,0.0976,0.07498,0.1053,0.1538,0.0722,NMC523,25,1,0.02679,1
0.1138,0.08055,0.2079,0.3743,0.6209,0.2719,NMC523,25,1,0.1386,1
0.1087,0.07928,0.2963,0.101,0.2852,0.1647,NMC532,25,1,0.199,1
0.02206,0.1081,0.3014,0.1043,0.8362,0.1094,NMC811,25,1,1.352,1
0.06199,0.008459,0.2199,0.2691,2.017,0.2373,NMC811,25,1,0.05665,1
0.1976,0.03403,0.1706,0.1763,1.375,0.1809,NMC811,25,1,0.6042,1
0.2005,0.04742,0.2127,0.165,0.4718,0.1506,NMC622,25,1,0.1187,1
0.03133,0.1056,0.197,0.232,0.7336,0.2233,NMC622,25,1,0.3195,1
0.1075,0.03231,0.1558,0.7264,1.158,0.4564,NMC523,25,1,0.04123,1
0.09992,0.02808,0.1714,0.4167,0.748,0.2838,NMC523,25,1,0.1231,1
0.1852,0.03135,0.04971,0.1817,0.494,0.2954,NMC532,25,1,0.06738,1
0.2236,0.07876,0.376,0.4636,0.4766,0.483,NMC111,25,1,0.0229,1
0.009117,0.03644,0.05461,0.8191,0.8379,0.8726,NMC111,25,1,0.165,1
0.07162,0.03449,0.2176,0.2218,1.826,0.2237,NMC811,25,1,0.3358,1
0.02586,0.007851,0.2165,0.1308,0.4114,0.1284,NMC622,25,1,0.0488,1
0.01134,0.105,0.1885,0.5474,0.9353,0.3403,NMC523,25,1,1.495,1
0.02656,0.06292,0.1203,0.1724,0.4166,0.2614,NMC532,25,1,0.1042,1
0.1446,0.01426,0.01868,0.139,0.4027,0.1303,NMC622,25,1,0.03949,1
0.0386,0.07938,0.268,0.04962,0.4162,0.04976,NMC811,25,1,1.167,1
0.1719,0.04496,0.2618,0.187,1.478,0.187,NMC811,25,1,0.03671,1
0.1452,0.06073,0.3097,0.7155,1.23,0.4836,NMC523,25,1,0.6431,1
0.1906,0.08313,0.03047,0.193,1.557,0.2018,NMC811,25,1,0.07596,1
0.1068,0.04675,0.3554,0.3938,0.3904,0.381,NMC111,25,1,1.111,1
0.03722,0.03212,0.3917,0.1088,0.1915,0.07538,NMC523,25,1,0.3488,1
0.1355,0.01967,0.2126,0.9085,1.359,0.5601,NMC523,25,1,0.1851,1
0.1079,0.1038,0.1931,0.4057,0.4464,0.4039,NMC111,25,1,1.362,1
0.1897,0.1022,0.1049,0.6172,1.744,0.5755,NMC622,25,1,0.3345,1
0.1163,0.109,0.1672,0.3999,1.054,0.573,NMC532,25,1,0.6241,1
0.2125,0.1047,0.4274,0.7732,0.7945,0.6681,NMC111,25,1,0.1598,1
0.02972,0.005914,0.4101,0.3119,0.8907,0.5149,NMC532,25,1,0.8898,1
0.01024,0.002526,0.4564,0.1131,0.9938,0.1237,NMC811,25,1,0.1461,1
0.02582,0.008325,0.4097,0.2668,2.137,0.26,NMC811,25,1,0.786,1
0.09529,0.05899,0.3464,0.1637,0.3399,0.2208,NMC532,25,1,0.0222,1
0.02878,0.01807,0.4184,0.05257,0.4201,0.05311,NMC811,25,1,0.889,1
0.07119,0.1015,0.3332,0.1951,0.1991,0.1857,NMC111,25,1,0.2025,1
0.1744,0.02005,0.1378,0.4976,1.536,0.5049,NMC622,25,1,1.057,1
0.1765,0.04366,0.2718,0.4259,1.176,0.4195,NMC622,25,1,0.03114,1
0.117,0.05348,0.1812,0.03107,0.08174,0.0479,NMC532,25,1,0.2003,1
0.03574,0.03435,0.02697,0.8488,0.7571,0.8162,NMC111,25,1,0.2574,1
0.07316,0.0677,0.2325,0.7234,1.204,0.4231,NMC523,25,1,0.02051,1
0.108,0.0228,0.2122,0.2261,1.704,0.2066,NMC811,25,1,0.02262,1
0.07867,0.1051,0.4331,0.06853,0.5488,0.06762,NMC811,25,1,0.1755,1
0.1967,0.0924,0.04277,0.4783,1.438,0.4446,NMC622,25,1,0.2378,1
0.1715,0.07978,0.4543,0.1455,0.4245,0.1345,NMC622,25,1,0.2237,1
0.2192,0.0921,0.109,0.3646,0.95,0.5245,NMC532,25,1,0.2806,1
0.07373,0.1103,0.1407,0.1809,0.493,0.2682,NMC532,25,1,0.2353,1
0.0967,0.047,0.2841,0.4459,0.5004,0.5137,NMC111,25,1,0.0459,1
0.1282,0.003956,0.313,0.0595,0.0581,0.06349,NMC111,25,1,0.9331,1
0.1813,0.02246,0.2503,0.4654,1.22,0.6968,NMC532,25,1,0.1599,1
0.05253,0.06607,0.3058,0.4149,0.6982,0.2413,NMC523,25,1,0.3127,1
0.02916,0.06457,0.3599,0.6621,1.491,0.8437,NMC532,25,1,0.7413,1
0.2101,0.0961,0.2626,0.2267,1.702,0.2346,NMC811,25,1,0.1486,1
0.01976,0.09936,0.3977,0.2264,0.7167,0.2268,NMC622,25,1,0.02733,1
0.1941,0.05016,0.3319,0.03305,0.02992,0.03189,NMC111,25,1,1.492,1
0.0924,0.02398,0.2675,0.5061,0.9264,0.3561,NMC523,25,1,0.1122,1
0.2076,0.01607,0.0413,0.1119,0.1081,0.1058,NMC111,25,1,0.069,1
0.1743,0.03375,0.03654,0.3013,2.402,0.3292,NMC811,25,1,0.05057,1
0.1572,0.05838,0.3994,0.4825,1.194,0.6665,NMC532,25,1,0.05852,1
0.06938,0.006137,0.181,0.1727,0.3031,0.1108,NMC523,25,1,0.5148,1
0.07242,0.06569,0.4369,0.2206,1.772,0.2174,NMC811,25,1,0.2481,1
0.1244,0.07334,0.02283,0.3726,0.8534,0.5566,NMC532,25,1,0.04322,1
0.1632,0.1105,0.09887,0.5406,1.542,0.5251,NMC622,25,1,0.02706,1
0.01834,0.01517,0.1961,0.362,1.094,0.3461,NMC622,25,1,0.02898,1
0.07748,0.05698,0.2173,0.9179,1.435,0.5956,NMC523,25,1,0.2154,1
0.04477,0.03387,0.292,0.4804,1.331,0.5405,NMC622,25,1,0.04002,1
0.07012,0.01424,0.2738,0.2627,0.7827,0.2608,NMC622,25,1,0.1327,1
0.1959,0.009633,0.01357,0.4975,1.294,0.7929,NMC532,25,1,0.1046,1
0.09616,0.1019,0.3888,0.01224,0.03052,0.01876,NMC532,25,1,0.8379,1
0.2261,0.02659,0.0235,0.3124,1.101,0.3735,NMC622,25,1,0.8885,1
0.1447,0.02058,0.371,0.02334,0.0571,0.0361,NMC532,25,1,0.1101,1
0.168,0.05334,0.06362,0.1818,1.512,0.2082,NMC811,25,1,0.1395,1
0.1933,0.06599,0.3514,0.03933,0.1222,0.03782,NMC622,25,1,0.462,1
0.1527,0.01936,0.287,0.7941,0.7893,0.8494,NMC111,25,1,0.2244,1
0.09563,0.00403,0.3368,0.8754,0.8584,0.7563,NMC111,25,1,0.3278,1
0.06071,0.01064,0.2821,0.5966,1.842,0.596,NMC622,25,1,0.1668,1
0.08667,0.08263,0.03066,0.1088,0.1715,0.06866,NMC523,25,1,1.347,1
0.1058,0.0491,0.2378,0.4807,1.553,0.4718,NMC622,25,1,0.5215,1
0.2216,0.01087,0.09046,0.01879,0.05865,0.01927,NMC622,25,1,1.31,1
0.2052,0.03993,0.1738,0.7018,1.699,0.6508,NMC622,25,1,0.09075,1
0.09752,0.0173,0.2132,0.5171,1.398,0.456,NMC622,25,1,0.06135,1
0.1282,0.08808,0.07833,0.0972,0.743,0.09147,NMC811,25,1,0.1142,1
0.111,0.03275,0.06548,0.6127,0.9418,0.4036,NMC523,25,1,1.464,1
0.2238,0.05993,0.4227,0.2153,1.778,0.2041,NMC811,25,1,0.1428,1
0.0838,0.09368,0.3433,0.4914,0.7576,0.3026,NMC523,25,1,0.6629,1
0.1841,0.0967,0.02469,0.4311,1.139,0.645,NMC532,25,1,0.04707,1
0.1657,0.08851,0.3317,0.2235,0.3444,0.1721,NMC523,25,1,0.03851,1
0.0757,0.0519,0.2899,0.3079,0.5059,0.2013,NMC523,25,1,0.1095,1
0.1524,0.01309,0.4521,0.7694,1.189,0.474,NMC523,25,1,0.2698,1
0.1395,0.04537,0.04937,0.05336,0.08931,0.03394,NMC523,25,1,0.1376,1
0.01773,0.1062,0.3055,0.4078,1.031,0.6619,NMC532,25,1,0.4816,1
0.1985,0.04602,0.2044,0.5254,0.4746,0.5015,NMC111,25,1,1.387,1
0.1392,0.1061,0.2553,0.5094,0.9476,0.3688,NMC523,25,1,0.5914,1
0.005698,0.01582,0.3334,0.03804,0.1163,0.04469,NMC622,25,1,0.02161,1
0.1265,0.09995,0.1101,0.1182,0.1888,0.07957,NMC523,25,1,1.154,1
0.1523,0.09841,0.04378,0.5648,1.431,0.8806,NMC532,25,1,0.2087,1
0.07265,0.1099,0.4557,0.1066,0.8963,0.1143,NMC811,25,1,0.3647,1
0.1195,0.03875,0.2059,0.9434,1.422,0.6329,NMC523,25,1,0.2528,1
0.1613,0.01599,0.1903,0.5828,0.9428,0.3727,NMC523,25,1,0.04661,1
0.1229,0.08068,0.007406,0.09016,0.2603,0.0936,NMC622,25,1,0.0256,1
0.07701,0.04886,0.3837,0.233,0.2503,0.2592,NMC111,25,1,0.8027,1
0.2162,0.008714,0.2596,0.192,1.532,0.1785,NMC811,25,1,0.593,1
0.01194,0.0954,0.3199,0.2768,0.2616,0.283,NMC111,25,1,0.0444,1
0.2216,0.03955,0.1493,0.5972,1.74,0.6521,NMC622,25,1,0.1131,1
0.0724,0.05083,0.2098,0.01669,0.0572,0.01853,NMC622,25,1,1.267,1
0.1521,0.04822,0.1955,0.4301,0.4483,0.4084,NMC111,25,1,0.04509,1
0.1485,0.0227,0.2592,1.004,0.9224,0.8968,NMC111,25,1,0.07874,1
0.08025,0.04074,0.4132,0.7454,0.7921,0.7306,NMC111,25,1,0.1689,1
0.0913,0.05285,0.4059,1.03,1.092,0.9728,NMC111,25,1,0.0353,1
0.1681,0.08999,0.09988,0.2774,0.2691,0.2738,NMC111,25,1,0.237,1
0.2121,0.07606,0.387,0.267,2.3,0.2779,NMC811,25,1,0.03071,1
0.1455,0.06822,0.4433,0.3312,0.9035,0.5726,NMC532,25,1,0.1148,1
0.04996,0.005501,0.435,0.03274,0.1055,0.03557,NMC622,25,1,0.8233,1
0.1773,0.09676,0.1089,0.9736,1.03,1.026,NMC111,25,1,0.1331,1
0.08566,0.08253,0.3861,0.06862,0.5483,0.06916,NMC811,25,1,0.03363,1
0.1891,0.08599,0.1908,0.2427,0.42,0.1758,NMC523,25,1,0.3873,1
0.07793,0.03769,0.2619,0.6779,1.121,0.5042,NMC523,25,1,0.2142,1
0.1492,0.01738,0.02505,0.5287,0.5678,0.5497,NMC111,25,1,0.02857,1
0.2204,0.04801,0.1029,0.2581,2.054,0.2232,NMC811,25,1,1.323,1
0.1204,0.02021,0.2991,0.2289,0.6093,0.2251,NMC622,25,1,0.05593,1
0.1838,0.07438,0.3282,0.05213,0.4454,0.05789,NMC811,25,1,0.1565,1
0.05358,0.01124,0.4121,0.3805,1.028,0.5566,NMC532,25,1,0.5448,1
0.03338,0.04779,0.2294,0.1555,1.134,0.1371,NMC811,25,1,0.04468,1
0.05821,0.1068,0.08597,0.134,1.027,0.1423,NMC811,25,1,0.08125,1
0.2124,0.0969,0.1401,0.05649,0.4193,0.05186,NMC811,25,1,0.1971,1
0.0428,0.07168,0.2641,0.0744,0.6762,0.08062,NMC811,25,1,0.05968,1
0.05887,0.06355,0.3983,0.3601,0.9925,0.5408,NMC532,25,1,0.04301,1
0.02044,0.1005,0.4001,0.2366,0.6777,0.2454,NMC622,25,1,1.05,1
0.09684,0.01715,0.04005,0.1019,0.2652,0.1547,NMC532,25,1,0.02001,1
0.08036,0.08382,0.3836,0.3892,0.4199,0.3511,NMC111,25,1,0.02915,1
0.0352,0.01403,0.433,0.179,1.404,0.1778,NMC811,25,1,0.2193,1
0.1419,0.07699,0.04711,0.3118,2.278,0.3099,NMC811,25,1,0.1952,1
0.06825,0.04184,0.4192,0.6011,1.665,0.5385,NMC622,25,1,1.262,1
0.1272,0.01289,0.3948,0.3107,0.3212,0.3351,NMC111,25,1,0.05885,1
0.2078,0.03157,0.06508,0.2341,0.6404,0.2152,NMC622,25,1,0.4053,1
0.1222,0.1038,0.3103,0.03934,0.3511,0.04684,NMC811,25,1,0.08403,1
0.1074,0.02311,0.3113,0.2202,0.3285,0.134,NMC523,25,1,0.2386,1
0.009321,0.1013,0.283,0.4535,1.369,0.4346,NMC622,25,1,0.05965,1
0.1013,0.03755,0.2081,0.9388,0.9104,0.9263,NMC111,25,1,1.035,1
0.1224,0.02932,0.4063,0.1128,0.3554,0.1256,NMC622,25,1,0.9354,1
0.113,0.07946,0.4241,0.1393,0.1526,0.1622,NMC111,25,1,0.3039,1
0.1946,0.09006,0.251,0.6892,0.7007,0.7123,NMC111,25,1,0.05131,1
0.2194,0.01078,0.3662,0.7782,1.221,0.4417,NMC523,25,1,0.1591,1
0.1173,0.04234,0.2794,0.2871,0.6529,0.452,NMC532,25,1,0.1312,1
0.1978,0.05051,0.2472,0.1863,1.444,0.1949,NMC811,25,1,0.07076,1
0.0761,0.0192,0.3757,0.5527,1.428,0.8774,NMC532,25,1,0.3342,1
0.1542,0.05051,0.2047,0.7188,0.7557,0.7271,NMC111,25,1,0.2627,1
0.0621,0.02354,0.3528,0.5477,1.469,0.9325,NMC532,25,1,0.1348,1
0.1053,0.1076,0.399,0.04473,0.3543,0.04984,NMC811,25,1,0.08903,1
0.0137,0.04978,0.2094,0.049,0.1372,0.04886,NMC622,25,1,0.1771,1
0.1498,0.06676,0.2135,0.5926,1.074,0.4449,NMC523,25,1,1.181,1
0.01504,0.02308,0.01036,0.4813,1.453,0.4739,NMC622,25,1,0.07512,1
0.04181,0.08186,0.2112,0.1572,1.298,0.1534,NMC811,25,1,0.02786,1
0.2194,0.0906,0.1616,0.5657,1.694,0.5376,NMC622,25,1,0.2903,1
0.1216,0.06615,0.2309,0.5631,1.768,0.6016,NMC622,25,1,0.03372,1
0.02217,0.0846,0.1741,0.2307,0.3879,0.1523,NMC523,25,1,0.1634,1
0.03668,0.0141,0.3848,0.5705,1.008,0.3835,NMC523,25,1,0.06704,1
0.1186,0.08353,0.3863,0.4486,0.6649,0.3006,NMC523,25,1,0.147,1
0.1131,0.02456,0.05896,0.4842,0.924,0.3563,NMC523,25,1,0.8614,1
0.09475,0.08319,0.3804,0.25,1.902,0.2387,NMC811,25,1,0.6711,1
0.2039,0.01535,0.04854,0.3574,0.8571,0.5589,NMC532,25,1,0.213,1
0.1798,0.1105,0.06876,0.5022,1.538,0.4766,NMC622,25,1,0.2945,1
0.1025,0.05416,0.4209,0.1322,1.169,0.1424,NMC811,25,1,0.622,1
0.1022,0.09311,0.08724,0.1861,1.626,0.1905,NMC811,25,1,0.03207,1
0.03053,0.09522,0.169,0.7489,0.6978,0.6963,NMC111,25,1,0.33,1
0.07208,0.1079,0.1945,0.1409,1.068,0.1391,NMC811,25,1,0.8862,1
0.1463,0.1099,0.2615,0.4795,1.171,0.6782,NMC532,25,1,0.6389,1
0.1721,0.04313,0.297,0.8551,0.9223,0.8105,NMC111,25,1,0.04371,1
0.07491,0.04595,0.03734,0.1824,0.5659,0.1989,NMC622,25,1,0.8856,1
0.08317,0.03951,0.05735,0.1105,0.2946,0.1757,NMC532,25,1,0.02668,1
0.1756,0.1001,0.1381,0.1811,1.601,0.2006,NMC811,25,1,0.6679,1
0.1136,0.08021,0.06625,0.2494,2.128,0.2613,NMC811,25,1,0.1687,1
0.2084,0.0111,0.4066,0.2121,0.6392,0.2126,NMC622,25,1,0.07422,1
0.1565,0.02633,0.3036,0.7017,0.6297,0.656,NMC111,25,1,0.3325,1
0.1049,0.05926,0.3228,0.09188,0.09888,0.09371,NMC111,25,1,0.3595,1
0.1963,0.01953,0.2161,0.1897,0.539,0.1979,NMC622,25,1,0.03648,1
0.1179,0.006367,0.2249,0.2859,0.8304,0.2764,NMC622,25,1,0.1873,1
0.2151,0.009877,0.05688,0.09024,0.708,0.08643,NMC811,25,1,0.03854,1
0.06405,0.02834,0.453,0.8271,0.856,0.7458,NMC111,25,1,0.3835,1
0.1512,0.0503,0.234,0.8629,1.327,0.5352,NMC523,25,1,0.9413,1
0.145,0.06995,0.1073,0.1703,0.2801,0.1103,NMC523,25,1,0.0879,1
0.1854,0.03269,0.4548,0.7943,1.251,0.4816,NMC523,25,1,0.5191,1
0.1047,0.08697,0.4352,0.5714,0.6371,0.6664,NMC111,25,1,1.074,1
0.008818,0.06625,0.2206,0.1227,0.3601,0.1226,NMC622,25,1,0.05507,1
0.2178,0.1006,0.2069,0.01441,0.1258,0.0166,NMC811,25,1,0.3594,1
0.2057,0.07124,0.2209,0.3255,1.02,0.3357,NMC622,25,1,0.1915,1
0.06409,0.07811,0.2555,0.4752,0.4576,0.441,NMC111,25,1,0.888,1
0.01112,0.06715,0.3575,0.1767,0.467,0.2628,NMC532,25,1,0.2072,1
0.09011,0.02212,0.2284,0.6749,0.7519,0.7108,NMC111,25,1,0.2172,1
0.1655,0.1075,0.2571,0.02742,0.02768,0.02689,NMC111,25,1,0.08185,1
0.08515,0.009067,0.2199,0.3597,0.5593,0.2266,NMC523,25,1,0.7938,1
0.09315,0.008973,0.3361,0.3052,0.8479,0.5259,NMC532,25,1,0.2308,1
0.08343,0.06428,0.191,0.2141,0.6104,0.2036,NMC622,25,1,0.428,1
0.1385,0.09734,0.3278,0.5906,0.6593,0.6197,NMC111,25,1,0.13,1
0.1575,0.02644,0.3034,0.2044,0.4852,0.3415,NMC532,25,1,0.08861,1
0.1866,0.0907,0.1738,0.05932,0.06089,0.06137,NMC111,25,1,0.1828,1
0.136,0.03921,0.08977,0.5435,0.4873,0.5222,NMC111,25,1,0.6923,1
0.02606,0.07639,0.1644,0.231,1.736,0.2184,NMC811,25,1,0.04832,1
0.1884,0.07111,0.08,0.3542,0.7891,0.4608,NMC532,25,1,0.03324,1
0.2231,0.06857,0.3907,0.5184,0.4719,0.4713,NMC111,25,1,0.5434,1
0.08205,0.02256,0.4572,0.07981,0.2145,0.1229,NMC532,25,1,0.04943,1
0.1332,0.1113,0.2291,0.01458,0.1275,0.01494,NMC811,25,1,1.173,1
0.05331,0.05964,0.2064,0.4091,0.7224,0.2672,NMC523,25,1,0.7065,1
0.1863,0.0325,0.06027,0.04071,0.07077,0.02456,NMC523,25,1,0.05883,1
0.1472,0.08649,0.07434,0.5933,0.5918,0.5779,NMC111,25,1,0.0622,1
0.1637,0.1069,0.2502,0.3401,0.5482,0.2143,NMC523,25,1,0.06139,1
0.1975,0.0773,0.1659,0.4921,1.292,0.7523,NMC532,25,1,0.04566,1
0.1534,0.06309,0.1086,0.2143,0.6036,0.3269,NMC532,25,1,1.402,1
0.2144,0.006053,0.08133,0.08323,0.1904,0.1121,NMC532,25,1,0.7277,1
0.06913,0.1105,0.2934,0.5379,1.747,0.5575,NMC622,25,1,0.08838,1
0.07958,0.07766,0.07763,0.1684,0.5497,0.1704,NMC622,25,1,0.1661,1
0.2115,0.05742,0.2439,0.2164,1.695,0.2159,NMC811,25,1,0.02387,1
0.136,0.08423,0.4239,0.5487,0.5423,0.5506,NMC111,25,1,0.06941,1
0.174,0.09754,0.03244,0.08379,0.644,0.08584,NMC811,25,1,0.2019,1
0.2199,0.1019,0.06313,0.6628,0.6021,0.6664,NMC111,25,1,0.3162,1
0.05574,0.07967,0.4275,0.2778,2.137,0.2715,NMC811,25,1,0.2881,1
0.1546,0.03004,0.4505,0.2238,1.984,0.2639,NMC811,25,1,0.8284,1
0.03015,0.03559,0.3652,0.9644,1.501,0.6289,NMC523,25,1,0.3211,1
0.07105,0.01788,0.3335,0.222,1.963,0.237,NMC811,25,1,0.1789,1
0.05226,0.08931,0.2054,0.1414,1.078,0.144,NMC811,25,1,0.121,1
0.02655,0.009449,0.07006,0.1392,0.3704,0.229,NMC532,25,1,0.06237,1
0.004784,0.01083,0.3166,0.6705,1.065,0.3921,NMC523,25,1,0.5748,1
0.06649,0.1077,0.2458,0.04596,0.07451,0.02807,NMC523,25,1,1.386,1
0.1472,0.01795,0.1398,0.4032,1.032,0.6654,NMC532,25,1,0.0301,1
0.1143,0.03871,0.3716,0.1544,1.223,0.1473,NMC811,25,1,0.1298,1
0.05069,0.108,0.2656,0.1351,1.098,0.1441,NMC811,25,1,0.05113,1
0.03792,0.0676,0.4482,0.6365,0.6458,0.6816,NMC111,25,1,0.02179,1
0.1213,0.01698,0.09888,0.2571,0.581,0.3935,NMC532,25,1,0.1747,1
0.1987,0.1088,0.09435,0.1592,0.3946,0.2375,NMC532,25,1,0.5299,1
0.01048,0.09661,0.3726,0.0531,0.1383,0.07326,NMC532,25,1,0.02363,1
0.1976,0.02626,0.125,0.1301,0.4364,0.146,NMC622,25,1,0.07904,1
0.01337,0.06634,0.1195,0.379,0.3676,0.3853,NMC111,25,1,0.06422,1
0.1716,0.01865,0.03425,0.157,0.2524,0.1069,NMC523,25,1,0.2691,1
0.004433,0.08572,0.2693,0.2377,1.899,0.2331,NMC811,25,1,0.05985,1
0.2264,0.02477,0.2859,0.4481,0.416,0.4163,NMC111,25,1,0.08299,1
0.1247,0.06419,0.3127,0.1806,0.4601,0.2934,NMC532,25,1,0.2955,1
0.00742,0.01735,0.4433,0.476,1.544,0.4756,NMC622,25,1,0.7457,1
0.01311,0.005556,0.382,0.08913,0.7177,0.09108,NMC811,25,1,0.02142,1
0.1268,0.0635,0.1794,0.1931,0.464,0.274,NMC532,25,1,0.2678,1
0.1797,0.04793,0.3583,0.3353,1.106,0.3508,NMC622,25,1,0.06041,1
0.02547,0.02548,0.1662,0.03291,0.04985,0.02001,NMC523,25,1,0.05001,1
0.06599,0.02071,0.3418,0.1592,0.4737,0.1615,NMC622,25,1,0.09372,1
0.1668,0.05088,0.3102,0.1706,0.4391,0.2468,NMC532,25,1,0.3691,1
0.1176,0.1097,0.09175,0.4626,0.7246,0.3291,NMC523,25,1,0.3776,1
0.1447,0.02267,0.427,0.4679,1.179,0.6977,NMC532,25,1,0.02467,1
0.009334,0.03549,0.2945,0.01926,0.04718,0.02886,NMC532,25,1,0.02131,1
0.1482,0.09012,0.1393,0.1289,0.1493,0.1406,NMC111,25,1,0.7693,1
0.1354,0.02722,0.09886,0.4841,1.67,0.5171,NMC622,25,1,0.06891,1
0.1432,0.07367,0.1335,0.5666,1.59,0.9345,NMC532,25,1,0.1407,1
0.05429,0.03679,0.2804,0.02698,0.07232,0.04303,NMC532,25,1,0.09267,1
0.06689,0.05313,0.1136,0.1561,0.1585,0.1578,NMC111,25,1,1.041,1
0.02484,0.08817,0.3491,0.4294,0.7688,0.3283,NMC523,25,1,0.183,1
0.1264,0.03073,0.2277,0.7796,1.306,0.539,NMC523,25,1,0.45,1
0.1287,0.0332,0.2902,0.08183,0.07828,0.08094,NMC111,25,1,0.03163,1
0.2075,0.05639,0.04673,0.3209,1.006,0.3147,NMC622,25,1,0.5564,1
0.1441,0.1092,0.3865,0.5287,0.5322,0.5408,NMC111,25,1,1.038,1
0.2255,0.102,0.1199,0.5682,1.625,0.5565,NMC622,25,1,0.133,1
0.07888,0.03104,0.4058,1.006,0.943,0.9468,NMC111,25,1,1.405,1
0.01198,0.07691,0.2309,0.2091,0.5194,0.337,NMC532,25,1,0.03062,1
0.2242,0.06098,0.2049,0.04314,0.134,0.04302,NMC622,25,1,0.1463,1
0.05212,0.02358,0.3559,0.126,0.302,0.197,NMC532,25,1,0.08108,1
0.01415,0.05151,0.1229,0.6229,0.9672,0.4309,NMC523,25,1,0.0271,1
0.02273,0.0187,0.2333,0.1876,0.5672,0.1717,NMC622,25,1,0.7496,1
0.08206,0.09607,0.1441,0.2742,0.4682,0.182,NMC523,25,1,0.03752,1
0.06216,0.0462,0.2166,0.3469,0.5473,0.2005,NMC523,25,1,0.5859,1
0.2055,0.02422,0.4349,0.3041,2.325,0.2856,NMC811,25,1,0.1153,1
0.03629,0.02929,0.02433,0.5427,1.216,0.8394,NMC532,25,1,0.06328,1
0.1175,0.02002,0.2987,0.7485,0.8503,0.8828,NMC111,25,1,0.05843,1
0.1589,0.08207,0.4573,0.2626,0.8663,0.2605,NMC622,25,1,0.09418,1
0.1081,0.02582,0.06492,0.617,1.093,0.4004,NMC523,25,1,0.7467,1
0.1148,0.0915,0.2027,0.5625,0.5095,0.6017,NMC111,25,1,0.4549,1
0.123,0.106,0.1506,0.4938,0.8377,0.3321,NMC523,25,1,0.0213,1
0.01799,0.06339,0.2368,0.2043,1.851,0.2261,NMC811,25,1,0.511,1
0.2106,0.03297,0.4455,0.2065,0.5596,0.3422,NMC532,25,1,0.7386,1
0.01058,0.08213,0.06494,0.222,0.2009,0.2268,NMC111,25,1,0.8969,1
0.1415,0.06436,0.03171,0.3264,1.096,0.3986,NMC622,25,1,0.6325,1
0.06287,0.007549,0.23,0.06944,0.06573,0.06742,NMC111,25,1,0.8786,1
0.01992,0.06798,0.4379,0.2215,0.626,0.219,NMC622,25,1,1.151,1
0.006463,0.003045,0.2436,0.1017,0.8146,0.09436,NMC811,25,1,0.06521,1
0.03856,0.0544,0.2169,0.3382,0.5784,0.231,NMC523,25,1,0.6282,1
0.01051,0.04244,0.3432,0.4638,0.5389,0.5245,NMC111,25,1,0.1749,1
0.1261,0.03926,0.07958,0.4057,1.063,0.619,NMC532,25,1,0.06424,1
0.2222,0.03463,0.2117,0.438,1.207,0.4194,NMC622,25,1,0.1456,1
0.06256,0.09116,0.09671,0.2324,0.7009,0.2278,NMC622,25,1,0.08935,1
0.2217,0.04759,0.4193,0.9994,1.038,1.054,NMC111,25,1,0.02565,1
0.07849,0.1004,0.2895,0.1482,0.4517,0.1468,NMC622,25,1,0.2406,1
0.06445,0.008166,0.2869,0.0779,0.2285,0.08478,NMC622,25,1,0.1953,1
0.1806,0.0567,0.16,0.1717,0.1744,0.1663,NMC111,25,1,0.03611,1
0.1148,0.09541,0.3071,0.4021,1.011,0.6191,NMC532,25,1,0.08429,1
0.1911,0.07545,0.3521,0.4611,0.8002,0.326,NMC523,25,1,0.4851,1
0.0401,0.06894,0.3461,0.13,0.9056,0.1137,NMC811,25,1,0.02653,1
0.1999,0.02712,0.04634,0.2652,0.2533,0.2606,NMC111,25,1,0.3602,1
0.08126,0.04658,0.07268,0.3032,0.8726,0.2786,NMC622,25,1,0.0202,1
0.1652,0.0242,0.03831,0.1947,1.53,0.1951,NMC811,25,1,0.6993,1
0.1077,0.02677,0.343,0.116,1.055,0.1317,NMC811,25,1,0.02101,1
0.1642,0.09572,0.2109,0.2139,0.5182,0.3111,NMC532,25,1,0.2688,1
0.1936,0.04303,0.2751,0.105,0.2743,0.09886,NMC622,25,1,0.6782,1
0.1609,0.03936,0.1645,0.5313,0.903,0.3773,NMC523,25,1,0.6755,1
0.04173,0.01266,0.2037,0.4833,1.411,0.4805,NMC622,25,1,0.02929,1
0.1681,0.05125,0.3447,0.53,1.373,0.743,NMC532,25,1,0.04641,1
0.07424,0.01854,0.07227,0.3832,0.3979,0.3807,NMC111,25,1,1.463,1
0.07005,0.02303,0.0282,0.2583,0.6818,0.3708,NMC532,25,1,0.3301,1
0.1152,0.08558,0.4062,0.7723,0.7956,0.761,NMC111,25,1,0.1258,1
0.07345,0.05895,0.422,0.377,0.3735,0.3649,NMC111,25,1,1.166,1
0.03813,0.03118,0.4236,0.1538,0.3896,0.225,NMC532,25,1,0.02913,1
0.1772,0.008077,0.01781,0.2137,0.6002,0.1924,NMC622,25,1,0.1889,1
0.09469,0.05698,0.3097,0.2867,2.441,0.3088,NMC811,25,1,0.02203,1
0.2001,0.007893,0.454,0.1743,0.5324,0.1589,NMC622,25,1,0.108,1
0.07179,0.03422,0.1415,0.6079,0.9394,0.4129,NMC523,25,1,0.06286,1
0.005502,0.08908,0.1997,0.2637,0.2733,0.2546,NMC111,25,1,0.145,1
0.2213,0.09771,0.4443,0.3588,0.5978,0.2578,NMC523,25,1,0.04089,1
0.05731,0.0108,0.2247,0.2523,0.7638,0.2586,NMC622,25,1,1.17,1
0.1087,0.06837,0.2857,0.8107,1.212,0.5353,NMC523,25,1,0.4293,1
0.1963,0.08112,0.07882,0.1615,0.2434,0.1086,NMC523,25,1,0.2756,1
0.2139,0.03797,0.145,0.02483,0.06263,0.0392,NMC532,25,1,0.05492,1
0.1101,0.01057,0.04246,0.06856,0.06175,0.06664,NMC111,25,1,0.04718,1
0.07335,0.01931,0.439,0.126,0.983,0.1339,NMC811,25,1,0.02267,1
0.04961,0.03688,0.2223,0.6404,1.468,0.8976,NMC532,25,1,0.07379,1
0.2129,0.04772,0.06688,0.1925,0.5965,0.182,NMC622,25,1,0.03264,1
0.1402,0.04572,0.445,0.2246,0.6909,0.2443,NMC622,25,1,0.02213,1
0.05434,0.092,0.3001,0.3839,1.094,0.41,NMC622,25,1,0.1346,1
0.2129,0.1017,0.02876,0.6631,1.026,0.3945,NMC523,25,1,0.04431,1
0.1631,0.0333,0.3924,0.4464,1.41,0.4621,NMC622,25,1,0.02325,1
0.03703,0.0422,0.3834,0.2159,0.3831,0.1562,NMC523,25,1,1.115,1
0.02723,0.05097,0.1026,0.1217,0.2194,0.08332,NMC523,25,1,0.9269,1
0.05012,0.06667,0.06152,0.5332,1.339,0.5396,NMC622,25,1,0.2197,1
0.2244,0.08527,0.0777,0.3222,0.9261,0.3567,NMC622,25,1,0.02922,1
0.2122,0.01875,0.1938,0.1518,0.4366,0.1591,NMC622,25,1,0.8292,1
0.1592,0.04346,0.032,0.1658,0.1703,0.1742,NMC111,25,1,0.1502,1
0.2022,0.01331,0.09577,0.1169,0.9071,0.1035,NMC811,25,1,1.285,1
0.06063,0.01851,0.01975,0.247,0.3882,0.1584,NMC523,25,1,0.06944,1
0.1631,0.0172,0.4196,0.4972,0.4747,0.5387,NMC111,25,1,0.02305,1
0.03957,0.08277,0.09486,0.2452,0.5897,0.3739,NMC532,25,1,1.24,1
0.03379,0.06468,0.2623,0.07402,0.5818,0.06848,NMC811,25,1,0.06459,1
0.224,0.1029,0.09284,0.4896,1.671,0.5393,NMC622,25,1,0.05216,1
0.1776,0.1065,0.3745,0.2539,2.102,0.2521,NMC811,25,1,0.02507,1
0.2269,0.07042,0.1982,0.3146,0.5994,0.2516,NMC523,25,1,0.137,1
0.199,0.07854,0.3161,0.2143,0.6973,0.223,NMC622,25,1,0.4832,1
0.1987,0.1051,0.3293,0.1269,0.25,0.09268,NMC523,25,1,0.08447,1
0.02095,0.02804,0.3921,0.1661,1.526,0.1762,NMC811,25,1,0.7508,1
0.09088,0.08903,0.05251,0.1756,0.4393,0.2392,NMC532,25,1,0.9313,1
0.1003,0.03797,0.2837,0.9332,1.471,0.6421,NMC523,25,1,0.3554,1
0.2157,0.02263,0.2639,0.5873,0.6517,0.7012,NMC111,25,1,1.41,1
0.2084,0.08555,0.1183,0.516,1.205,0.6473,NMC532,25,1,0.181,1
0.1433,0.03056,0.3744,0.5038,1.394,0.7866,NMC532,25,1,0.3022,1
0.009963,0.06043,0.1716,0.3872,1.213,0.3804,NMC622,25,1,0.364,1
0.01218,0.07116,0.1017,0.3672,0.598,0.2527,NMC523,25,1,0.1005,1
0.03446,0.07576,0.42,0.04648,0.3554,0.04458,NMC811,25,1,0.02274,1
0.08999,0.06361,0.02809,0.01381,0.1116,0.01327,NMC811,25,1,1.107,1
0.09908,0.002625,0.3517,0.3132,0.9576,0.3319,NMC622,25,1,0.0299,1
0.06703,0.03759,0.1384,0.01847,0.03229,0.01277,NMC523,25,1,0.09129,1
0.053,0.06008,0.2789,0.521,0.8897,0.3494,NMC523,25,1,0.02019,1
0.01478,0.04348,0.1021,0.4989,1.368,0.4957,NMC622,25,1,0.1391,1
0.06056,0.0856,0.2207,0.2583,2.14,0.261,NMC811,25,1,0.5453,1
0.02593,0.08125,0.2613,0.05142,0.4084,0.05207,NMC811,25,1,0.0715,1
0.2033,0.05887,0.2113,0.3028,2.263,0.3109,NMC811,25,1,0.02919,1
0.1302,0.07845,0.162,0.07694,0.2024,0.1324,NMC532,25,1,1.03,1
0.003655,0.06269,0.4176,0.1029,0.1717,0.06686,NMC523,25,1,0.1197,1
0.09422,0.0526,0.1074,0.09755,0.1426,0.0628,NMC523,25,1,0.1215,1
0.1319,0.09566,0.3325,0.2752,2.135,0.2959,NMC811,25,1,0.03764,1
0.2192,0.02027,0.4065,0.5992,0.5074,0.5174,NMC111,25,1,0.2488,1
0.05803,0.02906,0.05184,0.3292,0.9466,0.3109,NMC622,25,1,0.1442,1
0.04634,0.07684,0.3417,0.2331,0.6827,0.4124,NMC532,25,1,1.103,1
0.042,0.06127,0.2906,0.1549,0.349,0.2218,NMC532,25,1,0.6855,1
0.1622,0.00468,0.4243,0.8945,1.473,0.5867,NMC523,25,1,0.1848,1
0.1877,0.1078,0.4464,0.6435,1.841,0.5933,NMC622,25,1,0.08871,1
0.2274,0.05534,0.02828,0.7695,1.245,0.5258,NMC523,25,1,1.34,1
0.006158,0.04898,0.2681,0.1852,1.575,0.2016,NMC811,25,1,0.1133,1
0.02179,0.03852,0.3052,0.6029,1.078,0.4456,NMC523,25,1,0.09566,1
0.1283,0.01126,0.4194,0.1387,0.3511,0.2027,NMC532,25,1,1.079,1
0.1986,0.06157,0.01125,0.28,0.7032,0.4142,NMC532,25,1,0.09525,1
0.1043,0.03577,0.3983,0.4991,0.9583,0.3635,NMC523,25,1,0.02243,1
0.2034,0.04959,0.3683,0.4797,0.504,0.5212,NMC111,25,1,1.013,1
0.06742,0.06003,0.3736,0.1975,0.4714,0.3135,NMC532,25,1,0.02178,1
0.05366,0.03211,0.2066,0.9579,1.043,0.9724,NMC111,25,1,0.05436,1
0.06836,0.02187,0.02999,0.3611,0.9542,0.5951,NMC532,25,1,0.1915,1
0.2002,0.0298,0.3444,0.1356,1.088,0.1454,NMC811,25,1,0.4596,1
0.1853,0.1031,0.3794,0.6551,1.164,0.4954,NMC523,25,1,0.0441,1
0.05667,0.08103,0.2413,0.6143,1.81,0.6015,NMC622,25,1,0.146,1
0.1779,0.00466,0.2866,0.3263,0.968,0.2883,NMC622,25,1,0.0551,1
0.1872,0.1097,0.4557,0.6938,1.116,0.4575,NMC523,25,1,0.3176,1
0.01168,0.01603,0.1627,0.2869,2.463,0.3361,NMC811,25,1,0.0464,1
0.2262,0.03765,0.1345,0.9313,0.8436,0.8547,NMC111,25,1,0.02393,1
0.07197,0.09324,0.432,0.4256,0.6864,0.306,NMC523,25,1,0.4272,1
0.1921,0.1075,0.3418,0.2557,0.6385,0.3693,NMC532,25,1,0.05514,1
0.1442,0.008737,0.1466,0.96,1.494,0.587,NMC523,25,1,0.02557,1
0.2239,0.1034,0.3611,0.5712,1.749,0.5569,NMC622,25,1,0.08654,1
0.09933,0.111,0.4546,0.5548,1.422,0.9006,NMC532,25,1,1.206,1
0.01581,0.06709,0.3202,0.2027,0.4926,0.2988,NMC532,25,1,0.03718,1
0.04218,0.06083,0.1745,0.24,0.4738,0.1886,NMC523,25,1,0.02022,1
0.01161,0.1028,0.2816,0.402,0.9833,0.6039,NMC532,25,1,0.79,1
0.1414,0.08115,0.1112,0.2796,0.7526,0.2711,NMC622,25,1,0.2164,1
0.1038,0.0632,0.2081,0.04589,0.1165,0.07235,NMC532,25,1,0.1149,1
0.1955,0.05576,0.0832,0.1777,1.485,0.1831,NMC811,25,1,0.08319,1
0.2145,0.008761,0.1723,0.8738,0.9827,0.9666,NMC111,25,1,0.3561,1
0.07654,0.05375,0.2014,0.3661,0.9394,0.5476,NMC532,25,1,0.0782,1
0.02041,0.0512,0.4396,0.2629,0.2415,0.259,NMC111,25,1,1.382,1
0.03586,0.01049,0.02552,0.3728,0.6618,0.2678,NMC523,25,1,0.6466,1
0.104,0.0716,0.2993,0.5403,0.908,0.3693,NMC523,25,1,1.236,1
0.2108,0.03218,0.1044,0.1757,0.5181,0.153,NMC622,25,1,0.2931,1
0.2054,0.005976,0.3806,0.03776,0.3094,0.03687,NMC811,25,1,0.04353,1
0.005808,0.06582,0.1832,0.2756,2.39,0.2755,NMC811,25,1,0.4179,1
0.02586,0.09299,0.1819,0.2412,1.895,0.2572,NMC811,25,1,0.8483,1
0.1913,0.04214,0.1909,0.8673,1.414,0.5442,NMC523,25,1,0.07029,1
0.139,0.09038,0.1241,0.1415,0.3653,0.2202,NMC532,25,1,0.1456,1
0.1802,0.07639,0.4163,0.5536,0.545,0.5434,NMC111,25,1,0.1225,1
0.08875,0.04139,0.2206,0.5448,0.9015,0.3822,NMC523,25,1,0.02928,1
0.1225,0.004111,0.3558,0.5192,1.492,0.4996,NMC622,25,1,0.6342,1
0.05922,0.03493,0.1622,0.7196,0.6486,0.7044,NMC111,25,1,0.1936,1
0.08132,0.03902,0.3579,0.03266,0.2901,0.0361,NMC811,25,1,0.2094,1
0.1628,0.09831,0.2307,0.04401,0.1229,0.04716,NMC622,25,1,0.03364,1
0.01414,0.004727,0.0365,0.6046,1.461,0.8344,NMC532,25,1,0.02301,1
0.08496,0.06238,0.4212,0.9149,0.9832,0.9378,NMC111,25,1,0.3907,1
0.1001,0.04977,0.04521,0.5217,0.9044,0.3715,NMC523,25,1,0.5881,1
0.0883,0.0127,0.4257,0.4124,1.166,0.654,NMC532,25,1,0.02349,1
0.1171,0.07434,0.436,0.05691,0.4378,0.05629,NMC811,25,1,0.02318,1
0.04607,0.08956,0.2095,0.2177,0.2179,0.207,NMC111,25,1,0.09834,1
0.1998,0.03778,0.1207,0.3296,0.8702,0.4762,NMC532,25,1,0.6454,1
0.08768,0.03694,0.02901,0.1074,0.3584,0.09829,NMC622,25,1,0.2343,1
0.1065,0.002891,0.2944,0.6443,0.6193,0.6545,NMC111,25,1,1.129,1
0.09815,0.06165,0.1156,0.1848,0.4583,0.2536,NMC532,25,1,0.3016,1
0.2006,0.07834,0.07309,0.2781,0.829,0.2917,NMC622,25,1,0.03683,1
0.1586,0.06965,0.1036,0.4467,1.238,0.638,NMC532,25,1,0.1944,1
0.04888,0.006397,0.02999,0.8119,0.7957,0.7981,NMC111,25,1,0.3222,1
0.045,0.1089,0.2766,0.4248,1.22,0.3826,NMC622,25,1,0.2727,1
0.1847,0.07594,0.4341,0.529,1.626,0.6085,NMC622,25,1,0.04543,1
0.153,0.0878,0.1406,0.1269,0.9368,0.1201,NMC811,25,1,0.3844,1
0.1566,0.03883,0.03323,0.8216,1.336,0.5732,NMC523,25,1,0.1023,1
0.15,0.01626,0.4516,0.488,1.43,0.7801,NMC532,25,1,0.221,1
0.1872,0.07939,0.06794,0.8062,0.7992,0.8056,NMC111,25,1,0.02677,1
0.1258,0.05338,0.4548,0.2008,0.3716,0.1422,NMC523,25,1,0.279,1
0.03676,0.07608,0.2766,0.2691,0.8402,0.2581,NMC622,25,1,0.04911,1
0.1235,0.07483,0.04375,0.03291,0.2499,0.03275,NMC811,25,1,0.1404,1
0.2229,0.08951,0.1933,0.5633,0.9332,0.3464,NMC523,25,1,0.09388,1
0.2023,0.03541,0.2477,0.2364,0.7949,0.2367,NMC622,25,1,1.12,1
0.01193,0.109,0.1477,0.2796,2.331,0.2778,NMC811,25,1,0.1649,1
0.1109,0.08409,0.1391,0.6058,1.687,0.5652,NMC622,25,1,1.396,1
0.1735,0.05716,0.1713,0.6248,1.827,0.6263,NMC622,25,1,0.7169,1
0.1044,0.08941,0.2483,0.6227,1.438,0.9218,NMC532,25,1,0.2511,1
0.1669,0.06511,0.2412,0.5679,1.041,0.4139,NMC523,25,1,0.2831,1
0.02245,0.04893,0.3447,0.1218,0.1962,0.07313,NMC523,25,1,0.3257,1
0.03012,0.09777,0.3832,0.2904,0.7776,0.4752,NMC532,25,1,0.2212,1
0.07347,0.05808,0.354,0.07307,0.5433,0.07222,NMC811,25,1,0.07582,1
0.1032,0.08408,0.3217,0.309,2.257,0.3,NMC811,25,1,0.8543,1
0.03996,0.01184,0.3143,0.5072,1.729,0.5101,NMC622,25,1,0.2928,1
0.05729,0.09406,0.4176,0.6421,0.6839,0.6827,NMC111,25,1,0.02439,1
0.1662,0.02797,0.3746,0.3393,1.111,0.3648,NMC622,25,1,1.495,1
0.1104,0.04375,0.3753,0.4717,1.042,0.6719,NMC532,25,1,0.4743,1
0.03207,0.004048,0.03293,0.03535,0.1029,0.03561,NMC622,25,1,0.02652,1
0.1413,0.08014,0.2771,0.507,1.203,0.7872,NMC532,25,1,0.3002,1
0.03684,0.03988,0.411,0.1557,1.408,0.171,NMC811,25,1,0.2995,1
0.2155,0.06755,0.3213,0.3863,0.6227,0.2597,NMC523,25,1,0.1687,1
0.1616,0.03222,0.1047,0.06783,0.4782,0.06959,NMC811,25,1,1.024,1
0.1681,0.05724,0.4444,0.1088,0.2441,0.1463,NMC532,25,1,0.1161,1
0.06552,0.1055,0.3756,0.3541,0.9368,0.5365,NMC532,25,1,0.2184,1
0.02521,0.01985,0.1619,0.2958,2.457,0.3143,NMC811,25,1,0.04294,1
0.09788,0.04934,0.2138,0.2402,0.4222,0.1692,NMC523,25,1,0.7707,1
0.1964,0.08321,0.1447,0.0328,0.0558,0.02259,NMC523,25,1,0.3981,1
0.1291,0.04463,0.4239,0.474,1.158,0.6648,NMC532,25,1,1.004,1
0.1588,0.08656,0.05957,0.1935,0.333,0.1239,NMC523,25,1,0.02635,1
0.004329,0.0935,0.1307,0.4368,1.266,0.4437,NMC622,25,1,0.05865,1
0.08856,0.09942,0.1074,0.752,1.212,0.5572,NMC523,25,1,0.3717,1
0.1008,0.04504,0.05131,0.1055,0.8758,0.1117,NMC811,25,1,0.9772,1
0.1903,0.03515,0.1505,0.1369,0.3751,0.2162,NMC532,25,1,0.2136,1
0.2227,0.07806,0.2247,0.1806,0.2876,0.112,NMC523,25,1,0.2874,1
0.1552,0.06851,0.376,0.2639,2.039,0.284,NMC811,25,1,0.5676,1
0.09805,0.01429,0.09316,0.2406,0.6136,0.3601,NMC532,25,1,0.02765,1
0.08576,0.0412,0.3968,0.129,0.3462,0.2033,NMC532,25,1,0.1522,1
0.1231,0.05072,0.346,0.4758,1.098,0.6917,NMC532,25,1,0.4556,1
0.1211,0.1056,0.1595,0.7371,1.326,0.55,NMC523,25,1,0.02657,1
0.07016,0.02383,0.2853,0.7883,0.7958,0.8168,NMC111,25,1,0.07571,1
0.2075,0.05141,0.3825,0.5553,0.9236,0.3912,NMC523,25,1,0.1124,1
0.1927,0.09539,0.1083,0.8272,0.7861,0.7829,NMC111,25,1,0.1884,1
0.04357,0.01453,0.06405,0.4066,0.406,0.4694,NMC111,25,1,0.1239,1
0.1044,0.003021,0.3893,0.3585,1.063,0.3701,NMC622,25,1,0.03606,1
0.146,0.06526,0.09423,0.3172,0.588,0.2378,NMC523,25,1,0.02558,1
0.1234,0.09156,0.1832,0.185,0.1971,0.2145,NMC111,25,1,0.3084,1
0.2024,0.02259,0.3364,0.8613,0.9466,0.9206,NMC111,25,1,0.02151,1
0.1065,0.006722,0.06181,0.1683,1.343,0.1672,NMC811,25,1,0.08775,1
0.07131,0.0705,0.09271,0.111,0.2891,0.1038,NMC622,25,1,0.1694,1
0.1895,0.04335,0.3694,0.3631,0.6159,0.2463,NMC523,25,1,0.5984,1
0.06825,0.06674,0.02987,0.3397,0.5427,0.1965,NMC523,25,1,1.034,1
0.1338,0.07826,0.3693,0.4054,0.9768,0.5504,NMC532,25,1,0.1338,1
0.1455,0.1021,0.07092,0.8154,1.33,0.5622,NMC523,25,1,0.5811,1
0.0865,0.04016,0.3449,0.2561,0.2412,0.2544,NMC111,25,1,0.02483,1
0.08341,0.01772,0.08541,0.6152,1.046,0.4062,NMC523,25,1,0.2304,1
0.03903,0.01352,0.08165,0.4813,1.424,0.5076,NMC622,25,1,0.04147,1
0.111,0.01639,0.2362,0.09839,0.2815,0.09229,NMC622,25,1,0.1427,1
0.04734,0.02189,0.2056,0.1227,0.2019,0.08406,NMC523,25,1,0.4846,1
0.1243,0.007815,0.1728,0.4663,0.4729,0.4524,NMC111,25,1,0.04967,1
0.2111,0.03031,0.02357,0.1681,0.1745,0.1914,NMC111,25,1,0.02257,1
0.1103,0.03692,0.3431,0.09945,0.3192,0.09257,NMC622,25,1,0.04121,1
0.08337,0.02954,0.3856,0.1599,0.3929,0.2464,NMC532,25,1,0.02742,1
0.1259,0.01791,0.4494,0.4975,1.198,0.774,NMC532,25,1,0.3813,1
0.2013,0.01329,0.02031,0.2839,2.344,0.3019,NMC811,25,1,0.02003,1
0.04591,0.01973,0.289,0.231,0.6698,0.2354,NMC622,25,1,0.7026,1
0.09119,0.03522,0.3027,0.04599,0.1424,0.05002,NMC622,25,1,0.4082,1
0.2103,0.08425,0.05914,0.1327,1.104,0.1269,NMC811,25,1,0.1028,1
0.2025,0.06022,0.4201,0.9196,0.9669,0.9755,NMC111,25,1,0.1029,1
0.09007,0.07185,0.1416,0.1894,0.6054,0.2008,NMC622,25,1,0.1265,1
0.1561,0.07208,0.07837,0.1191,0.9046,0.1092,NMC811,25,1,0.1034,1
0.0108,0.1112,0.4574,0.1837,1.336,0.1837,NMC811,25,1,0.1166,1
0.1242,0.008583,0.09345,0.1644,1.526,0.1948,NMC811,25,1,0.06472,1
0.007697,0.03899,0.2184,0.7574,0.6992,0.6534,NMC111,25,1,1.052,1
0.1096,0.06783,0.3799,0.4078,1.015,0.5741,NMC532,25,1,0.7507,1
0.06968,0.09777,0.3522,0.402,1.247,0.464,NMC622,25,1,0.02111,1
0.1763,0.08277,0.03695,0.3308,1.031,0.3471,NMC622,25,1,0.2114,1
0.1612,0.005935,0.09487,0.1319,0.1418,0.1288,NMC111,25,1,0.214,1
0.2087,0.09508,0.08571,0.6115,0.6094,0.5913,NMC111,25,1,1.252,1
0.1258,0.09917,0.3043,0.05293,0.1315,0.08045,NMC532,25,1,0.126,1
0.188,0.01719,0.04646,0.2484,2.062,0.2485,NMC811,25,1,0.07392,1
0.2179,0.04579,0.1495,0.5855,1.521,0.8347,NMC532,25,1,0.3211,1
0.1102,0.04713,0.173,0.6465,0.7228,0.7582,NMC111,25,1,0.2811,1
0.1477,0.04146,0.3775,0.5917,0.6234,0.6573,NMC111,25,1,0.062,1
0.003804,0.03611,0.06483,0.2351,0.2648,0.2547,NMC111,25,1,0.02425,1
0.09946,0.05457,0.3854,0.5817,1.388,0.9367,NMC532,25,1,0.9466,1
0.1671,0.04355,0.2311,0.1222,0.3566,0.1239,NMC622,25,1,0.9845,1
0.01817,0.07332,0.3375,0.5076,0.4904,0.5354,NMC111,25,1,0.04135,1
0.1138,0.03603,0.2602,0.2495,0.2539,0.2595,NMC111,25,1,1.451,1
0.06192,0.03841,0.1592,0.8052,1.311,0.5604,NMC523,25,1,0.02204,1
0.0809,0.01198,0.2139,0.5663,1.317,0.759,NMC532,25,1,0.09455,1
0.1726,0.01472,0.2554,0.009413,0.07056,0.009246,NMC811,25,1,0.09717,1
0.2004,0.01178,0.2144,0.2414,0.4077,0.1542,NMC523,25,1,0.07309,1
0.2194,0.08339,0.3061,0.03676,0.06873,0.02512,NMC523,25,1,0.08945,1
0.06208,0.03278,0.2181,0.1284,0.3345,0.1918,NMC532,25,1,0.08144,1
0.2163,0.109,0.3235,0.005618,0.04367,0.005128,NMC811,25,1,0.0356,1
0.1749,0.04017,0.3751,0.3657,1.115,0.4281,NMC622,25,1,0.2447,1
0.1992,0.07764,0.1768,0.5586,1.396,0.8862,NMC532,25,1,0.04675,1
0.07764,0.0336,0.3718,0.2206,0.67,0.2305,NMC622,25,1,0.234,1
0.1824,0.004119,0.3035,0.4436,0.4309,0.4376,NMC111,25,1,0.4908,1
0.15,0.03417,0.2376,0.31,2.452,0.3241,NMC811,25,1,0.02028,1
0.116,0.0135,0.3417,0.2482,0.7777,0.2694,NMC622,25,1,0.03917,1
0.07844,0.04628,0.3367,0.6421,0.9952,0.451,NMC523,25,1,0.1904,1
0.1057,0.06435,0.2574,0.06012,0.4907,0.06436,NMC811,25,1,0.1628,1
0.2221,0.07082,0.2687,0.2006,0.3544,0.1279,NMC523,25,1,1.351,1
0.05861,0.1075,0.4162,0.6714,0.6002,0.6539,NMC111,25,1,1.21,1
0.1436,0.02037,0.2724,0.1242,0.9419,0.113,NMC811,25,1,0.7139,1
0.1128,0.04857,0.2255,0.1243,0.9962,0.1267,NMC811,25,1,0.5704,1
0.03113,0.1016,0.04329,0.153,0.4183,0.1553,NMC622,25,1,0.09399,1
0.03835,0.02277,0.3739,0.2707,0.6982,0.4083,NMC532,25,1,0.357,1
0.1495,0.08598,0.4431,0.5707,1.079,0.4269,NMC523,25,1,0.1402,1
0.01784,0.1114,0.165,0.01544,0.03838,0.02302,NMC532,25,1,0.1392,1
0.1759,0.009146,0.2058,0.3766,0.6627,0.247,NMC523,25,1,0.1056,1
0.08608,0.04632,0.05667,0.1746,1.359,0.1857,NMC811,25,1,0.02684,1
0.2049,0.02239,0.3829,0.1601,0.4673,0.2641,NMC532,25,1,1.133,1
0.1607,0.01775,0.287,0.5909,1.051,0.3696,NMC523,25,1,0.09362,1
0.1674,0.05503,0.1948,0.2319,0.5414,0.3461,NMC532,25,1,0.1704,1
0.02623,0.05913,0.4511,0.9235,0.8784,1.013,NMC111,25,1,1.327,1
0.08043,0.03829,0.2104,0.02003,0.06654,0.0221,NMC622,25,1,0.2084,1
0.1622,0.09767,0.03503,0.7397,0.704,0.783,NMC111,25,1,0.1133,1
0.08237,0.04371,0.3405,0.1962,0.1972,0.1935,NMC111,25,1,0.02234,1
0.1278,0.06565,0.08918,0.6815,1.176,0.4423,NMC523,25,1,0.05565,1
0.04748,0.07644,0.2772,0.2847,0.2789,0.3033,NMC111,25,1,0.06074,1
0.1298,0.1071,0.1425,0.5688,1.865,0.5973,NMC622,25,1,0.3208,1
0.08408,0.0138,0.1345,0.5115,1.365,0.8716,NMC532,25,1,0.05487,1
0.05537,0.07801,0.1548,0.1871,0.5525,0.1926,NMC622,25,1,0.1432,1
0.09503,0.03757,0.3331,0.6626,1.102,0.4407,NMC523,25,1,0.02578,1
0.2083,0.04863,0.1552,0.8323,1.44,0.5803,NMC523,25,1,0.1317,1
0.03141,0.008002,0.03807,0.1206,0.3061,0.187,NMC532,25,1,1.113,1
0.1663,0.09494,0.2875,0.3761,0.9081,0.5908,NMC532,25,1,0.04909,1
0.1491,0.05194,0.3621,0.07084,0.1223,0.04206,NMC523,25,1,0.1825,1
0.196,0.06498,0.2987,0.1277,1.013,0.1237,NMC811,25,1,0.6153,1
0.1864,0.06424,0.02642,0.2596,0.7328,0.2887,NMC622,25,1,0.194,1
0.02801,0.06754,0.3819,0.4154,1.026,0.6429,NMC532,25,1,0.4027,1
0.2086,0.02099,0.1642,0.5663,1.345,0.8286,NMC532,25,1,0.1576,1
0.1013,0.01384,0.08948,0.242,0.7368,0.2496,NMC622,25,1,0.3148,1
0.2163,0.03257,0.3208,0.2591,0.4188,0.1679,NMC523,25,1,1.279,1
0.1773,0.03208,0.1897,0.08282,0.09274,0.08966,NMC111,25,1,1.398,1
0.1043,0.05558,0.3899,0.2611,0.2924,0.2892,NMC111,25,1,0.4177,1
0.08729,0.03234,0.3372,0.03332,0.2643,0.03199,NMC811,25,1,0.2964,1
0.2215,0.09422,0.3054,0.2144,0.5571,0.3353,NMC532,25,1,0.0414,1
0.1051,0.09367,0.3238,0.7008,0.7759,0.7392,NMC111,25,1,0.7498,1
0.158,0.09432,0.1345,0.2044,0.5305,0.3259,NMC532,25,1,0.05375,1
0.0319,0.04383,0.1031,0.2964,0.7037,0.4354,NMC532,25,1,1.12,1
0.2197,0.01859,0.1401,0.4024,0.6349,0.2724,NMC523,25,1,0.02076,1
0.05874,0.04331,0.04754,0.4964,1.206,0.791,NMC532,25,1,1.254,1
0.03994,0.00632,0.1546,0.2189,1.88,0.2032,NMC811,25,1,0.03988,1
0.05947,0.009834,0.3072,0.5536,1.793,0.5917,NMC622,25,1,0.2433,1
0.06935,0.05411,0.2339,0.2629,2.133,0.2586,NMC811,25,1,0.07964,1
0.02935,0.04412,0.1851,0.05396,0.4271,0.05624,NMC811,25,1,0.1107,1
0.1089,0.0188,0.2928,0.02952,0.2088,0.02548,NMC811,25,1,0.07413,1
0.2134,0.004039,0.1378,0.2403,2.101,0.2416,NMC811,25,1,0.4168,1
0.1516,0.04082,0.4392,0.7294,1.229,0.4913,NMC523,25,1,1.405,1
0.02085,0.05571,0.3436,0.1514,0.4078,0.2556,NMC532,25,1,0.3434,1
0.0589,0.04053,0.3905,0.0437,0.1359,0.04321,NMC622,25,1,0.04202,1
0.1767,0.007517,0.2742,0.2696,1.994,0.2979,NMC811,25,1,0.1334,1
0.1381,0.05731,0.08652,0.3729,0.6143,0.2396,NMC523,25,1,0.07098,1
0.2064,0.09636,0.4179,0.8954,1.375,0.5863,NMC523,25,1,0.098,1
0.1333,0.1026,0.157,0.2409,0.5896,0.3233,NMC532,25,1,0.7234,1
0.02391,0.02218,0.173,0.5837,1.328,0.8274,NMC532,25,1,0.08046,1
0.1163,0.08054,0.3697,0.1197,1.046,0.1169,NMC811,25,1,0.9059,1
0.01694,0.1073,0.4322,0.8607,1.324,0.4992,NMC523,25,1,0.1368,1
0.05135,0.04382,0.3722,0.1448,0.3757,0.2274,NMC532,25,1,0.7123,1
0.1283,0.06883,0.1332,0.4727,0.8263,0.3532,NMC523,25,1,0.1339,1
0.03869,0.02721,0.2834,0.06557,0.162,0.09067,NMC532,25,1,0.2793,1
0.1099,0.05134,0.09846,0.8627,0.9253,0.9292,NMC111,25,1,0.1348,1
0.1358,0.05493,0.2317,0.389,0.6981,0.259,NMC523,25,1,0.4804,1
0.06969,0.04228,0.199,0.2277,0.6741,0.224,NMC622,25,1,0.03537,1
0.1211,0.07691,0.3841,0.3384,0.8328,0.4669,NMC532,25,1,0.5737,1
0.09144,0.02025,0.127,0.3381,0.9726,0.3286,NMC622,25,1,0.1686,1
0.01213,0.03026,0.1142,0.09335,0.7093,0.08352,NMC811,25,1,0.05167,1
0.122,0.02433,0.2167,0.1453,0.4861,0.1397,NMC622,25,1,0.08485,1
0.2148,0.07741,0.4222,0.0971,0.7853,0.0984,NMC811,25,1,0.228,1
0.1322,0.07915,0.2045,0.08264,0.215,0.126,NMC532,25,1,0.06289,1
0.07676,0.08052,0.2178,0.07676,0.607,0.07671,NMC811,25,1,0.761,1
0.1767,0.01879,0.1215,0.4504,1.203,0.7073,NMC532,25,1,0.3716,1
0.2174,0.06372,0.08732,0.1236,1.011,0.1274,NMC811,25,1,0.0483,1
0.2226,0.1036,0.249,0.397,1.24,0.382,NMC622,25,1,0.1821,1
0.2103,0.09177,0.2694,0.1456,1.225,0.1344,NMC811,25,1,1.047,1
0.1437,0.06933,0.09125,0.171,0.2821,0.1188,NMC523,25,1,1.179,1
0.1867,0.02101,0.2345,0.5585,1.772,0.6322,NMC622,25,1,0.0516,1
0.1092,0.0373,0.1521,0.1935,0.6084,0.1863,NMC622,25,1,0.09719,1
0.1506,0.0786,0.2803,0.355,1.111,0.3375,NMC622,25,1,0.07083,1
0.2147,0.02973,0.2145,0.1535,1.371,0.1639,NMC811,25,1,0.03906,1
0.04256,0.008527,0.1742,0.08531,0.08728,0.08614,NMC111,25,1,1.224,1
0.08116,0.07103,0.03712,0.9353,0.8689,0.9158,NMC111,25,1,0.09108,1
0.2066,0.07762,0.3056,0.5366,0.5042,0.5372,NMC111,25,1,0.03231,1
0.1717,0.02843,0.1406,0.3348,0.339,0.3423,NMC111,25,1,0.1714,1
0.1546,0.1071,0.3059,0.1054,0.7439,0.1057,NMC811,25,1,0.05464,1
0.06541,0.08141,0.1388,0.3732,0.393,0.3657,NMC111,25,1,0.02165,1
0.1484,0.08168,0.04124,0.148,0.4467,0.1458,NMC622,25,1,0.03425,1
0.03566,0.0865,0.249,0.1063,0.1012,0.1091,NMC111,25,1,0.2071,1
0.03502,0.07615,0.3073,0.4003,1.042,0.678,NMC532,25,1,0.04421,1
0.2106,0.09272,0.4088,0.5408,1.289,0.8323,NMC532,25,1,0.05469,1
0.1179,0.07783,0.2132,0.6609,1.766,0.6458,NMC622,25,1,0.2747,1
0.03451,0.02755,0.3396,0.2313,0.5902,0.3516,NMC532,25,1,0.6131,1
0.04976,0.02134,0.4306,0.5723,1.596,0.5152,NMC622,25,1,0.124,1
0.158,0.004153,0.3584,0.2118,1.595,0.2043,NMC811,25,1,1.148,1
0.02391,0.1031,0.4066,0.06221,0.09905,0.03963,NMC523,25,1,0.02376,1
0.1116,0.04249,0.437,0.2926,2.435,0.2898,NMC811,25,1,0.3223,1
0.03231,0.03552,0.2663,0.5261,0.9515,0.3659,NMC523,25,1,1.156,1
0.07512,0.07386,0.3305,0.4366,1.275,0.4256,NMC622,25,1,0.04043,1
0.1603,0.04847,0.317,0.2287,0.656,0.2062,NMC622,25,1,0.08963,1
0.1899,0.1051,0.1286,0.01173,0.03809,0.01229,NMC622,25,1,0.08646,1
0.07957,0.0328,0.2603,0.5869,1.422,0.8021,NMC532,25,1,1.223,1
0.0104,0.08159,0.3049,0.6759,0.6952,0.6588,NMC111,25,1,0.1219,1
0.1819,0.07508,0.4038,0.08933,0.753,0.08225,NMC811,25,1,0.8308,1
0.1053,0.02524,0.3389,0.7033,1.101,0.4621,NMC523,25,1,0.6531,1
0.0537,0.0873,0.07872,0.3752,1.014,0.5637,NMC532,25,1,0.06711,1
0.2208,0.08726,0.01942,0.337,0.6136,0.2398,NMC523,25,1,0.1005,1
0.01155,0.09,0.0881,0.1975,0.1995,0.1987,NMC111,25,1,0.1975,1
0.0489,0.01687,0.4034,0.3583,0.6784,0.2466,NMC523,25,1,0.04435,1
0.07906,0.08617,0.1274,0.2743,2.315,0.2944,NMC811,25,1,0.02714,1
0.1169,0.02234,0.4085,0.1966,0.4634,0.283,NMC532,25,1,1.499,1
0.03556,0.08614,0.4098,0.2595,2.098,0.2515,NMC811,25,1,0.05927,1
0.1605,0.1038,0.3752,0.595,1.834,0.6398,NMC622,25,1,0.5229,1
0.09986,0.08806,0.04052,0.1956,1.39,0.215,NMC811,25,1,0.07514,1
0.05397,0.09824,0.2214,0.1185,0.9132,0.1136,NMC811,25,1,0.08088,1
0.1666,0.08681,0.1872,0.3445,1.073,0.3367,NMC622,25,1,0.02846,1
0.1887,0.02187,0.244,0.3838,1.063,0.5919,NMC532,25,1,0.5795,1
0.01604,0.009352,0.1144,0.3573,0.9019,0.5442,NMC532,25,1,0.075,1
0.1551,0.05348,0.3309,0.1198,0.3356,0.1091,NMC622,25,1,1.086,1
0.07326,0.09239,0.4092,0.4957,0.5009,0.4951,NMC111,25,1,1.203,1
0.06727,0.09004,0.1163,0.1805,1.429,0.1677,NMC811,25,1,0.1335,1
0.05467,0.04459,0.2604,0.8867,1.502,0.6325,NMC523,25,1,0.04178,1
0.1052,0.05851,0.3726,0.5288,0.8453,0.3151,NMC523,25,1,0.03051,1
0.1179,0.01418,0.2774,0.1658,0.436,0.2493,NMC532,25,1,0.7897,1
0.01914,0.06013,0.01024,0.3169,2.338,0.2956,NMC811,25,1,0.1002,1
0.104,0.03571,0.3281,0.07005,0.109,0.0392,NMC523,25,1,1.368,1
0.1061,0.01396,0.2036,0.4716,0.4997,0.4958,NMC111,25,1,0.02365,1
0.1015,0.03348,0.2646,0.04609,0.1184,0.06482,NMC532,25,1,0.1308,1
0.1651,0.07823,0.1767,0.6133,1.007,0.3522,NMC523,25,1,0.127,1
0.1342,0.07173,0.1751,0.1618,0.5039,0.1822,NMC622,25,1,0.02317,1
0.1832,0.01183,0.3543,0.5306,0.7789,0.322,NMC523,25,1,0.1506,1
0.1673,0.08035,0.2076,0.6773,1.146,0.4315,NMC523,25,1,0.1797,1
0.06742,0.1013,0.4556,0.04695,0.4012,0.04772,NMC811,25,1,0.05366,1
0.1107,0.05122,0.3015,0.1981,0.5614,0.203,NMC622,25,1,0.1431,1
0.1147,0.01995,0.1945,0.3416,0.6225,0.2245,NMC523,25,1,0.362,1
0.1984,0.1068,0.2756,0.5561,1.811,0.5145,NMC622,25,1,1.356,1
0.1856,0.08631,0.3781,0.6201,1.831,0.5843,NMC622,25,1,0.1165,1
0.1179,0.06706,0.3474,0.4011,1.084,0.577,NMC532,25,1,0.2435,1
0.1476,0.04011,0.2992,0.234,0.5345,0.335,NMC532,25,1,0.06439,1
0.02983,0.04744,0.3709,0.07744,0.1252,0.0515,NMC523,25,1,0.1303,1
0.08937,0.00777,0.2477,0.4741,0.45,0.4299,NMC111,25,1,0.04606,1
0.03227,0.06054,0.3777,0.6038,0.9485,0.342,NMC523,25,1,0.4095,1
0.04763,0.05822,0.4131,0.1201,0.9247,0.1222,NMC811,25,1,0.07733,1
0.08903,0.05925,0.07914,0.438,0.6747,0.307,NMC523,25,1,0.02652,1
0.1397,0.07989,0.01446,0.5932,0.5801,0.5842,NMC111,25,1,0.9019,1
0.02308,0.003476,0.07366,0.6626,0.5645,0.5921,NMC111,25,1,0.03943,1
0.149,0.08188,0.1103,0.4906,1.26,0.7887,NMC532,25,1,0.03282,1
0.03674,0.06136,0.3539,0.0134,0.0995,0.01341,NMC811,25,1,0.2822,1
0.1477,0.07818,0.2509,0.3447,1.006,0.3178,NMC622,25,1,0.8348,1
0.1244,0.0796,0.3156,0.1327,0.3108,0.2051,NMC532,25,1,0.06365,1
0.04182,0.09029,0.3876,0.04196,0.3263,0.04272,NMC811,25,1,1.257,1
0.00932,0.03873,0.4189,0.09711,0.296,0.09323,NMC622,25,1,0.1198,1
0.1627,0.05128,0.3576,0.4492,1.129,0.5909,NMC532,25,1,0.2471,1
0.1939,0.007685,0.3195,0.613,1.113,0.4387,NMC523,25,1,0.7905,1
0.05772,0.104,0.05033,0.05262,0.4501,0.05389,NMC811,25,1,0.8181,1
0.08359,0.02031,0.04884,1.012,0.9946,0.9679,NMC111,25,1,0.6095,1
0.1045,0.00289,0.3077,0.2223,1.737,0.2382,NMC811,25,1,0.08004,1
0.1705,0.08985,0.1857,0.2785,2.161,0.2738,NMC811,25,1,0.6426,1
0.1568,0.09776,0.1491,0.602,1.363,0.9092,NMC532,25,1,0.2525,1
0.1742,0.01593,0.1568,0.5359,1.346,0.8154,NMC532,25,1,0.3291,1
0.2146,0.08901,0.3212,0.1864,1.493,0.2029,NMC811,25,1,0.1882,1
0.1152,0.01669,0.2253,0.1116,0.1858,0.07904,NMC523,25,1,0.9679,1
0.08523,0.08273,0.3989,0.1369,0.3914,0.1316,NMC622,25,1,1.023,1
0.09813,0.09477,0.18,0.07318,0.176,0.1134,NMC532,25,1,0.1285,1
0.1874,0.02137,0.3527,0.1134,0.1155,0.1238,NMC111,25,1,0.03303,1
0.07809,0.02746,0.1648,0.3071,2.396,0.2932,NMC811,25,1,0.1806,1
0.03714,0.06571,0.01923,0.1727,0.4237,0.2581,NMC532,25,1,1.032,1
0.07236,0.0656,0.173,0.2782,2.333,0.2773,NMC811,25,1,1.431,1
0.1523,0.09475,0.02809,0.2823,0.6803,0.4214,NMC532,25,1,0.1021,1
0.04924,0.0877,0.258,0.08923,0.08862,0.08568,NMC111,25,1,0.7951,1
0.187,0.01062,0.2025,0.5621,1.597,0.8354,NMC532,25,1,0.2185,1
0.193,0.01244,0.2351,0.4472,0.4723,0.4775,NMC111,25,1,1.434,1
0.1631,0.004101,0.1894,0.2596,0.6436,0.3876,NMC532,25,1,0.05718,1
0.04262,0.04355,0.3084,0.07533,0.1326,0.05452,NMC523,25,1,0.0223,1
0.1393,0.04377,0.3172,0.3102,0.3063,0.3342,NMC111,25,1,0.02435,1
0.1929,0.07588,0.1535,0.02497,0.06923,0.03972,NMC532,25,1,0.0294,1
0.1464,0.05151,0.3055,0.0857,0.1443,0.05439,NMC523,25,1,0.1126,1
0.06134,0.0268,0.4363,0.203,0.3305,0.1368,NMC523,25,1,0.03375,1
0.08053,0.07303,0.3928,0.08784,0.1405,0.05932,NMC523,25,1,0.7983,1
0.05797,0.08339,0.114,0.6087,1.847,0.6134,NMC622,25,1,0.07815,1
0.1684,0.06163,0.3256,0.5171,1.735,0.5094,NMC622,25,1,0.6708,1
0.03868,0.1005,0.1408,0.09837,0.8283,0.09531,NMC811,25,1,0.03596,1
0.0187,0.04057,0.01753,0.7521,0.7725,0.755,NMC111,25,1,0.1582,1
0.0483,0.04065,0.3339,0.2785,0.4877,0.1843,NMC523,25,1,0.03548,1
0.1256,0.01092,0.43,0.4759,1.307,0.7934,NMC532,25,1,0.2847,1
0.1996,0.1088,0.08602,0.6499,0.7013,0.7125,NMC111,25,1,0.1093,1
0.07276,0.08876,0.3323,0.1356,1.029,0.1285,NMC811,25,1,0.3241,1
0.1481,0.03603,0.02011,0.148,0.1451,0.1598,NMC111,25,1,0.04396,1
0.1251,0.01218,0.3011,0.6051,0.884,0.3834,NMC523,25,1,0.7416,1
0.2107,0.08889,0.05764,0.6169,0.5257,0.6134,NMC111,25,1,0.1653,1
0.2253,0.05772,0.4322,0.1402,0.44,0.1447,NMC622,25,1,0.04039,1
0.0163,0.0841,0.4215,0.2595,0.6684,0.3799,NMC532,25,1,0.4823,1
0.167,0.08249,0.3882,0.835,0.7707,0.8597,NMC111,25,1,0.05848,1
0.09381,0.07668,0.1992,0.3392,0.3134,0.3498,NMC111,25,1,0.09795,1
0.03409,0.07378,0.07264,0.1769,0.1757,0.162,NMC111,25,1,0.02145,1
0.1862,0.05161,0.05163,0.4524,1.101,0.6371,NMC532,25,1,0.02402,1
0.03649,0.05432,0.3424,0.0487,0.08127,0.03388,NMC523,25,1,0.5772,1
0.08756,0.03657,0.1348,0.2697,0.8557,0.2867,NMC622,25,1,0.5598,1
0.1718,0.02266,0.03578,0.2015,1.617,0.2038,NMC811,25,1,0.03926,1
0.1899,0.01564,0.1403,0.4484,0.4774,0.4465,NMC111,25,1,1.271,1
0.2128,0.09303,0.3874,0.116,0.326,0.1039,NMC622,25,1,1.483,1
0.08568,0.1007,0.4226,0.1316,0.2964,0.1721,NMC532,25,1,1.267,1
0.1593,0.007853,0.06591,0.5489,1.701,0.5794,NMC622,25,1,0.02057,1
0.02124,0.003283,0.05901,0.1504,0.3615,0.2025,NMC532,25,1,0.2796,1
0.04764,0.08869,0.04881,0.4056,1.137,0.6468,NMC532,25,1,0.1766,1
0.006342,0.08804,0.2609,0.2652,1.9,0.2632,NMC811,25,1,0.1088,1
0.1296,0.06248,0.2615,0.07329,0.07335,0.06836,NMC111,25,1,0.09053,1
0.1158,0.01041,0.4034,0.1943,0.3254,0.1319,NMC523,25,1,0.7972,1
0.04974,0.02787,0.03024,0.2703,0.7748,0.248,NMC622,25,1,0.07339,1
0.2215,0.05168,0.05261,0.01186,0.02861,0.01637,NMC532,25,1,0.02406,1
0.1246,0.04931,0.3414,0.03725,0.2893,0.03908,NMC811,25,1,0.14,1
0.2022,0.01485,0.04557,0.3651,1.135,0.3642,NMC622,25,1,0.4812,1
0.06039,0.09156,0.02308,0.6987,0.7478,0.7629,NMC111,25,1,0.03415,1
0.2235,0.04548,0.01562,0.1762,0.5274,0.1983,NMC622,25,1,0.8358,1
0.02861,0.08637,0.1927,0.4722,0.7925,0.3232,NMC523,25,1,0.07801,1
0.1959,0.05071,0.3868,0.1532,1.086,0.1465,NMC811,25,1,0.1621,1
0.1728,0.08325,0.2606,0.3348,0.5212,0.221,NMC523,25,1,0.02097,1
0.2158,0.1094,0.3373,0.6313,0.6497,0.7026,NMC111,25,1,0.1961,1
0.07752,0.05308,0.09213,0.4951,1.096,0.7381,NMC532,25,1,0.4701,1
0.03013,0.08714,0.1996,0.4037,1.316,0.471,NMC622,25,1,0.2776,1
0.09235,0.1091,0.2294,0.01689,0.05166,0.0165,NMC622,25,1,0.8626,1
0.08505,0.04075,0.1642,0.263,0.7815,0.2716,NMC622,25,1,0.02589,1
0.1331,0.03876,0.4082,0.9632,0.9984,1.047,NMC111,25,1,0.9108,1
0.01324,0.04537,0.2081,0.2145,0.6008,0.3102,NMC532,25,1,0.03885,1
0.01744,0.07931,0.2887,0.1615,0.5143,0.181,NMC622,25,1,0.4969,1
0.1469,0.01849,0.2149,0.17,0.2596,0.106,NMC523,25,1,0.8595,1
0.1393,0.06168,0.1578,0.3899,1.331,0.3991,NMC622,25,1,0.05358,1
0.09596,0.1042,0.1994,0.3637,0.8333,0.5229,NMC532,25,1,0.1385,1
0.1705,0.02363,0.1549,0.06459,0.1992,0.06576,NMC622,25,1,0.03771,1
0.1038,0.1051,0.1432,0.1518,0.4303,0.1409,NMC622,25,1,0.2392,1
0.1034,0.01331,0.4309,0.5425,0.9408,0.3814,NMC523,25,1,0.0823,1
0.2015,0.04093,0.1841,0.9574,1.074,0.9931,NMC111,25,1,0.5062,1
0.1677,0.05659,0.4316,0.2491,1.87,0.2347,NMC811,25,1,0.6406,1
0.1874,0.0498,0.1981,0.1011,0.2891,0.1019,NMC622,25,1,0.3237,1
0.1458,0.08991,0.3649,0.03494,0.1001,0.03216,NMC622,25,1,0.4877,1
0.04975,0.09323,0.161,0.1372,0.2162,0.0935,NMC523,25,1,0.4144,1
0.08261,0.02102,0.2387,0.1783,0.1791,0.1718,NMC111,25,1,0.1742,1
0.05873,0.06777,0.3182,0.4549,0.731,0.3404,NMC523,25,1,0.2298,1
0.0558,0.09247,0.2868,0.5947,1.287,0.8556,NMC532,25,1,0.04105,1
0.06707,0.02244,0.4527,0.3861,0.5984,0.2525,NMC523,25,1,0.05931,1
0.1233,0.01045,0.2742,0.2046,0.5569,0.1906,NMC622,25,1,0.581,1
0.0348,0.04854,0.3239,0.2045,0.5131,0.3042,NMC532,25,1,0.06916,1
0.1974,0.07121,0.2881,0.06164,0.1824,0.05883,NMC622,25,1,0.02036,1
0.115,0.01752,0.4296,0.2924,2.344,0.2888,NMC811,25,1,0.1977,1
0.06488,0.07968,0.4265,0.3138,0.472,0.2156,NMC523,25,1,0.195,1
0.1507,0.06363,0.3155,0.9,0.8556,0.8604,NMC111,25,1,0.02045,1
0.1604,0.006896,0.007721,0.1651,0.3747,0.2179,NMC532,25,1,1.435,1
0.06995,0.008777,0.147,0.8885,0.8796,0.8786,NMC111,25,1,0.02551,1
0.02904,0.1001,0.1696,0.4591,0.7897,0.288,NMC523,25,1,0.3267,1
0.2098,0.07384,0.02369,0.2081,1.848,0.2274,NMC811,25,1,0.1281,1
0.2149,0.05253,0.4081,0.6016,1.472,0.8826,NMC532,25,1,0.04992,1
0.1888,0.06134,0.4346,0.5802,1.553,0.5134,NMC622,25,1,1.037,1
0.08174,0.01666,0.382,0.4839,1.3,0.7883,NMC532,25,1,0.05501,1
0.02183,0.005999,0.2101,0.9218,1.464,0.6298,NMC523,25,1,0.03157,1
0.2226,0.05758,0.04335,0.2581,0.2626,0.2694,NMC111,25,1,1.158,1
0.1627,0.05638,0.03877,0.07353,0.2112,0.0714,NMC622,25,1,0.03576,1
0.2013,0.05982,0.3166,0.4819,0.4766,0.456,NMC111,25,1,0.02065,1
0.0351,0.01112,0.3254,0.5046,0.4339,0.5385,NMC111,25,1,0.305,1
0.1758,0.07827,0.2732,0.5298,0.5758,0.5604,NMC111,25,1,0.1076,1
0.01556,0.06477,0.33,0.6788,1.183,0.4296,NMC523,25,1,0.2518,1
0.04098,0.08913,0.02976,0.6278,0.6455,0.6441,NMC111,25,1,0.3239,1
0.05339,0.003006,0.1853,0.563,0.5196,0.5635,NMC111,25,1,0.02105,1
0.1456,0.04487,0.3508,0.2312,0.7798,0.2319,NMC622,25,1,0.2592,1
0.02811,0.008081,0.1179,0.5323,1.24,0.7231,NMC532,25,1,0.08256,1
0.09294,0.103,0.2933,0.5779,0.6325,0.6483,NMC111,25,1,0.6173,1
0.02116,0.05571,0.3554,0.1368,0.2973,0.1823,NMC532,25,1,0.3511,1
0.1166,0.08599,0.06888,0.7605,0.8422,0.7571,NMC111,25,1,0.8498,1
0.1028,0.04448,0.06086,0.2571,0.4674,0.1762,NMC523,25,1,0.0602,1
0.1207,0.005507,0.1375,0.7168,0.7127,0.6446,NMC111,25,1,0.03938,1
0.1327,0.1114,0.2063,0.328,0.9946,0.3175,NMC622,25,1,0.02238,1
0.2211,0.05656,0.2089,0.1023,0.2966,0.1006,NMC622,25,1,0.03541,1
0.08838,0.07342,0.1539,0.3688,1.152,0.3902,NMC622,25,1,0.4498,1
0.04623,0.08303,0.08355,0.8753,0.938,0.9571,NMC111,25,1,0.9522,1
0.121,0.03458,0.2322,0.235,1.866,0.2283,NMC811,25,1,0.4066,1
0.2062,0.09982,0.06028,0.1642,1.33,0.1676,NMC811,25,1,0.1652,1
0.1595,0.03284,0.3724,0.2623,0.7007,0.3946,NMC532,25,1,0.05195,1
0.009783,0.1063,0.3588,0.5927,0.5894,0.5853,NMC111,25,1,0.3833,1
0.1919,0.09809,0.1069,0.5586,0.8786,0.412,NMC523,25,1,0.04217,1
0.05745,0.0605,0.1559,0.355,1.153,0.3766,NMC622,25,1,0.05657,1
0.1572,0.05168,0.08371,0.3697,0.609,0.2634,NMC523,25,1,0.3083,1
0.1983,0.03251,0.00966,0.1522,1.167,0.1457,NMC811,25,1,0.06716,1
0.2062,0.07502,0.3319,0.6365,1.101,0.4352,NMC523,25,1,0.659,1
0.1864,0.03941,0.2655,0.4234,0.6867,0.2927,NMC523,25,1,0.03464,1
0.1492,0.04282,0.3952,0.2541,1.98,0.26,NMC811,25,1,0.4186,1
0.103,0.09133,0.2782,0.06621,0.5278,0.06848,NMC811,25,1,0.07062,1
0.2053,0.08222,0.3889,0.06517,0.5051,0.06606,NMC811,25,1,0.1227,1
0.2138,0.1102,0.1993,0.3186,0.5362,0.1961,NMC523,25,1,1.044,1
0.037,0.1083,0.2065,0.3152,2.184,0.2918,NMC811,25,1,0.3518,1
0.09638,0.02337,0.1164,0.6893,1.06,0.3898,NMC523,25,1,0.02581,1
0.0582,0.09941,0.2798,0.4678,1.15,0.676,NMC532,25,1,0.4097,1
0.115,0.02057,0.399,0.8481,1.224,0.5211,NMC523,25,1,0.02446,1
0.01242,0.05888,0.2876,0.4455,1.292,0.4596,NMC622,25,1,0.5064,1
0.06404,0.06631,0.01575,1.043,1.012,1.009,NMC111,25,1,0.03108,1
0.03306,0.0728,0.369,0.2566,0.3895,0.1735,NMC523,25,1,0.08096,1
0.0381,0.09135,0.4231,0.6432,1.717,0.577,NMC622,25,1,0.2063,1
0.2148,0.06167,0.09755,0.5125,1.618,0.5653,NMC622,25,1,0.5078,1
0.08555,0.05526,0.04231,0.4312,1.113,0.6308,NMC532,25,1,1.06,1
0.1013,0.05891,0.02895,0.2185,0.7008,0.2283,NMC622,25,1,0.9457,1
0.01123,0.01579,0.1652,0.271,0.6957,0.2476,NMC622,25,1,1.261,1
0.1,0.05409,0.4176,0.2641,0.9331,0.3065,NMC622,25,1,0.5699,1
0.1108,0.004787,0.052,0.1896,0.5751,0.197,NMC622,25,1,0.03306,1
0.1645,0.05943,0.411,0.1052,0.2825,0.1511,NMC532,25,1,0.4947,1
0.2118,0.05534,0.09981,1.014,1.428,0.6015,NMC523,25,1,0.2524,1
0.02902,0.05963,0.3154,0.09225,0.7441,0.08927,NMC811,25,1,0.4996,1
0.06786,0.04106,0.3775,0.4001,0.9268,0.5732,NMC532,25,1,0.3072,1
0.1512,0.05982,0.4266,0.573,0.9008,0.3718,NMC523,25,1,1.272,1
0.1191,0.04705,0.3587,0.4626,1.519,0.5037,NMC622,25,1,0.09962,1
0.1405,0.07897,0.2771,0.1484,0.1437,0.1328,NMC111,25,1,1.435,1
0.0902,0.1112,0.2773,0.2556,0.6862,0.4155,NMC532,25,1,0.6817,1
0.1173,0.04913,0.06006,0.2709,0.8549,0.2866,NMC622,25,1,0.02822,1
0.1507,0.1002,0.3446,0.5575,1.458,0.8324,NMC532,25,1,0.02683,1
0.1124,0.02696,0.1801,0.2752,0.6516,0.4115,NMC532,25,1,0.5904,1
0.003809,0.01801,0.2885,0.2136,0.3907,0.1484,NMC523,25,1,0.1742,1
0.1839,0.02227,0.01661,0.1744,0.5481,0.167,NMC622,25,1,0.4127,1
0.1314,0.008859,0.07147,0.2067,0.6349,0.2181,NMC622,25,1,1.142,1
0.1052,0.05163,0.1694,0.5944,0.9442,0.3877,NMC523,25,1,0.7082,1
0.1809,0.05618,0.2538,0.27,0.2586,0.2709,NMC111,25,1,0.2533,1
0.2106,0.07811,0.209,0.3599,0.8861,0.5855,NMC532,25,1,0.1237,1
0.1767,0.04809,0.4472,0.5553,1.45,0.4769,NMC622,25,1,0.7073,1
0.1947,0.05859,0.05984,0.116,0.3086,0.1099,NMC622,25,1,0.2122,1
0.03936,0.06004,0.239,0.5724,1.741,0.5229,NMC622,25,1,0.2617,1
0.1541,0.09556,0.1559,0.1814,1.617,0.1934,NMC811,25,1,0.0456,1
0.06964,0.03084,0.4374,0.2946,0.5389,0.203,NMC523,25,1,0.04168,1
0.05132,0.05246,0.2012,0.5787,1.765,0.5888,NMC622,25,1,0.1123,1
0.196,0.04701,0.2022,0.1309,0.3977,0.1355,NMC622,25,1,0.6392,1
0.01303,0.02485,0.4149,0.05323,0.458,0.05917,NMC811,25,1,0.8841,1
0.06307,0.05369,0.2645,0.2223,0.3346,0.154,NMC523,25,1,0.0472,1
0.2145,0.07184,0.362,1.026,0.9875,0.9856,NMC111,25,1,0.1364,1
0.1139,0.07703,0.197,0.5254,1.177,0.7392,NMC532,25,1,0.4063,1
0.1183,0.0261,0.3573,0.4372,1.106,0.6435,NMC532,25,1,0.04473,1
0.1976,0.001802,0.2257,1.021,0.9412,1.035,NMC111,25,1,0.6273,1
0.1439,0.02049,0.1237,0.08418,0.6343,0.09466,NMC811,25,1,0.6049,1
0.1438,0.08802,0.1301,0.006833,0.05856,0.006922,NMC811,25,1,0.02611,1
0.1555,0.00806,0.2647,0.08433,0.2017,0.1223,NMC532,25,1,0.4685,1
0.04913,0.06716,0.3195,0.1946,0.5961,0.2053,NMC622,25,1,0.1759,1
0.1914,0.05597,0.02796,0.02182,0.06999,0.02398,NMC622,25,1,0.9653,1
0.1493,0.09374,0.4263,0.2904,0.7447,0.484,NMC532,25,1,0.1363,1
0.2214,0.05605,0.2232,0.273,0.7832,0.2518,NMC622,25,1,0.03099,1
0.1988,0.0248,0.2146,0.3072,0.8695,0.332,NMC622,25,1,0.02687,1
0.2157,0.001909,0.2384,0.01052,0.03254,0.01095,NMC622,25,1,0.1169,1
0.1769,0.0988,0.3452,0.5973,0.9574,0.4226,NMC523,25,1,0.4905,1
0.1654,0.1003,0.4562,0.03756,0.1125,0.06847,NMC532,25,1,1.35,1
0.05438,0.09331,0.3207,0.4182,0.7128,0.284,NMC523,25,1,0.2126,1
0.1597,0.09092,0.0925,1.008,1.013,1.072,NMC111,25,1,0.106,1
0.0773,0.07128,0.1959,0.275,0.8647,0.2717,NMC622,25,1,0.06596,1
0.1982,0.03426,0.2699,0.2344,0.6924,0.2267,NMC622,25,1,0.9309,1
0.2223,0.005416,0.1541,0.2153,1.668,0.2162,NMC811,25,1,0.741,1
0.06814,0.07284,0.3572,0.678,0.5814,0.6426,NMC111,25,1,0.03083,1
0.1764,0.02872,0.2224,0.05342,0.05229,0.05437,NMC111,25,1,0.3048,1
0.03682,0.08109,0.4519,0.1693,1.407,0.1703,NMC811,25,1,0.1422,1
0.1405,0.08362,0.1103,0.5273,0.885,0.3651,NMC523,25,1,0.2501,1
0.1523,0.0773,0.1274,0.4308,1.068,0.6118,NMC532,25,1,0.05481,1
0.007054,0.08317,0.1965,0.5848,1.06,0.3861,NMC523,25,1,0.4984,1
0.198,0.04324,0.2235,0.6451,1.55,0.8983,NMC532,25,1,0.05152,1
0.08965,0.07586,0.3279,0.6427,0.9101,0.4001,NMC523,25,1,0.3466,1
0.1248,0.0206,0.2487,0.331,0.8421,0.3009,NMC622,25,1,0.09435,1
0.2223,0.03134,0.3107,0.6629,1.207,0.4789,NMC523,25,1,0.3756,1
0.05587,0.007966,0.3982,0.4429,0.4622,0.4268,NMC111,25,1,1.372,1
0.1843,0.0947,0.1779,0.2737,2.238,0.2644,NMC811,25,1,0.1965,1
0.1318,0.01345,0.4472,0.1205,0.3535,0.1263,NMC622,25,1,0.2179,1
0.04917,0.0893,0.1122,0.5977,1.48,0.8109,NMC532,25,1,0.6659,1
0.1419,0.07366,0.1917,0.1838,0.4489,0.2794,NMC532,25,1,0.9638,1
0.1531,0.09142,0.1272,0.1951,0.5902,0.2281,NMC622,25,1,0.1511,1
0.194,0.07871,0.2155,0.1203,0.1082,0.1239,NMC111,25,1,0.042,1
0.1012,0.05913,0.244,0.9326,0.9235,0.9422,NMC111,25,1,0.04986,1
0.1062,0.0566,0.3913,0.03079,0.0765,0.0457,NMC532,25,1,0.2328,1
0.2261,0.03957,0.1574,0.2622,2.16,0.2531,NMC811,25,1,0.05617,1
0.1318,0.1103,0.3848,0.8408,0.9258,0.9284,NMC111,25,1,0.1823,1
0.1058,0.02641,0.2633,0.781,0.8605,0.887,NMC111,25,1,0.03928,1
0.1726,0.07124,0.277,0.5283,0.955,0.3909,NMC523,25,1,0.1324,1
0.1153,0.1093,0.06946,0.1564,1.312,0.1514,NMC811,25,1,1.278,1
0.1181,0.08826,0.4021,0.02639,0.02611,0.02565,NMC111,25,1,0.08362,1
0.1862,0.03181,0.1966,0.3333,0.3956,0.38,NMC111,25,1,0.7299,1
0.1645,0.0145,0.374,0.06133,0.5045,0.06563,NMC811,25,1,0.06633,1
0.015,0.03857,0.1485,0.07349,0.1094,0.04411,NMC523,25,1,0.5697,1
0.09504,0.09451,0.2123,0.03978,0.2993,0.04061,NMC811,25,1,0.03677,1
0.1679,0.09075,0.2026,0.05558,0.4725,0.06257,NMC811,25,1,0.2802,1
0.1521,0.1034,0.3989,0.5566,0.5723,0.5113,NMC111,25,1,0.187,1
0.02333,0.09607,0.0885,0.02195,0.02399,0.02427,NMC111,25,1,0.7206,1
0.1884,0.02976,0.03588,0.3038,0.4917,0.209,NMC523,25,1,0.04232,1
0.01858,0.07215,0.1782,0.1547,1.116,0.1662,NMC811,25,1,0.02189,1
0.08755,0.009083,0.1045,0.09448,0.3343,0.1089,NMC622,25,1,0.02773,1
0.1093,0.05336,0.2122,0.2563,2.247,0.2575,NMC811,25,1,0.2979,1
0.1551,0.09438,0.1213,0.009269,0.07438,0.008339,NMC811,25,1,0.4739,1
0.1878,0.03366,0.3047,0.2282,0.6694,0.2338,NMC622,25,1,0.3027,1
0.08506,0.07234,0.1665,0.04934,0.04671,0.04801,NMC111,25,1,0.0473,1
0.2179,0.03297,0.04119,0.3544,1.026,0.3406,NMC622,25,1,0.06754,1
0.132,0.03477,0.1339,0.7395,0.7108,0.7271,NMC111,25,1,0.4908,1
0.2085,0.04977,0.1786,0.08839,0.293,0.09142,NMC622,25,1,0.028,1
0.2175,0.09347,0.1712,0.3119,0.512,0.1972,NMC523,25,1,0.03903,1
0.07119,0.04556,0.3532,0.159,1.354,0.1675,NMC811,25,1,0.7692,1
0.1114,0.02026,0.219,0.1755,0.6335,0.1891,NMC622,25,1,0.2006,1
0.02659,0.003917,0.4024,0.2696,2.166,0.2689,NMC811,25,1,0.2452,1
0.01731,0.05393,0.4457,0.3534,0.5547,0.2658,NMC523,25,1,0.1618,1
0.003923,0.09947,0.2441,0.2327,0.671,0.2197,NMC622,25,1,0.8009,1
0.04474,0.08808,0.3598,0.262,2.29,0.2794,NMC811,25,1,0.4881,1
0.1686,0.07751,0.02666,0.02802,0.2254,0.03066,NMC811,25,1,0.136,1
0.1448,0.05078,0.2397,0.6391,1.482,0.8818,NMC532,25,1,1.135,1
0.1025,0.02152,0.4075,0.1492,1.278,0.152,NMC811,25,1,0.102,1
0.1946,0.09016,0.3894,0.2893,0.2857,0.3246,NMC111,25,1,0.0597,1
0.04091,0.06819,0.3686,0.1172,0.2733,0.1905,NMC532,25,1,0.03874,1
0.005163,0.06204,0.1521,0.4601,1.355,0.4644,NMC622,25,1,0.1482,1
0.2132,0.07823,0.3062,0.2555,0.4012,0.1681,NMC523,25,1,0.8313,1
0.07129,0.009648,0.1355,0.2681,0.8002,0.4103,NMC532,25,1,0.08551,1
0.07242,0.008899,0.3893,0.3976,1.162,0.4164,NMC622,25,1,0.1897,1
0.2027,0.005281,0.3738,0.9294,1.451,0.6209,NMC523,25,1,0.03757,1
0.2105,0.00341,0.1062,0.7647,1.254,0.5236,NMC523,25,1,0.02032,1
0.1799,0.01355,0.02795,0.1718,0.5034,0.1591,NMC622,25,1,0.9668,1
0.004858,0.09383,0.1646,0.04877,0.0766,0.03205,NMC523,25,1,1.053,1
0.1235,0.05903,0.1092,0.1587,0.3684,0.229,NMC532,25,1,0.4526,1
0.05624,0.08333,0.2031,0.5486,1.607,0.5145,NMC622,25,1,0.7085,1
0.1201,0.006302,0.4535,0.02194,0.05528,0.03183,NMC532,25,1,0.09087,1
0.08894,0.04478,0.2737,0.2596,0.4496,0.1733,NMC523,25,1,1.238,1
0.1711,0.04237,0.0236,0.8185,0.819,0.8647,NMC111,25,1,0.03691,1
0.2232,0.0765,0.01714,0.05235,0.1234,0.07364,NMC532,25,1,0.5923,1
0.127,0.02652,0.455,0.3817,0.966,0.5572,NMC532,25,1,0.5887,1
0.0613,0.08738,0.1719,0.3969,1.33,0.389,NMC622,25,1,0.07223,1
0.01742,0.05957,0.1093,0.4843,1.252,0.7275,NMC532,25,1,0.07174,1
0.07438,0.08404,0.3503,0.1762,0.4732,0.1776,NMC622,25,1,0.03641,1
0.004145,0.05069,0.4536,0.7348,1.282,0.5348,NMC523,25,1,0.1703,1
0.04548,0.09925,0.276,0.1645,0.4885,0.1747,NMC622,25,1,0.384,1
0.1202,0.04546,0.1525,0.4943,1.551,0.5072,NMC622,25,1,0.1477,1
0.1294,0.05276,0.01526,0.477,1.617,0.5592,NMC622,25,1,0.5871,1
0.02453,0.0898,0.2032,0.09303,0.244,0.1407,NMC532,25,1,0.1145,1
0.07475,0.06531,0.3691,0.2718,2.341,0.2827,NMC811,25,1,0.2848,1
0.1324,0.09801,0.2242,0.07913,0.2083,0.1314,NMC532,25,1,0.2915,1
0.04723,0.01222,0.1598,0.1038,0.941,0.1138,NMC811,25,1,0.1394,1
0.06674,0.1052,0.1406,0.07964,0.5933,0.08424,NMC811,25,1,1.312,1
0.07942,0.02816,0.2322,0.3585,1.268,0.4031,NMC622,25,1,0.07214,1
0.1332,0.05164,0.1701,0.2022,1.658,0.1839,NMC811,25,1,1.137,1
0.2213,0.01942,0.2531,0.5182,0.9627,0.3712,NMC523,25,1,0.09442,1
0.04435,0.05534,0.03207,0.3593,0.9111,0.5361,NMC532,25,1,0.1205,1
0.02739,0.08604,0.4405,0.291,2.398,0.2853,NMC811,25,1,0.3133,1
0.1128,0.03699,0.04905,0.06789,0.1898,0.09476,NMC532,25,1,0.4945,1
0.1872,0.0938,0.2992,0.4275,0.4339,0.4512,NMC111,25,1,0.03268,1
0.2218,0.1097,0.4143,0.2523,1.993,0.2488,NMC811,25,1,0.1503,1
0.01309,0.04452,0.41,0.2981,0.2706,0.2671,NMC111,25,1,0.1067,1
0.1657,0.04467,0.2911,0.4081,1.276,0.3629,NMC622,25,1,1.496,1
0.168,0.03994,0.02353,0.491,1.249,0.7053,NMC532,25,1,1.353,1
0.08153,0.0905,0.3317,0.03515,0.06072,0.02226,NMC523,25,1,1.4,1
0.05864,0.04477,0.2246,0.2483,2.227,0.2471,NMC811,25,1,0.03093,1
0.2193,0.03906,0.1654,0.1712,0.5654,0.1805,NMC622,25,1,0.04279,1
0.1725,0.09428,0.1251,0.2968,2.268,0.3145,NMC811,25,1,0.2546,1
0.09674,0.02516,0.4538,0.2768,0.2569,0.2654,NMC111,25,1,0.0888,1
0.08949,0.03255,0.01508,0.7647,0.7789,0.7527,NMC111,25,1,0.03264,1
0.01511,0.025,0.3118,0.2199,0.6173,0.3601,NMC532,25,1,0.1436,1
0.1146,0.08588,0.08319,0.1995,1.664,0.1989,NMC811,25,1,0.05165,1
0.05449,0.06608,0.03582,0.0115,0.0298,0.01055,NMC622,25,1,0.09183,1
0.1586,0.07041,0.2568,0.4323,0.8368,0.3787,NMC523,25,1,0.1007,1
0.09035,0.07274,0.1672,0.4376,0.7281,0.2736,NMC523,25,1,0.0939,1
0.0945,0.07827,0.02124,0.8072,1.305,0.5288,NMC523,25,1,0.3118,1
0.02624,0.04109,0.05628,0.1793,0.339,0.1298,NMC523,25,1,0.05871,1
0.1528,0.06455,0.06338,0.2386,1.838,0.254,NMC811,25,1,0.0275,1
0.108,0.09747,0.09068,0.4078,1.311,0.3712,NMC622,25,1,0.405,1
0.2262,0.02963,0.1477,0.6069,1.484,0.8836,NMC532,25,1,0.5692,1
0.1813,0.0439,0.3867,0.2781,0.2902,0.2668,NMC111,25,1,1.418,1
0.0728,0.04647,0.1236,0.02143,0.03852,0.01358,NMC523,25,1,0.1284,1
0.02897,0.09912,0.3676,0.4708,0.84,0.3401,NMC523,25,1,0.3858,1
0.0265,0.04789,0.1544,0.1128,0.2898,0.163,NMC532,25,1,1.173,1
0.1749,0.09755,0.09232,0.7839,0.7664,0.7991,NMC111,25,1,0.5015,1
0.01994,0.06314,0.03772,0.4866,1.222,0.7122,NMC532,25,1,0.5271,1
0.1164,0.08055,0.3285,0.1188,0.198,0.08759,NMC523,25,1,0.03182,1
0.1609,0.07256,0.4193,0.2734,2.146,0.2505,NMC811,25,1,0.5205,1
0.1914,0.08932,0.4243,0.2774,0.6572,0.4349,NMC532,25,1,0.3253,1
0.1989,0.06025,0.1451,0.06021,0.1765,0.06008,NMC622,25,1,0.08435,1
0.06551,0.05036,0.2122,0.06661,0.1065,0.04669,NMC523,25,1,0.253,1
0.1912,0.1095,0.4457,0.3086,0.292,0.2824,NMC111,25,1,0.7619,1
0.1506,0.02235,0.3371,0.2656,0.7686,0.2448,NMC622,25,1,0.04776,1
0.2027,0.003194,0.2244,0.5061,1.496,0.4682,NMC622,25,1,0.06482,1
0.1779,0.02383,0.1485,0.1979,1.881,0.2303,NMC811,25,1,0.02671,1
0.2242,0.003697,0.2617,0.5634,0.9832,0.3617,NMC523,25,1,0.06346,1
0.04256,0.07686,0.3799,0.5337,1.644,0.5269,NMC622,25,1,0.3431,1
0.05763,0.01802,0.3099,0.2864,0.8222,0.2631,NMC622,25,1,0.9454,1
0.06737,0.08733,0.2946,0.4045,0.6758,0.2939,NMC523,25,1,0.2451,1
0.005219,0.008051,0.3247,0.01671,0.01716,0.01623,NMC111,25,1,0.9961,1
0.07308,0.08932,0.1645,0.6905,1.076,0.4788,NMC523,25,1,0.04886,1
0.1643,0.09793,0.2281,0.938,1.434,0.6493,NMC523,25,1,0.6869,1
0.2208,0.03978,0.3293,0.3827,0.5937,0.2187,NMC523,25,1,0.2829,1
0.142,0.06625,0.4181,0.8986,1.2,0.5322,NMC523,25,1,0.02041,1
0.09727,0.105,0.02562,0.6339,0.5889,0.5647,NMC111,25,1,0.244,1
0.07007,0.024,0.1535,0.3578,0.3994,0.4113,NMC111,25,1,0.03247,1
0.2045,0.01384,0.1752,0.2193,1.787,0.2071,NMC811,25,1,0.05682,1
0.1019,0.05654,0.1824,0.5118,1.24,0.7429,NMC532,25,1,1.334,1
0.0104,0.02131,0.2654,0.5365,0.8745,0.3774,NMC523,25,1,0.07627,1
0.0893,0.004478,0.4303,0.2265,0.2339,0.254,NMC111,25,1,0.06053,1
0.2068,0.01647,0.3181,0.3176,0.9814,0.3329,NMC622,25,1,0.1892,1
0.1999,0.03911,0.2711,0.9075,1.391,0.5999,NMC523,25,1,0.6504,1
0.1521,0.01067,0.3165,0.7164,0.7061,0.7016,NMC111,25,1,0.7702,1
0.2209,0.06964,0.2434,0.07756,0.6586,0.08389,NMC811,25,1,0.07474,1
0.1667,0.07597,0.09197,0.2247,2.104,0.2383,NMC811,25,1,0.97,1
0.141,0.1083,0.2692,0.2971,1.01,0.2899,NMC622,25,1,0.1169,1
0.1758,0.1052,0.08026,0.135,0.3257,0.1862,NMC532,25,1,0.08834,1
0.1959,0.05439,0.4334,0.2762,0.4723,0.1732,NMC523,25,1,0.3585,1
0.2155,0.1075,0.3648,0.4917,1.715,0.459,NMC622,25,1,0.5628,1
0.1405,0.01276,0.07942,0.5997,1.011,0.3905,NMC523,25,1,0.05784,1
0.07985,0.08283,0.3211,0.2752,2.196,0.2596,NMC811,25,1,0.02164,1
0.06078,0.01786,0.1541,0.1409,0.1445,0.1491,NMC111,25,1,0.09451,1
0.08,0.1027,0.3835,0.1887,0.5272,0.1983,NMC622,25,1,0.03181,1
0.05497,0.008862,0.06284,0.3757,1.126,0.3485,NMC622,25,1,0.02757,1
0.08093,0.07683,0.2086,0.4933,1.267,0.7697,NMC532,25,1,0.456,1
0.08252,0.08516,0.3231,0.3671,0.918,0.3528,NMC622,25,1,0.2105,1
0.03371,0.02058,0.4065,0.1709,0.5228,0.1684,NMC622,25,1,0.6691,1
0.1766,0.03855,0.1894,0.592,1.393,0.9039,NMC532,25,1,0.8521,1
0.1932,0.08211,0.144,0.4907,0.5026,0.5882,NMC111,25,1,0.4722,1
0.07323,0.05933,0.04877,0.04547,0.3486,0.04192,NMC811,25,1,0.06187,1
0.1696,0.04421,0.1617,0.8474,0.9196,0.8987,NMC111,25,1,0.1129,1
0.1049,0.07042,0.1967,0.564,1.362,0.8848,NMC532,25,1,0.4436,1
0.03259,0.01105,0.1245,0.8941,0.842,0.8602,NMC111,25,1,0.2391,1
0.1628,0.07076,0.3895,0.3174,0.5726,0.2126,NMC523,25,1,0.05368,1
0.03365,0.09847,0.2814,0.9578,0.979,0.9696,NMC111,25,1,0.7481,1
0.05671,0.003753,0.2808,0.2037,1.608,0.2077,NMC811,25,1,0.2195,1
0.2073,0.07121,0.2464,0.9687,0.8802,0.933,NMC111,25,1,0.264,1
0.004149,0.08358,0.2827,0.2164,0.3294,0.1355,NMC523,25,1,0.3287,1
0.1523,0.1067,0.1434,0.3423,0.5778,0.2215,NMC523,25,1,0.1056,1
0.09723,0.04561,0.391,0.2506,0.708,0.2468,NMC622,25,1,0.2502,1
0.07549,0.02267,0.141,0.03808,0.06414,0.0254,NMC523,25,1,0.9779,1
0.04593,0.09167,0.2345,0.6126,1.859,0.5406,NMC622,25,1,0.5538,1
0.1352,0.08238,0.01741,0.2086,1.699,0.2164,NMC811,25,1,0.1225,1
0.1524,0.05734,0.4176,0.02324,0.03573,0.01443,NMC523,25,1,0.07248,1
0.1328,0.07346,0.3357,0.1547,1.248,0.1411,NMC811,25,1,0.06113,1
0.1749,0.03117,0.3545,0.2411,1.838,0.2178,NMC811,25,1,0.2905,1
0.02559,0.01823,0.1203,0.6452,0.7452,0.6724,NMC111,25,1,0.1269,1
0.1737,0.02917,0.3856,0.4484,0.8201,0.3008,NMC523,25,1,0.4656,1
0.03376,0.01756,0.3653,0.4772,1.13,0.7228,NMC532,25,1,0.129,1
0.2239,0.1076,0.3992,0.8204,1.277,0.5898,NMC523,25,1,0.03839,1
0.01105,0.06804,0.1299,0.1423,0.2488,0.08757,NMC523,25,1,0.2621,1
0.03321,0.03759,0.1568,0.5792,0.8205,0.3485,NMC523,25,1,0.0384,1
0.05925,0.09953,0.03538,0.115,0.194,0.07137,NMC523,25,1,0.09977,1
0.02117,0.103,0.4235,0.05785,0.1678,0.05354,NMC622,25,1,0.3188,1
0.2174,0.05095,0.4002,0.07238,0.5737,0.07174,NMC811,25,1,0.03347,1
0.06232,0.0297,0.2901,0.25,0.6056,0.3643,NMC532,25,1,0.2038,1
0.01428,0.06655,0.2538,0.4724,1.089,0.7095,NMC532,25,1,0.04306,1
0.08093,0.02423,0.4223,0.4694,1.117,0.605,NMC532,25,1,0.02625,1
0.152,0.1053,0.1396,0.4979,1.556,0.5561,NMC622,25,1,0.0806,1
0.2026,0.04655,0.1741,0.3144,2.258,0.2987,NMC811,25,1,0.03356,1
0.1064,0.08142,0.4238,0.1565,0.158,0.1536,NMC111,25,1,0.09671,1
0.04186,0.0755,0.2804,0.1899,0.4484,0.282,NMC532,25,1,1.348,1
0.1457,0.02354,0.1257,0.1029,0.775,0.105,NMC811,25,1,0.2536,1
0.2118,0.06611,0.2525,0.2458,0.4788,0.1627,NMC523,25,1,1.077,1
0.0339,0.03776,0.2568,0.1547,1.149,0.1526,NMC811,25,1,0.5159,1
0.1255,0.01015,0.3365,0.2538,1.787,0.2427,NMC811,25,1,0.02006,1
0.04271,0.0214,0.1924,0.05102,0.08923,0.0338,NMC523,25,1,0.1195,1
0.2062,0.0427,0.2963,0.3339,0.9753,0.3044,NMC622,25,1,0.4301,1
0.1806,0.07535,0.2369,0.1019,0.8737,0.1033,NMC811,25,1,0.04228,1
0.1678,0.08803,0.1247,0.3002,2.235,0.2577,NMC811,25,1,0.02241,1
0.09341,0.0985,0.4173,0.05544,0.4213,0.05478,NMC811,25,1,0.08359,1
0.2164,0.0914,0.2851,0.04569,0.3594,0.04358,NMC811,25,1,0.02147,1
0.1857,0.04862,0.02466,0.2229,0.3343,0.1544,NMC523,25,1,0.5165,1
0.223,0.06566,0.2181,0.1282,0.3312,0.2047,NMC532,25,1,0.03044,1
0.0777,0.03614,0.1843,0.2846,2.093,0.2498,NMC811,25,1,0.03085,1
0.2251,0.111,0.2653,0.6811,1.108,0.4642,NMC523,25,1,0.513,1
0.1219,0.1009,0.1025,0.1507,1.182,0.1555,NMC811,25,1,0.06727,1
0.2061,0.0498,0.3247,0.838,1.214,0.5044,NMC523,25,1,0.4173,1
0.01098,0.09341,0.3933,0.1158,0.9519,0.1189,NMC811,25,1,0.303,1
0.1184,0.00231,0.2585,0.7637,1.258,0.4857,NMC523,25,1,0.1041,1
0.01375,0.07468,0.4174,0.1031,0.1892,0.07575,NMC523,25,1,0.2011,1
0.008764,0.08374,0.1011,0.08853,0.7431,0.08763,NMC811,25,1,0.04915,1
0.04222,0.01968,0.3756,0.2896,0.4924,0.1857,NMC523,25,1,0.05484,1
0.1583,0.04558,0.197,0.2551,2.002,0.2468,NMC811,25,1,0.2654,1
0.105,0.02124,0.161,0.8558,0.9754,0.95,NMC111,25,1,0.4926,1
0.1714,0.06402,0.2752,0.1145,0.3406,0.1186,NMC622,25,1,0.03195,1
0.1576,0.08462,0.1765,0.09446,0.152,0.06161,NMC523,25,1,0.1139,1
0.1125,0.06187,0.179,0.2295,1.802,0.2355,NMC811,25,1,0.4169,1
0.06754,0.09052,0.2876,0.8316,1.434,0.5096,NMC523,25,1,0.512,1
0.1585,0.0514,0.3668,0.2156,1.65,0.1789,NMC811,25,1,0.02577,1
0.03512,0.0734,0.253,0.7297,0.8374,0.8035,NMC111,25,1,0.04274,1
0.1722,0.02025,0.3515,0.3056,0.749,0.4394,NMC532,25,1,0.03827,1
0.14,0.05001,0.08758,0.22,0.6996,0.2395,NMC622,25,1,0.07815,1
0.04753,0.003054,0.03426,0.03266,0.09955,0.03221,NMC622,25,1,0.6938,1
0.009865,0.02327,0.2034,0.02544,0.04207,0.01641,NMC523,25,1,0.5687,1
0.1423,0.05003,0.07021,0.85,1.487,0.5931,NMC523,25,1,0.2907,1
0.01669,0.006168,0.2168,0.112,0.3451,0.1103,NMC622,25,1,0.05626,1
0.2223,0.05844,0.1077,0.8246,0.658,0.7266,NMC111,25,1,0.4218,1
0.1517,0.09733,0.09509,0.2909,0.7575,0.4278,NMC532,25,1,0.5196,1
0.02529,0.07013,0.34,0.2189,1.732,0.1946,NMC811,25,1,0.02767,1
0.1253,0.04197,0.04508,0.2105,1.725,0.2054,NMC811,25,1,0.1721,1
0.1562,0.09756,0.2146,0.5061,0.8945,0.3792,NMC523,25,1,0.8074,1
0.06163,0.002691,0.1097,0.2066,1.979,0.2351,NMC811,25,1,1.116,1
0.07275,0.1019,0.2447,0.5565,1.688,0.5532,NMC622,25,1,0.7886,1
0.2047,0.0484,0.2224,0.4546,0.7141,0.3003,NMC523,25,1,0.1596,1
0.1675,0.03525,0.2413,0.7571,1.345,0.5363,NMC523,25,1,0.7786,1
0.09426,0.05053,0.29,0.2459,2.113,0.2609,NMC811,25,1,0.108,1
0.03753,0.07222,0.08265,0.01356,0.1107,0.01483,NMC811,25,1,0.02384,1
0.01831,0.05393,0.3336,0.4114,0.4361,0.4471,NMC111,25,1,0.03858,1
0.1064,0.07343,0.335,0.05487,0.1786,0.05361,NMC622,25,1,0.2061,1
0.006476,0.01068,0.2742,0.1227,1.041,0.1209,NMC811,25,1,0.1054,1
0.1691,0.008389,0.4267,0.2341,0.6856,0.2537,NMC622,25,1,0.04282,1
0.2006,0.05247,0.1142,0.1139,0.3694,0.1284,NMC622,25,1,0.2007,1
0.2047,0.01588,0.3571,0.1489,1.168,0.1316,NMC811,25,1,0.9376,1
0.1389,0.04307,0.1281,0.5668,0.9966,0.3779,NMC523,25,1,0.1382,1
0.2266,0.06947,0.09862,0.1605,1.338,0.1677,NMC811,25,1,0.1474,1
0.1778,0.05648,0.2537,0.4769,1.436,0.4682,NMC622,25,1,0.1123,1
0.08909,0.04789,0.2764,0.2025,0.5136,0.2947,NMC532,25,1,0.05621,1
0.07919,0.107,0.06126,0.5517,1.852,0.5178,NMC622,25,1,0.08744,1
0.2229,0.06535,0.1817,0.4953,0.7599,0.3597,NMC523,25,1,0.258,1
0.01676,0.05892,0.4289,0.3307,0.3488,0.3518,NMC111,25,1,0.2049,1
0.0518,0.07697,0.00752,0.3061,2.46,0.3114,NMC811,25,1,0.63,1
0.1956,0.1035,0.1361,0.6713,1.54,0.8812,NMC532,25,1,0.4521,1
0.03249,0.02962,0.4427,0.09483,0.2683,0.08013,NMC622,25,1,0.03199,1
0.1099,0.01546,0.08529,0.1823,1.381,0.1949,NMC811,25,1,0.02369,1
0.1571,0.01052,0.3419,0.6778,1.062,0.4771,NMC523,25,1,0.07765,1
0.07624,0.09365,0.2164,0.4537,0.4346,0.4314,NMC111,25,1,1.097,1
0.02775,0.09826,0.2216,0.04452,0.132,0.04004,NMC622,25,1,0.3113,1
0.066,0.06753,0.4441,0.3216,0.5091,0.2018,NMC523,25,1,1.362,1
0.08151,0.07526,0.3114,0.1704,1.322,0.1783,NMC811,25,1,0.2141,1
0.05193,0.07132,0.2286,0.7118,0.7345,0.7116,NMC111,25,1,0.1637,1
0.1338,0.1102,0.09777,0.2999,0.2909,0.2863,NMC111,25,1,0.2538,1
0.1695,0.07946,0.1627,0.06306,0.2006,0.06391,NMC622,25,1,0.3552,1
0.1522,0.07553,0.2513,0.1832,0.1884,0.2079,NMC111,25,1,1.036,1
0.1422,0.02768,0.01803,0.5858,0.6026,0.6193,NMC111,25,1,0.04574,1
0.04443,0.0987,0.2486,0.4406,0.4582,0.3791,NMC111,25,1,0.04351,1
0.2023,0.08779,0.1018,0.4519,1.27,0.4898,NMC622,25,1,0.1025,1
0.2247,0.06993,0.3577,0.06931,0.2233,0.07128,NMC622,25,1,0.1998,1
0.1977,0.1098,0.4381,0.8632,0.9596,0.8886,NMC111,25,1,0.04449,1
0.1842,0.05238,0.0218,0.3687,1.264,0.3829,NMC622,25,1,0.4384,1
0.03167,0.08731,0.36,0.4613,1.386,0.4441,NMC622,25,1,0.04613,1
0.02596,0.0465,0.01356,0.572,1.334,0.8212,NMC532,25,1,0.3411,1
0.004562,0.06944,0.2817,0.3142,0.7808,0.4828,NMC532,25,1,0.03023,1
0.05924,0.09246,0.2006,0.03629,0.2684,0.03214,NMC811,25,1,0.03012,1
0.02359,0.05006,0.2989,0.5416,0.5595,0.5064,NMC111,25,1,0.02622,1
0.1134,0.1083,0.02688,0.4553,1.273,0.4958,NMC622,25,1,0.1727,1
0.02638,0.004203,0.2704,0.1027,0.7961,0.09795,NMC811,25,1,0.02752,1
0.09882,0.03754,0.01577,0.3259,0.9868,0.3163,NMC622,25,1,0.1951,1
0.03288,0.08893,0.3023,0.2084,0.4976,0.2955,NMC532,25,1,0.0619,1
0.07134,0.05862,0.1228,0.3687,1.066,0.363,NMC622,25,1,0.02252,1
0.2263,0.07642,0.1132,0.06032,0.5076,0.06772,NMC811,25,1,0.09079,1
0.2091,0.04564,0.2516,0.1108,0.2812,0.1827,NMC532,25,1,0.271,1
0.1817,0.01161,0.2114,0.6112,0.6267,0.6037,NMC111,25,1,0.02417,1
0.04747,0.04496,0.4217,0.2406,0.6547,0.3995,NMC532,25,1,1.08,1
0.1632,0.1111,0.07474,1.03,0.9568,1.022,NMC111,25,1,0.02572,1
0.09188,0.00178,0.02593,0.4727,1.426,0.4885,NMC622,25,1,0.182,1
0.1333,0.06037,0.2871,0.6055,1.023,0.3924,NMC523,25,1,0.09841,1
0.01676,0.1058,0.05967,0.1246,0.2144,0.08893,NMC523,25,1,0.03161,1
0.1384,0.08514,0.2766,0.01209,0.03364,0.01228,NMC622,25,1,0.4683,1
0.1389,0.02847,0.09202,0.2463,1.916,0.225,NMC811,25,1,0.5682,1
0.09038,0.08749,0.2612,0.6042,1.515,0.9195,NMC532,25,1,0.3949,1
0.05481,0.06054,0.3367,0.5715,1.503,0.9382,NMC532,25,1,0.06137,1
0.1731,0.07604,0.1666,0.5368,1.558,0.523,NMC622,25,1,0.1184,1
0.1049,0.0952,0.4523,0.8116,1.442,0.6188,NMC523,25,1,0.8568,1
0.1227,0.06025,0.1802,0.154,0.1262,0.1363,NMC111,25,1,0.02529,1
0.1162,0.06464,0.2087,0.0186,0.05633,0.01938,NMC622,25,1,0.1039,1
0.1951,0.1002,0.1364,0.5522,1.722,0.5984,NMC622,25,1,0.0709,1
0.01687,0.06486,0.2151,0.2584,0.7631,0.2407,NMC622,25,1,0.1712,1
0.04674,0.0911,0.01635,0.3381,0.3377,0.3723,NMC111,25,1,1.032,1
0.02987,0.01237,0.07169,0.2517,2.159,0.2765,NMC811,25,1,0.04463,1
0.1042,0.08862,0.2569,0.3311,0.5596,0.2164,NMC523,25,1,0.02464,1
0.05391,0.09059,0.2061,0.0217,0.05528,0.0313,NMC532,25,1,0.1555,1
0.13,0.0393,0.02573,0.4292,1.073,0.606,NMC532,25,1,0.04111,1
0.03155,0.003905,0.3118,0.4601,0.4535,0.4191,NMC111,25,1,0.03554,1
0.1145,0.0561,0.2752,0.3851,1.153,0.3412,NMC622,25,1,1.314,1
0.171,0.01363,0.3338,0.3901,1.162,0.3697,NMC622,25,1,0.157,1
0.182,0.06302,0.05763,0.4415,1.385,0.5073,NMC622,25,1,0.4276,1
0.01468,0.1077,0.1815,0.4056,1.076,0.6386,NMC532,25,1,0.8936,1
0.07541,0.02452,0.3457,0.06612,0.2042,0.0693,NMC622,25,1,0.1005,1
0.1029,0.0743,0.1049,0.6284,0.994,0.4281,NMC523,25,1,0.02258,1
0.1785,0.1077,0.2606,0.0417,0.04401,0.04374,NMC111,25,1,0.04308,1
0.08821,0.06622,0.3288,0.1931,0.5624,0.1945,NMC622,25,1,0.04291,1
0.08371,0.07338,0.2139,0.06014,0.05133,0.04997,NMC111,25,1,0.6885,1
0.2247,0.006373,0.3318,0.8516,1.382,0.5808,NMC523,25,1,0.03055,1
0.1609,0.04495,0.2609,0.2281,1.987,0.2447,NMC811,25,1,0.1003,1
0.01146,0.01006,0.4502,0.1461,0.1429,0.1529,NMC111,25,1,0.08977,1
0.1542,0.04285,0.3485,0.8023,0.7623,0.7792,NMC111,25,1,0.06198,1
0.04226,0.04674,0.1545,0.2714,0.7582,0.2927,NMC622,25,1,0.02942,1
0.215,0.05727,0.4028,0.5072,0.7608,0.3155,NMC523,25,1,0.4368,1
0.1729,0.01105,0.2084,0.2413,0.23,0.2404,NMC111,25,1,0.03132,1
0.01188,0.09135,0.09865,0.2671,0.6751,0.4677,NMC532,25,1,0.3405,1
0.1448,0.1009,0.03201,0.7748,1.167,0.5342,NMC523,25,1,0.5416,1
0.06224,0.006534,0.1029,0.3668,0.3749,0.3911,NMC111,25,1,0.06796,1
0.1194,0.04593,0.2417,0.6456,1.002,0.4147,NMC523,25,1,0.4834,1
0.2257,0.08769,0.133,0.2968,0.8959,0.3033,NMC622,25,1,0.1929,1
0.06652,0.09677,0.4216,0.2931,0.2625,0.3042,NMC111,25,1,0.1239,1
0.1974,0.02851,0.2608,0.1711,0.2901,0.1246,NMC523,25,1,0.1305,1
0.1845,0.01731,0.2307,0.726,0.7394,0.6932,NMC111,25,1,1.336,1
0.2092,0.01862,0.3203,0.09241,0.09594,0.09726,NMC111,25,1,0.3018,1
0.0294,0.02734,0.1207,0.5947,1.591,0.7825,NMC532,25,1,0.0403,1
0.2085,0.07252,0.2228,0.2175,0.3635,0.1515,NMC523,25,1,0.1333,1
0.06538,0.04369,0.1206,0.6626,1.09,0.4654,NMC523,25,1,0.4633,1
0.197,0.08326,0.1984,0.3163,0.788,0.4835,NMC532,25,1,1.098,1
0.08307,0.1095,0.2158,0.04289,0.1299,0.04313,NMC622,25,1,0.0281,1
0.07787,0.04077,0.2189,0.7503,0.7733,0.734,NMC111,25,1,0.07135,1
0.1424,0.04537,0.2431,0.6127,1.671,0.5844,NMC622,25,1,0.5903,1
0.1551,0.1088,0.3355,0.3135,2.399,0.3274,NMC811,25,1,0.1106,1
0.1473,0.03439,0.05372,0.1887,0.3973,0.2592,NMC532,25,1,0.03673,1
0.1138,0.0811,0.3559,0.09241,0.7853,0.09581,NMC811,25,1,0.2843,1
0.008958,0.06071,0.2803,0.4615,0.4857,0.4773,NMC111,25,1,0.02149,1
0.2019,0.08884,0.4066,0.2257,2.149,0.2452,NMC811,25,1,0.2474,1
0.1272,0.01141,0.05897,0.6095,1.38,0.8123,NMC532,25,1,0.1258,1
0.1176,0.01004,0.03848,0.6078,1.775,0.6215,NMC622,25,1,0.7979,1
0.006828,0.02428,0.2499,0.837,1.298,0.5346,NMC523,25,1,0.0321,1
0.06208,0.08365,0.06286,0.7255,0.7437,0.8086,NMC111,25,1,0.06452,1
0.2139,0.01961,0.035,0.1835,0.192,0.1969,NMC111,25,1,0.1137,1
0.004997,0.02507,0.4395,0.2409,1.846,0.2255,NMC811,25,1,0.1217,1
0.1901,0.09058,0.1442,0.2267,0.7728,0.2555,NMC622,25,1,0.02821,1
0.1473,0.06837,0.1275,0.2664,2.322,0.3039,NMC811,25,1,0.3798,1
0.04153,0.03929,0.2989,0.7668,0.802,0.7881,NMC111,25,1,0.2261,1
0.01695,0.05108,0.09686,0.06955,0.6177,0.07307,NMC811,25,1,0.3028,1
0.2195,0.04736,0.3793,0.01937,0.143,0.02073,NMC811,25,1,0.06764,1
0.2237,0.07331,0.04409,0.2037,0.6287,0.2123,NMC622,25,1,0.05977,1
0.06476,0.01189,0.2233,0.8249,0.7874,0.8301,NMC111,25,1,0.376,1
0.1552,0.06418,0.3961,0.3832,0.3748,0.3556,NMC111,25,1,0.4323,1
0.1051,0.107,0.06147,0.08598,0.7069,0.09001,NMC811,25,1,0.02429,1
0.2246,0.01107,0.3546,0.5514,0.932,0.3455,NMC523,25,1,1.039,1
0.168,0.006465,0.3833,0.08509,0.09255,0.08315,NMC111,25,1,0.09186,1
0.05476,0.06976,0.3458,0.217,0.6783,0.2011,NMC622,25,1,0.04879,1
0.1676,0.0454,0.01602,0.5134,1.223,0.7754,NMC532,25,1,0.05791,1
0.1795,0.1109,0.2436,0.7962,1.374,0.5493,NMC523,25,1,0.04628,1
0.02224,0.03421,0.3812,0.5961,1.044,0.4044,NMC523,25,1,0.06852,1
0.1415,0.1085,0.2566,0.487,0.495,0.512,NMC111,25,1,0.04901,1
0.03404,0.04606,0.2248,0.4795,0.7958,0.3076,NMC523,25,1,0.0244,1
0.1197,0.07981,0.07077,0.6078,1.537,0.906,NMC532,25,1,0.7657,1
0.07186,0.01647,0.01447,0.3612,0.3552,0.4064,NMC111,25,1,0.6474,1
0.1234,0.03212,0.1871,0.09364,0.7098,0.0889,NMC811,25,1,0.6447,1
0.1545,0.05755,0.1487,0.2277,0.4118,0.149,NMC523,25,1,0.4454,1
0.1175,0.02031,0.3001,0.01141,0.03419,0.01166,NMC622,25,1,0.1036,1
0.1146,0.08666,0.2033,0.1839,1.514,0.1763,NMC811,25,1,0.2316,1
0.1058,0.005002,0.02198,0.08109,0.693,0.08506,NMC811,25,1,0.05519,1
0.06561,0.06537,0.008982,0.3493,0.8646,0.5428,NMC532,25,1,0.3721,1
0.06509,0.08244,0.3576,0.9031,0.8663,0.8447,NMC111,25,1,1.288,1
0.1376,0.04236,0.3891,0.08262,0.2265,0.1464,NMC532,25,1,0.1746,1
0.06188,0.01396,0.1211,0.1127,0.3479,0.1136,NMC622,25,1,0.07757,1
0.02193,0.005926,0.01986,0.8391,0.882,0.827,NMC111,25,1,0.5083,1
0.0255,0.08154,0.4473,0.747,1.184,0.5255,NMC523,25,1,0.1445,1
0.08421,0.1,0.1768,0.2367,0.547,0.3073,NMC532,25,1,0.02964,1
0.187,0.08818,0.2476,0.8103,1.336,0.502,NMC523,25,1,0.3928,1
0.03632,0.04791,0.3478,0.1641,0.2689,0.1131,NMC523,25,1,0.05175,1
0.01507,0.04804,0.1163,0.1014,0.2866,0.1547,NMC532,25,1,1.1,1
0.03474,0.03127,0.3163,0.8806,1.412,0.5887,NMC523,25,1,0.06612,1
0.06431,0.009523,0.01183,0.3036,0.8477,0.4985,NMC532,25,1,0.1591,1
0.1065,0.0549,0.1814,0.1186,0.126,0.125,NMC111,25,1,0.08253,1
0.02529,0.02895,0.2507,0.08536,0.6497,0.07209,NMC811,25,1,0.1636,1
0.1764,0.04231,0.2523,0.04454,0.04281,0.0453,NMC111,25,1,0.1937,1
0.1439,0.07582,0.2439,0.2188,0.2235,0.2273,NMC111,25,1,0.1737,1
0.08951,0.0238,0.1995,0.3554,0.5983,0.2353,NMC523,25,1,0.1886,1
0.02161,0.1035,0.06303,0.2933,2.207,0.2841,NMC811,25,1,0.06861,1
0.1043,0.01556,0.1855,0.2089,1.576,0.2033,NMC811,25,1,1.264,1
0.2032,0.06881,0.295,0.1903,1.358,0.1763,NMC811,25,1,0.1514,1
0.09639,0.1102,0.2427,0.1538,0.2617,0.1063,NMC523,25,1,0.7713,1
0.2009,0.07723,0.2131,0.6051,0.9752,0.4209,NMC523,25,1,1.181,1
0.167,0.02318,0.2915,0.3076,1.033,0.3167,NMC622,25,1,0.2755,1
0.2099,0.0102,0.1024,0.2785,0.52,0.1787,NMC523,25,1,0.04687,1
0.02616,0.03424,0.185,0.2438,1.791,0.2394,NMC811,25,1,0.6562,1
0.06097,0.1104,0.2856,0.1368,0.3529,0.2112,NMC532,25,1,0.1602,1
0.09116,0.04086,0.3172,0.412,0.6158,0.2565,NMC523,25,1,0.04754,1
0.09561,0.0646,0.2637,0.04899,0.3978,0.05018,NMC811,25,1,0.3268,1
0.1273,0.03884,0.0491,0.0372,0.05678,0.02527,NMC523,25,1,0.9496,1
0.06512,0.1034,0.1328,0.5158,0.5285,0.5294,NMC111,25,1,0.02642,1
0.04974,0.002456,0.3396,0.2995,2.196,0.272,NMC811,25,1,0.04564,1
0.126,0.09364,0.2233,0.1907,0.1887,0.1889,NMC111,25,1,0.08396,1
0.0535,0.07426,0.3056,0.2193,0.3801,0.1564,NMC523,25,1,0.1478,1
0.1452,0.01868,0.3603,0.2419,0.6402,0.3986,NMC532,25,1,0.3517,1
0.06146,0.11,0.1779,0.4098,1.088,0.6188,NMC532,25,1,0.6411,1
0.1419,0.1057,0.2963,0.0281,0.072,0.04018,NMC532,25,1,0.03208,1
0.1775,0.06164,0.4159,0.03468,0.09931,0.03203,NMC622,25,1,0.227,1
0.1396,0.06866,0.3834,0.2484,0.6035,0.3761,NMC532,25,1,0.08954,1
0.1634,0.1105,0.1367,0.008885,0.07028,0.009258,NMC811,25,1,0.07929,1
0.1954,0.03812,0.118,0.5543,0.8943,0.3298,NMC523,25,1,0.2123,1
0.1348,0.07792,0.05769,0.1807,1.283,0.179,NMC811,25,1,0.07261,1
0.08573,0.0563,0.1371,1.026,0.9921,1.008,NMC111,25,1,0.4696,1
0.2184,0.07355,0.2848,0.6298,1.062,0.3859,NMC523,25,1,0.203,1
0.1087,0.09908,0.408,0.1091,0.82,0.1131,NMC811,25,1,0.02118,1
0.1021,0.0275,0.2218,0.4086,0.7547,0.2976,NMC523,25,1,0.02583,1
0.2269,0.01134,0.1316,0.1407,0.3982,0.143,NMC622,25,1,0.2036,1
0.1723,0.04532,0.1565,0.009911,0.02695,0.01486,NMC532,25,1,0.3659,1
0.02837,0.01216,0.1346,0.3989,0.3987,0.4399,NMC111,25,1,0.05297,1
0.1824,0.04073,0.4242,0.2817,2.486,0.3004,NMC811,25,1,0.05042,1
0.05361,0.06139,0.0173,0.9505,0.9153,0.8865,NMC111,25,1,0.04237,1
0.011,0.05253,0.1788,0.6226,1.65,0.5848,NMC622,25,1,1.255,1
0.1302,0.09956,0.4273,0.5414,1.397,0.8433,NMC532,25,1,0.1317,1
0.168,0.02742,0.4289,0.5415,0.9546,0.3914,NMC523,25,1,0.3607,1
0.1027,0.07189,0.06756,0.1551,0.4318,0.2457,NMC532,25,1,0.9588,1
0.05804,0.09546,0.2189,0.6637,1.216,0.4696,NMC523,25,1,0.03462,1
0.1585,0.09087,0.1831,0.9436,1.045,1.004,NMC111,25,1,0.7323,1
0.06251,0.07592,0.1666,0.5302,1.267,0.8282,NMC532,25,1,0.5294,1
0.2211,0.01498,0.2335,0.864,1.33,0.5432,NMC523,25,1,1.25,1
0.04064,0.02238,0.4477,0.06628,0.6,0.06823,NMC811,25,1,0.1518,1
0.1321,0.09639,0.2591,0.2648,0.4501,0.1641,NMC523,25,1,0.3042,1
0.04314,0.1075,0.347,0.2494,0.2556,0.224,NMC111,25,1,0.3923,1
0.2086,0.06187,0.3851,0.08494,0.1289,0.05686,NMC523,25,1,0.4397,1
0.05271,0.03521,0.3517,0.4725,1.17,0.6848,NMC532,25,1,0.03236,1
0.1615,0.09275,0.1035,0.05758,0.1254,0.08444,NMC532,25,1,0.1574,1
0.1783,0.01049,0.1012,0.8225,0.8951,0.8902,NMC111,25,1,0.374,1
0.07214,0.007571,0.04296,0.4162,1.078,0.6428,NMC532,25,1,0.3024,1
0.02762,0.0152,0.2136,0.2392,0.7033,0.2341,NMC622,25,1,0.7377,1
0.09825,0.0644,0.1832,0.3664,0.3947,0.3754,NMC111,25,1,0.2321,1
0.04331,0.0428,0.2671,0.04502,0.04082,0.04701,NMC111,25,1,0.3727,1
0.2064,0.09724,0.2738,0.5373,0.5902,0.5699,NMC111,25,1,0.07037,1
0.04628,0.02722,0.06675,0.5615,1.626,0.5612,NMC622,25,1,0.02326,1
0.08519,0.01715,0.3145,0.1522,0.4351,0.2423,NMC532,25,1,0.8645,1
0.05341,0.06845,0.1429,0.3824,0.383,0.4139,NMC111,25,1,0.1046,1
0.2175,0.1085,0.3812,0.3947,0.6902,0.2666,NMC523,25,1,0.2559,1
0.173,0.02035,0.2121,0.9051,0.8567,0.8741,NMC111,25,1,0.03522,1
0.127,0.08009,0.4085,0.2029,1.566,0.2129,NMC811,25,1,0.04023,1
0.2158,0.07643,0.4514,0.5134,1.635,0.5476,NMC622,25,1,0.2966,1
0.07862,0.03871,0.4156,0.1168,0.1212,0.1199,NMC111,25,1,0.09229,1
0.06893,0.03686,0.1483,0.5162,1.597,0.5108,NMC622,25,1,0.034,1
0.1944,0.07679,0.1814,0.3314,0.5269,0.262,NMC523,25,1,0.8667,1
0.1728,0.02245,0.3906,0.6213,1.854,0.5837,NMC622,25,1,0.751,1
0.1181,0.04065,0.1939,0.8854,1.466,0.6356,NMC523,25,1,0.5574,1
0.00472,0.09342,0.1749,0.1424,0.3135,0.1985,NMC532,25,1,0.1241,1
0.04795,0.0203,0.1713,0.5008,0.8449,0.3536,NMC523,25,1,0.08697,1
0.0349,0.08416,0.302,0.03055,0.08083,0.04886,NMC532,25,1,0.3491,1
0.1511,0.1049,0.3521,0.5151,1.592,0.5394,NMC622,25,1,0.1066,1
0.04713,0.07168,0.2059,0.3361,0.5607,0.2279,NMC523,25,1,0.09367,1
0.1407,0.03524,0.3371,0.2762,0.2583,0.2568,NMC111,25,1,0.7779,1
0.08172,0.04624,0.25,0.122,0.1887,0.08008,NMC523,25,1,0.1933,1
0.03902,0.0523,0.1959,0.0207,0.06054,0.02119,NMC622,25,1,0.04733,1
0.1082,0.09472,0.04821,0.6279,1.501,0.955,NMC532,25,1,0.2046,1
0.01469,0.04326,0.4355,0.1804,0.193,0.1841,NMC111,25,1,0.07666,1
0.1347,0.01341,0.343,0.7275,0.7318,0.6747,NMC111,25,1,0.6002,1
0.1996,0.07963,0.03504,0.03166,0.2539,0.03062,NMC811,25,1,0.07604,1
0.151,0.03596,0.4327,0.06039,0.1967,0.05988,NMC622,25,1,0.2934,1
0.05054,0.03181,0.02238,0.1775,0.5076,0.3154,NMC532,25,1,0.1291,1
0.2154,0.104,0.1719,0.9503,0.9338,1.039,NMC111,25,1,0.6208,1
0.08861,0.07946,0.3196,0.01721,0.1298,0.0179,NMC811,25,1,0.02332,1
0.1774,0.1071,0.2749,0.1578,0.255,0.09271,NMC523,25,1,0.1722,1
0.08002,0.0907,0.4133,0.5886,1.458,0.7365,NMC532,25,1,0.0285,1
0.1979,0.1082,0.4371,0.164,0.4382,0.252,NMC532,25,1,0.3558,1
0.02977,0.06507,0.1124,0.4337,0.7635,0.326,NMC523,25,1,0.1328,1
0.01907,0.0699,0.195,0.01954,0.02103,0.02019,NMC111,25,1,0.03806,1
0.05794,0.09342,0.2723,0.6798,0.6478,0.6682,NMC111,25,1,0.5594,1
0.03818,0.03061,0.4064,0.5388,1.488,0.5416,NMC622,25,1,0.08687,1
0.1808,0.05929,0.1062,0.07311,0.2265,0.07016,NMC622,25,1,0.227,1
0.1634,0.01298,0.1088,0.5781,0.8566,0.3297,NMC523,25,1,1.259,1
0.1272,0.0911,0.1468,0.3331,1.128,0.3601,NMC622,25,1,0.1907,1
0.01777,0.06644,0.4444,0.3563,0.3511,0.4026,NMC111,25,1,1.005,1
0.05765,0.0367,0.1822,0.01314,0.03969,0.01323,NMC622,25,1,0.2768,1
0.125,0.104,0.4369,0.04607,0.4096,0.05004,NMC811,25,1,0.02219,1
0.1697,0.01197,0.08969,0.5039,1.376,0.7984,NMC532,25,1,0.02123,1
0.1755,0.01506,0.4063,0.3267,0.506,0.2081,NMC523,25,1,0.1812,1
0.02783,0.002039,0.06428,0.8873,1.478,0.5977,NMC523,25,1,0.04649,1
0.1637,0.103,0.05817,0.1297,0.3019,0.182,NMC532,25,1,1.288,1
0.1154,0.03793,0.01734,0.03634,0.08724,0.05073,NMC532,25,1,0.1267,1
0.2166,0.03671,0.06137,0.615,1.092,0.4264,NMC523,25,1,0.02464,1
0.2198,0.05229,0.3815,0.254,1.887,0.233,NMC811,25,1,0.02449,1
0.147,0.03784,0.3739,0.07254,0.1863,0.1062,NMC532,25,1,0.2923,1
0.004094,0.09921,0.3684,0.7383,1.317,0.5397,NMC523,25,1,0.336,1
0.106,0.09676,0.438,0.03036,0.2494,0.03217,NMC811,25,1,0.1308,1
0.143,0.04978,0.3594,0.7969,1.12,0.4304,NMC523,25,1,0.1366,1
0.2186,0.03068,0.246,0.3499,0.381,0.3728,NMC111,25,1,0.1853,1
0.05101,0.002834,0.1225,0.3018,2.292,0.3176,NMC811,25,1,0.3562,1
0.1653,0.08661,0.0364,0.2988,0.7375,0.4316,NMC532,25,1,0.2735,1
0.05402,0.01505,0.2324,0.3589,0.6232,0.2343,NMC523,25,1,0.5305,1
0.03408,0.03351,0.05877,0.02067,0.01995,0.02133,NMC111,25,1,0.5863,1
0.08372,0.05862,0.01148,0.3929,1.031,0.551,NMC532,25,1,0.5611,1
0.115,0.03935,0.3825,0.8524,1.376,0.5479,NMC523,25,1,0.9876,1
0.1123,0.095,0.3046,0.1568,0.1541,0.1576,NMC111,25,1,1.429,1
0.1882,0.07326,0.2858,0.3886,1.285,0.4091,NMC622,25,1,1.209,1
0.06662,0.02451,0.2201,0.6786,1.465,0.9318,NMC532,25,1,0.1136,1
0.02787,0.0272,0.3368,0.1867,0.5169,0.2709,NMC532,25,1,0.03894,1
0.1103,0.08418,0.3967,0.1437,0.4317,0.144,NMC622,25,1,0.0416,1
0.03328,0.06018,0.1763,0.3143,0.7471,0.4722,NMC532,25,1,0.1188,1
0.007666,0.05194,0.1036,0.8175,1.389,0.5502,NMC523,25,1,1.128,1
0.2185,0.0124,0.4417,0.1925,0.5618,0.1572,NMC622,25,1,0.1803,1
0.07171,0.01374,0.3114,0.2074,0.2185,0.2051,NMC111,25,1,0.8858,1
0.1747,0.02975,0.1283,0.5112,1.695,0.5878,NMC622,25,1,0.04139,1
0.08317,0.08892,0.1884,0.3556,0.3666,0.3557,NMC111,25,1,0.2933,1
0.1665,0.005626,0.1472,0.1112,0.2959,0.1792,NMC532,25,1,1.367,1
0.2256,0.05473,0.1137,0.469,1.158,0.7118,NMC532,25,1,0.04022,1
0.02098,0.03293,0.07304,0.4645,0.7595,0.3141,NMC523,25,1,1.243,1
0.08665,0.06618,0.07522,0.3022,0.2391,0.2896,NMC111,25,1,0.2394,1
0.0319,0.105,0.1486,0.3807,0.3833,0.3713,NMC111,25,1,0.731,1
0.1171,0.01364,0.1986,0.05697,0.4585,0.05536,NMC811,25,1,1.366,1
0.1459,0.003249,0.01615,0.4017,0.7213,0.2524,NMC523,25,1,0.1553,1
0.05911,0.01109,0.3507,0.1,0.2947,0.1052,NMC622,25,1,1.403,1
0.1894,0.06215,0.1528,0.1113,0.1866,0.08677,NMC523,25,1,0.08057,1
0.1154,0.02065,0.03069,0.1629,0.4212,0.2419,NMC532,25,1,0.3613,1
0.1006,0.08132,0.3508,0.02505,0.02821,0.02764,NMC111,25,1,0.3138,1
0.1612,0.061,0.3654,0.7598,1.16,0.456,NMC523,25,1,0.2707,1
0.09287,0.08552,0.4295,0.027,0.06939,0.04507,NMC532,25,1,0.09004,1
0.1316,0.1058,0.3738,0.4174,0.4183,0.4341,NMC111,25,1,0.1152,1
0.1883,0.02387,0.3422,0.3356,0.9333,0.5421,NMC532,25,1,0.873,1
0.2157,0.08619,0.1936,0.606,1.182,0.4651,NMC523,25,1,0.2669,1
0.112,0.07738,0.1284,0.1763,0.2021,0.1694,NMC111,25,1,0.1099,1
0.1173,0.07374,0.4566,0.8812,0.9073,0.8383,NMC111,25,1,0.4106,1
0.02089,0.06256,0.2311,0.5701,1.494,0.8702,NMC532,25,1,0.07861,1
0.102,0.01644,0.0332,0.08734,0.7049,0.09968,NMC811,25,1,0.02038,1
0.008829,0.09665,0.3772,0.2345,0.3569,0.1415,NMC523,25,1,1.194,1
0.01688,0.05182,0.2854,0.7651,0.8133,0.7475,NMC111,25,1,0.1196,1
0.08478,0.07167,0.1092,0.8345,0.89,0.9047,NMC111,25,1,0.1632,1
0.1498,0.09105,0.3417,0.4707,0.4261,0.442,NMC111,25,1,0.02193,1
0.1986,0.01801,0.4285,0.2381,1.989,0.2413,NMC811,25,1,0.02962,1
0.0343,0.02144,0.2449,0.1109,0.7852,0.09711,NMC811,25,1,0.0727,1
0.09837,0.06399,0.3444,0.1264,0.3703,0.1988,NMC532,25,1,0.1211,1
0.03466,0.07608,0.3438,0.1279,0.3758,0.1222,NMC622,25,1,0.07907,1
0.1109,0.0936,0.324,0.2728,0.75,0.4555,NMC532,25,1,0.504,1
0.2059,0.05984,0.2651,0.02532,0.2025,0.0273,NMC811,25,1,0.03579,1
0.1072,0.08879,0.3533,0.01382,0.1157,0.01461,NMC811,25,1,0.3514,1
0.09529,0.03053,0.3846,0.5373,1.321,0.8075,NMC532,25,1,0.3556,1
0.02472,0.05905,0.3722,0.05535,0.1044,0.04159,NMC523,25,1,0.6376,1
0.1288,0.07993,0.09725,0.01203,0.0947,0.01223,NMC811,25,1,1.294,1
0.1809,0.0536,0.2627,0.4448,0.4482,0.4866,NMC111,25,1,0.6792,1
0.02083,0.004083,0.01815,0.4034,1.183,0.3934,NMC622,25,1,0.2108,1
0.1561,0.04269,0.2941,0.09659,0.3038,0.09376,NMC622,25,1,0.08782,1
0.04758,0.05255,0.06384,0.4884,1.369,0.4621,NMC622,25,1,1.339,1
0.2062,0.01284,0.414,0.3676,0.6167,0.2255,NMC523,25,1,0.1429,1
0.1902,0.06818,0.3579,0.4656,0.4754,0.5263,NMC111,25,1,0.02264,1
0.2231,0.04953,0.09036,0.1167,0.3398,0.1078,NMC622,25,1,0.09726,1
0.1297,0.1107,0.2285,0.1425,0.3773,0.2118,NMC532,25,1,0.06686,1
0.09137,0.01577,0.1279,0.5701,1.103,0.3896,NMC523,25,1,0.02128,1
0.07603,0.06693,0.2033,0.5694,1.599,0.8424,NMC532,25,1,0.09151,1
0.1928,0.01602,0.1254,0.7962,1.329,0.5298,NMC523,25,1,0.04753,1
0.1412,0.1047,0.3602,0.4835,1.434,0.4261,NMC622,25,1,0.7352,1
0.06418,0.09903,0.1827,0.08832,0.1338,0.06679,NMC523,25,1,0.3039,1
0.1925,0.0539,0.0176,0.1716,0.4303,0.2497,NMC532,25,1,0.03046,1
0.07779,0.02449,0.3718,0.2657,0.2915,0.26,NMC111,25,1,0.4222,1
0.1804,0.03321,0.2373,0.06659,0.169,0.09765,NMC532,25,1,0.1092,1
0.1376,0.1,0.06846,0.4636,1.173,0.6892,NMC532,25,1,0.07398,1
0.1293,0.007826,0.4493,0.05771,0.05256,0.05298,NMC111,25,1,0.05752,1
0.2151,0.01309,0.009934,0.2972,0.7197,0.4401,NMC532,25,1,0.2221,1
0.2155,0.09593,0.122,0.6071,0.6005,0.5908,NMC111,25,1,0.08933,1
0.1936,0.005287,0.417,0.4561,1.125,0.6255,NMC532,25,1,0.9052,1
0.1043,0.04694,0.08,0.7511,0.8425,0.891,NMC111,25,1,1.43,1
0.06851,0.007752,0.3786,0.277,0.6976,0.4136,NMC532,25,1,0.026,1
0.04861,0.05117,0.2858,0.17,1.37,0.1585,NMC811,25,1,0.6794,1
0.1782,0.08799,0.138,0.05229,0.3901,0.0513,NMC811,25,1,1.3,1
0.1859,0.03726,0.07108,0.02287,0.1916,0.02638,NMC811,25,1,0.02008,1
0.05594,0.08958,0.206,0.8139,1.24,0.5077,NMC523,25,1,0.0253,1
0.06223,0.02815,0.4544,0.1643,0.1768,0.1673,NMC111,25,1,0.1426,1
0.2207,0.03816,0.3197,0.1997,0.6246,0.2106,NMC622,25,1,0.02049,1
0.1398,0.07457,0.2306,0.347,0.5582,0.2481,NMC523,25,1,0.06272,1
0.05712,0.02852,0.1906,0.5443,0.6562,0.6004,NMC111,25,1,0.08709,1
0.2128,0.1019,0.04325,0.4466,1.194,0.7434,NMC532,25,1,0.1345,1
0.2131,0.03466,0.3139,0.2941,2.485,0.2889,NMC811,25,1,0.02882,1
0.04576,0.05054,0.07111,0.03432,0.0827,0.05307,NMC532,25,1,1.147,1
0.1078,0.02377,0.3149,0.224,0.5291,0.3088,NMC532,25,1,0.4932,1
0.1719,0.002678,0.3186,0.1129,0.9219,0.1159,NMC811,25,1,0.05698,1
0.01419,0.06988,0.4491,0.9273,0.8579,0.8716,NMC111,25,1,0.1176,1
0.1403,0.1097,0.3184,0.04629,0.135,0.04128,NMC622,25,1,0.08794,1
0.04441,0.06693,0.05249,0.409,1.047,0.3646,NMC622,25,1,0.103,1
0.03859,0.1023,0.05357,0.365,0.924,0.5595,NMC532,25,1,0.0623,1
0.02168,0.09511,0.1882,1.004,0.9097,0.975,NMC111,25,1,0.4551,1
0.2202,0.104,0.3313,0.07373,0.2082,0.07171,NMC622,25,1,1.469,1
0.01677,0.03863,0.2276,0.4125,1.069,0.6615,NMC532,25,1,0.02633,1
0.1751,0.07162,0.3313,0.2617,0.4699,0.1665,NMC523,25,1,0.0599,1
0.02589,0.08751,0.1247,0.5216,0.5611,0.5303,NMC111,25,1,0.1624,1
0.1587,0.01727,0.07465,0.4894,0.5422,0.5447,NMC111,25,1,0.04006,1
0.05009,0.07728,0.3178,0.4626,1.053,0.6557,NMC532,25,1,0.1621,1
0.1619,0.1006,0.2188,0.326,1.033,0.3368,NMC622,25,1,0.1785,1
0.1807,0.04604,0.1906,0.3744,0.5842,0.2339,NMC523,25,1,0.02117,1
0.06264,0.06909,0.08778,0.1431,1.132,0.1354,NMC811,25,1,1.227,1
0.1514,0.1077,0.1108,0.2481,1.756,0.227,NMC811,25,1,0.7149,1
0.00769,0.0965,0.1973,0.2302,0.2309,0.2205,NMC111,25,1,0.05524,1
0.2124,0.1079,0.2318,0.4988,1.378,0.8506,NMC532,25,1,0.05379,1
0.03892,0.08466,0.09088,0.5925,1.528,0.9359,NMC532,25,1,0.3106,1
0.2176,0.0776,0.4161,0.4428,0.4502,0.4027,NMC111,25,1,0.1279,1
0.1377,0.009292,0.1835,0.1479,0.1505,0.1461,NMC111,25,1,0.04616,1
0.02327,0.04296,0.2449,0.2205,1.896,0.2324,NMC811,25,1,0.04806,1
0.1556,0.1013,0.314,0.04259,0.1231,0.03774,NMC622,25,1,0.4363,1
0.2112,0.09846,0.3952,0.7666,1.395,0.5438,NMC523,25,1,0.07016,1
0.2173,0.03401,0.2864,0.09464,0.1722,0.07024,NMC523,25,1,0.05122,1
0.2022,0.0989,0.2229,0.1024,0.8238,0.1037,NMC811,25,1,0.06343,1
0.1948,0.07186,0.3027,0.8852,1.456,0.5867,NMC523,25,1,0.3314,1
0.1931,0.08268,0.2568,0.08576,0.1436,0.05866,NMC523,25,1,0.03183,1
0.08618,0.01223,0.1957,0.726,1.296,0.4539,NMC523,25,1,0.1293,1
0.1381,0.05003,0.3923,0.3505,1.046,0.3368,NMC622,25,1,1.174,1
0.1895,0.03558,0.3747,0.3604,0.9232,0.526,NMC532,25,1,0.4817,1
0.1563,0.01534,0.3483,0.05191,0.494,0.05687,NMC811,25,1,0.3168,1
0.06182,0.0537,0.07582,0.2139,0.5935,0.2003,NMC622,25,1,0.4625,1
0.06303,0.1071,0.1074,0.3953,1.075,0.6396,NMC532,25,1,0.7187,1
0.1914,0.06703,0.1346,0.2345,0.3297,0.1533,NMC523,25,1,0.05274,1
0.1005,0.1023,0.0347,0.4452,0.4421,0.427,NMC111,25,1,0.341,1
0.1052,0.09236,0.1662,0.1418,1.138,0.1479,NMC811,25,1,0.7087,1
0.1352,0.04242,0.357,0.236,0.6093,0.3642,NMC532,25,1,0.6808,1
0.07909,0.03612,0.4195,0.1735,1.352,0.1747,NMC811,25,1,0.1465,1
0.1018,0.01408,0.2678,0.8888,0.9309,1.018,NMC111,25,1,0.03214,1
0.05229,0.003437,0.1361,0.8612,0.8794,0.9645,NMC111,25,1,0.36,1
0.1003,0.01812,0.2841,0.2919,0.7328,0.3863,NMC532,25,1,0.04402,1
0.2033,0.06443,0.2014,0.2737,0.8054,0.2741,NMC622,25,1,0.08758,1
0.1985,0.03957,0.1837,0.5445,1.718,0.5777,NMC622,25,1,0.9156,1
0.1275,0.05239,0.1213,0.2574,0.2717,0.2586,NMC111,25,1,0.8688,1
0.2224,0.0486,0.1176,0.1064,0.1003,0.1026,NMC111,25,1,0.03468,1
0.2254,0.05124,0.358,0.7455,0.7915,0.8215,NMC111,25,1,0.5919,1
0.01832,0.04995,0.3436,0.2206,0.201,0.2073,NMC111,25,1,0.2491,1
0.134,0.08548,0.3872,0.2523,1.806,0.2345,NMC811,25,1,0.1618,1
0.05613,0.02549,0.1743,0.09916,0.721,0.09412,NMC811,25,1,0.02312,1
0.09383,0.02029,0.1942,0.2723,2.145,0.2905,NMC811,25,1,0.6168,1
0.2205,0.03514,0.3686,0.2858,0.9185,0.3031,NMC622,25,1,0.02078,1
0.1348,0.03044,0.2879,0.1906,0.4266,0.2497,NMC532,25,1,0.6901,1
0.07312,0.04489,0.3471,0.6513,0.6289,0.567,NMC111,25,1,0.4261,1
0.07862,0.02774,0.4366,0.8712,1.312,0.4974,NMC523,25,1,1.485,1
0.009962,0.09013,0.1028,0.6504,1.11,0.4109,NMC523,25,1,0.06052,1
0.1983,0.09935,0.4495,0.1431,1.161,0.1469,NMC811,25,1,0.09513,1
0.1159,0.07302,0.344,0.2169,0.3501,0.1259,NMC523,25,1,0.8633,1
0.007434,0.0553,0.2697,0.2934,0.4858,0.1841,NMC523,25,1,0.4965,1
0.1839,0.07368,0.2468,0.8238,1.128,0.5068,NMC523,25,1,0.6774,1
0.105,0.04506,0.06232,0.3924,1.016,0.6042,NMC532,25,1,0.293,1
0.02357,0.0376,0.2759,0.5544,1.568,0.5578,NMC622,25,1,0.0781,1
0.06068,0.1096,0.3482,0.4708,1.23,0.6833,NMC532,25,1,0.03548,1
0.05531,0.03734,0.2299,0.5275,0.9567,0.3889,NMC523,25,1,0.03104,1
0.114,0.04125,0.07076,0.08256,0.2519,0.08667,NMC622,25,1,0.07255,1
0.1827,0.0271,0.3678,0.1878,0.2976,0.1248,NMC523,25,1,0.07481,1
0.1158,0.07609,0.3648,0.6414,1.398,0.9752,NMC532,25,1,0.0332,1
0.003983,0.06319,0.02939,0.1178,0.3202,0.188,NMC532,25,1,0.0775,1
0.03726,0.1106,0.2407,0.3987,1.257,0.4639,NMC622,25,1,0.3493,1
0.0176,0.07501,0.03386,0.7433,0.8602,0.7642,NMC111,25,1,0.2703,1
0.05209,0.06568,0.1885,0.5392,0.9147,0.3912,NMC523,25,1,0.03927,1
0.007596,0.03621,0.3653,0.4326,0.7167,0.2858,NMC523,25,1,0.2476,1
0.137,0.08828,0.1843,0.7411,0.7224,0.8036,NMC111,25,1,0.04407,1
0.1408,0.07709,0.08344,0.01527,0.1203,0.01496,NMC811,25,1,0.03316,1
0.1469,0.01992,0.03315,0.8873,0.9302,1.023,NMC111,25,1,0.03079,1
0.1731,0.05509,0.347,0.1264,0.2164,0.08881,NMC523,25,1,0.02088,1
0.2158,0.07999,0.3487,0.7288,1.239,0.5134,NMC523,25,1,0.1347,1
0.1834,0.08602,0.4536,0.9891,0.9717,1.07,NMC111,25,1,0.08067,1
0.06326,0.1047,0.1066,0.0812,0.1188,0.054,NMC523,25,1,0.8237,1
0.02055,0.01336,0.3752,0.5276,1.566,0.5954,NMC622,25,1,0.5762,1
0.1494,0.03226,0.1562,0.7741,1.183,0.4701,NMC523,25,1,0.3587,1
0.06385,0.07851,0.3568,0.5479,1.667,0.5599,NMC622,25,1,0.4418,1
0.005582,0.1036,0.2293,0.5188,0.9534,0.3524,NMC523,25,1,0.08998,1
0.2036,0.06306,0.171,0.3092,0.729,0.4027,NMC532,25,1,1.035,1
0.05522,0.07399,0.3184,0.5251,1.775,0.6266,NMC622,25,1,0.2376,1
0.07872,0.03462,0.4415,0.09144,0.7063,0.1043,NMC811,25,1,0.1236,1
0.07881,0.08439,0.3011,0.1063,0.1078,0.09748,NMC111,25,1,0.04046,1
0.1236,0.01544,0.1915,0.7933,0.7418,0.7861,NMC111,25,1,0.1622,1
0.1907,0.09824,0.1952,0.2058,0.6473,0.2303,NMC622,25,1,0.6405,1
0.04257,0.05344,0.1258,0.3438,0.8975,0.5705,NMC532,25,1,1.016,1
0.1141,0.09113,0.03659,0.2538,0.2239,0.2327,NMC111,25,1,0.03958,1
0.1211,0.01503,0.08522,0.2553,0.6675,0.3582,NMC532,25,1,0.5262,1
0.03468,0.09077,0.2344,0.5459,0.8285,0.3702,NMC523,25,1,1.072,1
0.137,0.03729,0.0826,0.7816,1.258,0.5551,NMC523,25,1,0.0314,1
0.1608,0.01649,0.1611,0.5027,0.477,0.4744,NMC111,25,1,0.07282,1
0.1227,0.03878,0.144,0.3289,1.072,0.3368,NMC622,25,1,0.3095,1
0.1867,0.04224,0.04262,0.1738,0.5576,0.1774,NMC622,25,1,0.02366,1
0.03018,0.002197,0.2376,0.3488,0.6061,0.2477,NMC523,25,1,0.659,1
0.2275,0.08027,0.3256,0.4297,1.105,0.6676,NMC532,25,1,0.02157,1
0.1299,0.03319,0.3988,0.04172,0.1101,0.05636,NMC532,25,1,0.02047,1
0.09105,0.05525,0.2961,0.4578,0.7161,0.2894,NMC523,25,1,0.4679,1
0.01289,0.07527,0.09188,0.6125,1.766,0.582,NMC622,25,1,0.2704,1
0.1048,0.1099,0.2497,0.256,2.095,0.249,NMC811,25,1,0.1587,1
0.19,0.07446,0.3525,0.5717,0.5707,0.5452,NMC111,25,1,0.06418,1
0.05229,0.0188,0.05451,0.907,0.885,0.9638,NMC111,25,1,0.08927,1
0.03324,0.1018,0.3829,0.2669,2.024,0.2558,NMC811,25,1,0.2606,1
0.152,0.1011,0.3905,0.2075,0.3022,0.1306,NMC523,25,1,0.6169,1
0.1859,0.06469,0.1822,0.1942,0.5704,0.1856,NMC622,25,1,1.269,1
0.1613,0.07165,0.3642,0.498,0.4938,0.4605,NMC111,25,1,0.3229,1
0.07449,0.04215,0.3127,0.08236,0.2638,0.09431,NMC622,25,1,0.5137,1
0.09068,0.01899,0.1416,0.9848,0.9462,0.8664,NMC111,25,1,0.02281,1
0.1782,0.06165,0.4564,0.5846,1.747,0.5501,NMC622,25,1,0.0702,1
0.09056,0.02243,0.2759,0.1578,1.282,0.1487,NMC811,25,1,0.2545,1
0.01627,0.01391,0.1735,0.1873,0.3022,0.1332,NMC523,25,1,0.3101,1
0.09114,0.009171,0.4459,0.2367,0.5676,0.3508,NMC532,25,1,0.5281,1
0.02156,0.05656,0.06041,0.2432,0.2123,0.2287,NMC111,25,1,0.2265,1
0.1981,0.07344,0.3669,0.851,0.8233,0.8432,NMC111,25,1,0.07107,1
0.2049,0.01598,0.3831,0.6871,1.106,0.448,NMC523,25,1,0.04325,1
0.1191,0.01368,0.4041,0.6012,0.6275,0.6094,NMC111,25,1,0.02454,1
0.2095,0.06311,0.4218,0.269,0.8454,0.256,NMC622,25,1,0.06307,1
0.1014,0.07406,0.06318,0.08793,0.7373,0.08633,NMC811,25,1,0.3249,1
0.1367,0.04025,0.2047,0.1947,1.434,0.2074,NMC811,25,1,0.02867,1
0.1636,0.102,0.3301,0.5673,0.9506,0.3785,NMC523,25,1,1.043,1
0.05483,0.003039,0.03158,0.05247,0.3757,0.05439,NMC811,25,1,0.03623,1
0.1733,0.1105,0.2898,0.1385,1.125,0.1337,NMC811,25,1,0.9165,1
0.1074,0.07018,0.4186,0.9947,0.9702,1.081,NMC111,25,1,0.1663,1
0.1196,0.06614,0.3551,0.05169,0.1385,0.07994,NMC532,25,1,0.07164,1
0.06414,0.006546,0.2873,0.07609,0.6215,0.07422,NMC811,25,1,0.02187,1
0.2141,0.04014,0.2709,0.6161,1.828,0.5652,NMC622,25,1,0.1026,1
0.1344,0.08412,0.1885,0.5603,1.356,0.8488,NMC532,25,1,0.3754,1
0.1032,0.03987,0.1728,0.6067,0.6231,0.6616,NMC111,25,1,0.6215,1
0.1571,0.07196,0.4381,0.9342,0.9477,0.9572,NMC111,25,1,0.2177,1
0.006589,0.06076,0.3959,0.3273,0.5763,0.2443,NMC523,25,1,0.509,1
0.02483,0.03392,0.2392,0.201,1.381,0.1861,NMC811,25,1,1.412,1
0.1826,0.09922,0.2814,0.1716,0.5244,0.1834,NMC622,25,1,0.1078,1
0.1982,0.08233,0.1829,0.2534,1.842,0.2544,NMC811,25,1,1.246,1
0.1118,0.0292,0.2038,0.7334,0.7156,0.7215,NMC111,25,1,0.1187,1
0.1241,0.06059,0.1051,0.4821,1.115,0.6856,NMC532,25,1,0.07035,1
0.1756,0.0422,0.3329,0.09152,0.7341,0.08797,NMC811,25,1,0.1653,1
0.07457,0.0337,0.04698,0.8634,1.15,0.494,NMC523,25,1,0.1083,1
0.1129,0.03384,0.116,0.2388,1.937,0.2567,NMC811,25,1,0.03824,1
0.05467,0.07544,0.03034,0.9156,1.018,1.097,NMC111,25,1,0.02294,1
0.1651,0.005706,0.2264,0.334,0.5253,0.2227,NMC523,25,1,0.06446,1
0.06351,0.0581,0.2614,0.4202,1.17,0.4169,NMC622,25,1,0.04218,1
0.1329,0.05972,0.176,0.213,1.733,0.2155,NMC811,25,1,0.02104,1
0.169,0.08463,0.2333,0.9018,1.008,1.007,NMC111,25,1,1.408,1
0.05667,0.07157,0.2177,0.6206,1.075,0.419,NMC523,25,1,0.7921,1
0.01842,0.02673,0.4485,0.1584,0.4995,0.1484,NMC622,25,1,0.2837,1
0.09554,0.06385,0.2551,0.0975,0.2646,0.1651,NMC532,25,1,0.09654,1
0.1403,0.08912,0.1714,0.505,1.232,0.7611,NMC532,25,1,0.05417,1
0.07076,0.107,0.1039,0.3952,0.8363,0.4813,NMC532,25,1,0.06977,1
0.01012,0.01657,0.1852,0.7149,0.7935,0.7555,NMC111,25,1,0.1943,1
0.1148,0.04149,0.341,0.2988,2.235,0.2915,NMC811,25,1,0.07061,1
0.1227,0.01111,0.4117,0.625,1.154,0.379,NMC523,25,1,0.9861,1
0.143,0.05609,0.2096,0.4564,1.301,0.4835,NMC622,25,1,0.3064,1
0.1229,0.0427,0.3589,0.4524,1.043,0.6626,NMC532,25,1,0.02978,1
0.02185,0.06947,0.3215,0.3086,0.8203,0.5089,NMC532,25,1,0.03565,1
0.1736,0.07394,0.08773,0.1776,0.5212,0.1739,NMC622,25,1,0.2621,1
0.2266,0.07424,0.2321,0.4357,1.106,0.6449,NMC532,25,1,0.03668,1
0.2002,0.01159,0.02016,0.3795,0.3459,0.3378,NMC111,25,1,0.515,1
0.2224,0.02316,0.2607,0.2312,0.6978,0.2674,NMC622,25,1,0.1012,1
0.04431,0.04282,0.1887,0.2743,0.6539,0.3413,NMC532,25,1,0.3652,1
0.03623,0.06463,0.0308,0.6851,0.6857,0.6121,NMC111,25,1,1.139,1
0.1866,0.08527,0.1625,0.1292,0.213,0.08515,NMC523,25,1,0.1156,1
0.06922,0.0154,0.4198,0.1178,0.318,0.1166,NMC622,25,1,0.1389,1
0.09629,0.05088,0.02845,0.9014,0.9759,0.9598,NMC111,25,1,0.9397,1
0.1133,0.0777,0.4141,0.05823,0.09528,0.03918,NMC523,25,1,0.06827,1
0.08866,0.0741,0.06251,0.1587,0.5108,0.1462,NMC622,25,1,0.3242,1
0.11,0.02956,0.07777,0.01758,0.04461,0.02624,NMC532,25,1,0.1295,1
0.1912,0.06324,0.2361,0.1528,0.4532,0.1631,NMC622,25,1,0.1658,1
0.1663,0.1021,0.3961,0.1023,0.8471,0.1019,NMC811,25,1,1.365,1
0.1197,0.06208,0.4464,0.3424,1.037,0.35,NMC622,25,1,0.5349,1
0.0402,0.03445,0.3725,0.5745,0.5361,0.5856,NMC111,25,1,0.04216,1
0.06186,0.06064,0.1815,0.539,0.5274,0.5937,NMC111,25,1,0.3309,1
0.1561,0.07742,0.05996,0.3979,1.079,0.4184,NMC622,25,1,0.2161,1
0.139,0.01598,0.2668,0.982,0.9786,0.9564,NMC111,25,1,0.06559,1
0.1984,0.02223,0.07599,0.249,0.422,0.1572,NMC523,25,1,0.08471,1
0.1189,0.03375,0.4487,0.7194,0.6809,0.6928,NMC111,25,1,0.02541,1
0.2262,0.06761,0.231,0.1643,0.2839,0.1297,NMC523,25,1,0.04673,1
0.07913,0.01869,0.1676,0.2606,2.216,0.276,NMC811,25,1,0.4503,1
0.1986,0.04807,0.08197,0.3634,0.397,0.4113,NMC111,25,1,0.02473,1
0.1824,0.1088,0.3153,0.01716,0.04337,0.02569,NMC532,25,1,0.03472,1
0.1219,0.03031,0.222,0.1041,0.2365,0.1549,NMC532,25,1,0.1398,1
0.01646,0.1081,0.2498,0.5636,1.315,0.8496,NMC532,25,1,0.08274,1
0.02094,0.06449,0.02276,0.007693,0.06794,0.007965,NMC811,25,1,0.05305,1
0.007312,0.07241,0.1003,0.5174,1.663,0.5439,NMC622,25,1,0.4568,1
0.03876,0.07512,0.09518,0.07623,0.1944,0.1204,NMC532,25,1,0.05564,1
0.1924,0.01792,0.1917,0.7136,1.095,0.4762,NMC523,25,1,0.3537,1
0.1348,0.1061,0.2434,0.9698,0.9386,1.052,NMC111,25,1,0.4891,1
0.1461,0.03296,0.3426,0.2547,0.3798,0.1659,NMC523,25,1,0.2237,1
0.02088,0.0788,0.03039,0.3937,0.961,0.5018,NMC532,25,1,0.08394,1
0.0565,0.1031,0.3687,0.6321,1.052,0.384,NMC523,25,1,0.08475,1
0.07023,0.05085,0.1238,0.1392,0.33,0.2088,NMC532,25,1,0.02576,1
0.1564,0.04577,0.2947,0.2893,0.4771,0.1824,NMC523,25,1,0.8146,1
0.01223,0.07864,0.06064,0.1094,0.1935,0.07935,NMC523,25,1,0.08265,1
0.1372,0.04975,0.1748,0.1639,1.361,0.1705,NMC811,25,1,0.0223,1
0.0932,0.06268,0.1913,0.557,0.5008,0.5911,NMC111,25,1,0.4766,1
0.06842,0.05802,0.2754,0.01792,0.1537,0.01958,NMC811,25,1,0.02083,1
0.07238,0.05342,0.3386,0.4899,1.469,0.4781,NMC622,25,1,0.1324,1
0.06642,0.1034,0.3763,0.1869,1.439,0.1639,NMC811,25,1,0.08106,1
0.07177,0.09544,0.09862,0.5871,1.342,0.736,NMC532,25,1,0.132,1
0.1732,0.04318,0.2631,0.5848,0.9985,0.3941,NMC523,25,1,1.223,1
0.08968,0.00278,0.2613,0.4061,0.6635,0.2898,NMC523,25,1,0.07735,1
0.08986,0.06471,0.3276,0.3551,0.8392,0.495,NMC532,25,1,0.4715,1
0.008003,0.02423,0.2397,0.2153,0.3171,0.1337,NMC523,25,1,0.2462,1
0.08264,0.01975,0.4497,0.1455,0.4463,0.1458,NMC622,25,1,0.03856,1
0.1633,0.01237,0.2898,0.494,0.7946,0.2871,NMC523,25,1,0.03375,1
0.1932,0.02184,0.1066,0.3962,1.227,0.3611,NMC622,25,1,0.4017,1
0.1918,0.05127,0.0976,0.1466,0.1465,0.1452,NMC111,25,1,0.782,1
0.03937,0.0659,0.2593,0.7812,0.8278,0.7806,NMC111,25,1,0.06159,1
0.1818,0.0996,0.2667,0.03933,0.1004,0.06117,NMC532,25,1,0.05214,1
0.04931,0.01007,0.1256,0.1399,1.234,0.1415,NMC811,25,1,0.2472,1
0.1181,0.03463,0.2995,0.6547,0.6595,0.6415,NMC111,25,1,0.08013,1
0.1319,0.1103,0.3586,0.0708,0.1738,0.1031,NMC532,25,1,0.03432,1
0.1226,0.02109,0.2132,0.03394,0.102,0.03293,NMC622,25,1,1.019,1
0.09967,0.02845,0.1756,0.4844,1.395,0.8754,NMC532,25,1,0.16,1
0.03581,0.06912,0.3072,0.1888,1.691,0.1935,NMC811,25,1,0.1353,1
0.008893,0.1065,0.3497,0.1447,0.4556,0.1634,NMC622,25,1,0.09112,1
0.2147,0.04329,0.2721,0.2442,0.6191,0.3169,NMC532,25,1,0.02209,1
0.04504,0.04832,0.1752,0.4598,1.387,0.4758,NMC622,25,1,1.15,1
0.0141,0.08238,0.2869,0.8295,1.633,0.61,NMC523,25,1,0.2953,1
0.03813,0.0244,0.1649,1.106,0.9862,0.9634,NMC111,25,1,0.1717,1
0.1404,0.06837,0.02811,0.1793,0.4467,0.269,NMC532,25,1,0.4986,1
0.09402,0.0297,0.1949,0.1041,0.2677,0.1648,NMC532,25,1,0.02886,1
0.05539,0.02165,0.02501,0.2693,0.2645,0.2981,NMC111,25,1,0.02125,1
0.07857,0.06127,0.051,0.3142,0.7566,0.4719,NMC532,25,1,0.04468,1
0.1842,0.1066,0.1695,0.5037,0.512,0.5125,NMC111,25,1,0.2596,1
0.05199,0.02018,0.1322,0.2739,2.005,0.2708,NMC811,25,1,0.2033,1
0.1909,0.0947,0.391,0.8138,0.7522,0.7741,NMC111,25,1,0.05471,1
0.09951,0.03039,0.4455,0.2258,0.5602,0.3482,NMC532,25,1,0.02888,1
0.1476,0.04339,0.3247,0.06753,0.1896,0.1112,NMC532,25,1,0.02547,1
0.2236,0.04459,0.08878,0.4106,1.088,0.6633,NMC532,25,1,0.6149,1
0.1325,0.03298,0.109,0.2929,2.306,0.3046,NMC811,25,1,0.4079,1
0.1304,0.02669,0.09486,0.1225,0.3628,0.1233,NMC622,25,1,0.0276,1
0.1853,0.07297,0.2412,0.3436,0.648,0.2368,NMC523,25,1,0.3533,1
0.1424,0.1079,0.2886,0.5915,1.469,0.9071,NMC532,25,1,0.1356,1
0.02781,0.09835,0.3422,0.02593,0.03655,0.01628,NMC523,25,1,0.05348,1
0.1738,0.01964,0.03296,0.5029,1.331,0.8127,NMC532,25,1,0.1951,1
0.02158,0.006912,0.3669,0.1237,0.1338,0.1281,NMC111,25,1,0.09563,1
0.1902,0.05119,0.07676,0.1298,0.1395,0.1524,NMC111,25,1,0.03032,1
0.1787,0.04804,0.00749,0.07447,0.6163,0.07389,NMC811,25,1,1.086,1
0.06532,0.05982,0.3742,0.8493,0.7628,0.742,NMC111,25,1,0.2106,1
0.08913,0.0859,0.0795,0.09046,0.7344,0.08961,NMC811,25,1,0.2723,1
0.1551,0.1091,0.1514,0.2485,0.6679,0.2255,NMC622,25,1,0.2487,1
0.04678,0.07721,0.3628,0.5967,1.516,0.8434,NMC532,25,1,0.0208,1
0.2081,0.07088,0.4078,0.5419,1.433,0.8401,NMC532,25,1,0.07381,1
0.168,0.05179,0.3399,0.01684,0.04135,0.02433,NMC532,25,1,0.03627,1
0.1557,0.09481,0.412,0.191,1.504,0.203,NMC811,25,1,0.0955,1
0.04397,0.07141,0.2033,0.5737,1.341,0.8806,NMC532,25,1,0.4655,1
0.1355,0.07754,0.2347,0.302,0.507,0.2205,NMC523,25,1,0.1048,1
0.1226,0.004706,0.159,0.04194,0.3299,0.04148,NMC811,25,1,0.4371,1
0.05164,0.07235,0.3452,0.2194,1.888,0.2406,NMC811,25,1,0.6803,1
0.08441,0.1025,0.3479,0.109,0.1168,0.1174,NMC111,25,1,0.4977,1
0.1348,0.02315,0.3731,0.1689,1.499,0.1805,NMC811,25,1,0.5545,1
0.1072,0.0617,0.1618,0.6784,0.6157,0.6711,NMC111,25,1,0.2192,1
0.2202,0.01676,0.1184,0.6354,1.072,0.4599,NMC523,25,1,0.1713,1
0.1484,0.03777,0.4514,0.7315,1.401,0.5207,NMC523,25,1,0.03406,1
0.03369,0.09146,0.3579,0.2761,2.033,0.2651,NMC811,25,1,0.4921,1
0.1261,0.02203,0.2754,0.8665,1.47,0.5158,NMC523,25,1,0.03094,1
0.1614,0.083,0.3058,0.3613,0.9518,0.3331,NMC622,25,1,0.1485,1
0.0819,0.0876,0.1332,0.1254,0.4315,0.1499,NMC622,25,1,0.1638,1
0.1066,0.01093,0.4536,0.4747,1.41,0.4707,NMC622,25,1,0.8258,1
0.1976,0.05705,0.04012,0.3242,0.2921,0.2998,NMC111,25,1,0.606,1
0.1477,0.07967,0.3812,0.6344,0.9641,0.4285,NMC523,25,1,1.008,1
0.008737,0.1084,0.2591,0.05697,0.1838,0.05667,NMC622,25,1,0.4206,1
0.08847,0.05181,0.2112,0.1788,1.402,0.1812,NMC811,25,1,0.2531,1
0.1057,0.06224,0.03582,0.4028,0.9805,0.5962,NMC532,25,1,0.1185,1
0.2202,0.04015,0.4516,0.271,2.163,0.275,NMC811,25,1,0.1608,1
0.2012,0.01245,0.2105,0.1923,0.5908,0.1992,NMC622,25,1,0.4236,1
0.1085,0.02277,0.11,0.9365,0.9355,0.924,NMC111,25,1,0.02971,1
0.06604,0.1101,0.1306,0.4668,0.8012,0.3099,NMC523,25,1,0.07454,1
0.02221,0.05118,0.08236,0.2005,1.612,0.2008,NMC811,25,1,0.04788,1
0.1776,0.0676,0.06109,0.9285,1.547,0.524,NMC523,25,1,0.02394,1
0.1895,0.02611,0.4342,0.1018,0.1004,0.1078,NMC111,25,1,1.248,1
0.1746,0.03425,0.2068,0.3394,0.9075,0.3045,NMC622,25,1,0.03471,1
0.1624,0.03255,0.2244,0.5903,0.5998,0.6935,NMC111,25,1,0.148,1
0.1413,0.05081,0.1929,0.1368,1.214,0.1452,NMC811,25,1,0.0311,1
0.0261,0.01348,0.3814,0.1612,1.268,0.1752,NMC811,25,1,0.03111,1
0.06427,0.02581,0.3697,0.1168,0.2985,0.1822,NMC532,25,1,0.6383,1
0.1491,0.03756,0.1216,0.9123,0.8898,0.9184,NMC111,25,1,0.09639,1
0.1185,0.0814,0.3812,0.07658,0.07239,0.07231,NMC111,25,1,0.07446,1
0.2037,0.067,0.3763,0.2761,2.473,0.278,NMC811,25,1,0.04554,1
0.1199,0.109,0.4569,0.7456,0.7524,0.7383,NMC111,25,1,0.07506,1
0.116,0.03639,0.4264,0.617,1.775,0.6184,NMC622,25,1,0.058,1
0.06301,0.01613,0.3663,0.03921,0.104,0.05745,NMC532,25,1,0.3089,1
0.08407,0.0744,0.1998,0.3931,1.012,0.6479,NMC532,25,1,0.2085,1
0.08969,0.07296,0.2135,0.08417,0.6681,0.09256,NMC811,25,1,0.02733,1
0.03214,0.02843,0.1455,0.763,1.331,0.5336,NMC523,25,1,1.154,1
0.08594,0.08158,0.1117,0.03581,0.2734,0.03305,NMC811,25,1,0.0859,1
0.1635,0.08191,0.1078,0.1648,1.339,0.1575,NMC811,25,1,1.29,1
0.2041,0.05039,0.02641,0.07458,0.1738,0.1063,NMC532,25,1,0.04043,1
0.1632,0.04457,0.0197,0.3111,2.344,0.3429,NMC811,25,1,0.2125,1
0.1244,0.003561,0.06546,0.5828,1.41,0.7797,NMC532,25,1,0.1552,1
0.2266,0.08531,0.401,0.3286,1.023,0.2956,NMC622,25,1,0.04546,1
0.1074,0.04843,0.01936,0.5253,1.599,0.5561,NMC622,25,1,0.6765,1
0.0508,0.007635,0.4101,0.2495,0.691,0.4017,NMC532,25,1,0.04176,1
0.1269,0.07631,0.1713,0.06525,0.5936,0.06953,NMC811,25,1,0.9819,1
0.07853,0.07625,0.142,0.5807,1.428,0.8533,NMC532,25,1,0.1208,1
0.02174,0.1048,0.3038,0.5944,1.34,0.8258,NMC532,25,1,1.205,1
0.005636,0.02862,0.384,0.2928,0.8902,0.2807,NMC622,25,1,0.06101,1
0.2114,0.06627,0.2328,0.03227,0.08763,0.05419,NMC532,25,1,0.0397,1
0.1102,0.006682,0.06631,0.1334,1.006,0.1315,NMC811,25,1,0.8566,1
0.1976,0.0756,0.2666,0.4188,1.36,0.4176,NMC622,25,1,0.1379,1
0.07319,0.04819,0.2309,0.1795,1.429,0.1918,NMC811,25,1,0.3098,1
0.0204,0.04971,0.3192,0.1603,1.21,0.1743,NMC811,25,1,0.9142,1
0.2188,0.06595,0.3914,0.08518,0.6938,0.08438,NMC811,25,1,0.9712,1
0.09489,0.05254,0.3995,0.062,0.1854,0.06148,NMC622,25,1,0.02725,1
0.1488,0.01699,0.1265,0.7021,1.093,0.4409,NMC523,25,1,0.3694,1
0.1318,0.02383,0.2744,0.3732,0.3528,0.3814,NMC111,25,1,1.081,1
0.04528,0.05417,0.1889,0.8585,1.538,0.571,NMC523,25,1,0.02474,1
0.1436,0.09656,0.1737,0.495,1.231,0.7665,NMC532,25,1,0.05972,1
0.2215,0.02021,0.3911,0.167,0.5583,0.1716,NMC622,25,1,0.3995,1
0.05068,0.02134,0.03758,0.1469,0.4092,0.1289,NMC622,25,1,0.07935,1
0.01816,0.02776,0.3468,0.3469,1.123,0.3425,NMC622,25,1,0.02122,1
0.1441,0.08575,0.2565,0.3732,0.357,0.3531,NMC111,25,1,0.1661,1
0.02527,0.02787,0.2249,0.6929,0.7224,0.7217,NMC111,25,1,0.3239,1
0.04662,0.04201,0.4328,0.186,1.572,0.1821,NMC811,25,1,0.09735,1
0.17,0.03511,0.3938,0.01718,0.125,0.01675,NMC811,25,1,0.8922,1
0.1305,0.02022,0.2932,0.3889,1.198,0.4287,NMC622,25,1,0.02196,1
0.03393,0.02292,0.04077,0.09066,0.6469,0.08347,NMC811,25,1,0.7846,1
0.1693,0.02032,0.2935,0.2744,0.9751,0.2585,NMC622,25,1,0.1589,1
0.04086,0.004408,0.109,0.5518,1.489,0.8091,NMC532,25,1,0.06213,1
0.07107,0.03034,0.2957,0.05836,0.4472,0.05668,NMC811,25,1,1.021,1
0.007851,0.0927,0.121,0.1432,0.3672,0.2215,NMC532,25,1,1.027,1
0.1114,0.1056,0.3202,0.1201,1.155,0.137,NMC811,25,1,0.06803,1
0.0108,0.09865,0.4371,0.4526,1.094,0.6398,NMC532,25,1,0.02423,1
0.05724,0.01739,0.4309,0.2198,1.636,0.2142,NMC811,25,1,0.06465,1
0.1681,0.04275,0.1617,0.6764,1.147,0.4314,NMC523,25,1,0.4382,1
0.009487,0.01473,0.4361,0.5142,0.4648,0.5051,NMC111,25,1,0.1286,1
0.2083,0.05321,0.4577,0.05794,0.1592,0.05474,NMC622,25,1,0.331,1
0.08139,0.08037,0.3432,0.1421,0.4348,0.1531,NMC622,25,1,0.1691,1
0.07318,0.04073,0.2657,0.1817,1.515,0.1798,NMC811,25,1,0.08982,1
0.2048,0.07014,0.4134,0.2766,2.271,0.2675,NMC811,25,1,0.4254,1
0.1195,0.01955,0.02918,0.2807,0.4453,0.2021,NMC523,25,1,0.742,1
0.1672,0.05985,0.1584,0.3481,0.3846,0.3634,NMC111,25,1,0.6646,1
0.01912,0.01118,0.2151,0.572,0.5313,0.4885,NMC111,25,1,0.08529,1
0.07026,0.02503,0.1065,0.3585,0.3603,0.3193,NMC111,25,1,0.1572,1
0.07751,0.01038,0.2563,0.1062,0.942,0.1148,NMC811,25,1,0.5417,1
0.1247,0.05979,0.1347,0.5251,1.718,0.5029,NMC622,25,1,0.05447,1
0.1927,0.004026,0.4371,0.2569,0.6715,0.2351,NMC622,25,1,0.558,1
0.1947,0.025,0.2211,0.5815,0.5886,0.6018,NMC111,25,1,0.1248,1
0.09367,0.0222,0.3627,0.2618,0.7214,0.3877,NMC532,25,1,0.09909,1
0.1906,0.1106,0.06756,0.1757,0.4373,0.2489,NMC532,25,1,0.6715,1
0.03575,0.01307,0.07796,0.3338,1.044,0.3814,NMC622,25,1,0.1143,1
0.05883,0.09918,0.3143,0.5471,1.49,0.8947,NMC532,25,1,0.3674,1
0.1721,0.1105,0.139,0.08984,0.7202,0.09059,NMC811,25,1,0.03747,1
0.1975,0.04103,0.187,0.4406,1.36,0.4645,NMC622,25,1,0.0374,1
0.1279,0.08934,0.3463,0.5334,1.241,0.8442,NMC532,25,1,0.4126,1
0.01388,0.05706,0.221,0.4707,0.8135,0.3232,NMC523,25,1,0.03293,1
0.07656,0.1005,0.2692,0.2836,2.307,0.2895,NMC811,25,1,0.0283,1
0.1171,0.05778,0.2573,0.5463,0.9936,0.3586,NMC523,25,1,0.9666,1
0.1529,0.09656,0.074,0.7307,1.136,0.5231,NMC523,25,1,1.372,1
0.1192,0.07312,0.1702,0.02358,0.1893,0.02097,NMC811,25,1,0.02133,1
0.04706,0.09991,0.1546,0.2092,0.4492,0.2843,NMC532,25,1,0.0212,1
0.06552,0.08011,0.1339,0.224,0.3675,0.1405,NMC523,25,1,0.2508,1
0.01187,0.04936,0.2569,0.4118,1.16,0.5805,NMC532,25,1,0.4953,1
0.1901,0.04451,0.2222,0.1436,1.01,0.1464,NMC811,25,1,0.03053,1
0.2114,0.08393,0.1088,0.09804,0.3238,0.1077,NMC622,25,1,0.02249,1
0.1021,0.09286,0.1769,0.1208,0.2777,0.1934,NMC532,25,1,0.9121,1
0.1071,0.08916,0.2883,0.6604,0.6481,0.7187,NMC111,25,1,0.1223,1
0.1146,0.1046,0.06975,0.571,1.28,0.7446,NMC532,25,1,0.02879,1
0.1482,0.1093,0.132,0.4327,1.069,0.6506,NMC532,25,1,0.08846,1
0.1672,0.03912,0.2104,0.495,0.435,0.4833,NMC111,25,1,0.05836,1
0.07627,0.09056,0.3125,0.5232,0.5319,0.502,NMC111,25,1,0.7002,1
0.0285,0.0857,0.06159,1.011,1.009,0.9841,NMC111,25,1,0.05576,1
0.06281,0.08275,0.03325,0.3007,2.452,0.3009,NMC811,25,1,0.4666,1
0.1338,0.1081,0.3384,0.4243,0.9502,0.6027,NMC532,25,1,0.3102,1
0.0744,0.02699,0.4331,0.1154,0.2739,0.184,NMC532,25,1,0.03714,1
0.1757,0.07304,0.1206,0.2635,0.8169,0.2499,NMC622,25,1,1.268,1
0.07625,0.0372,0.07415,0.5525,0.6332,0.6254,NMC111,25,1,0.1359,1
0.2066,0.05125,0.4564,0.1321,0.2362,0.09393,NMC523,25,1,0.0925,1
0.06691,0.08834,0.2577,0.1504,0.2055,0.09104,NMC523,25,1,1.241,1
0.1218,0.01721,0.1134,0.6992,0.7464,0.7682,NMC111,25,1,0.2139,1
0.01228,0.1027,0.1894,0.8168,1.298,0.5317,NMC523,25,1,0.09316,1
0.1921,0.04351,0.04628,0.07707,0.07492,0.0811,NMC111,25,1,0.11,1
0.07361,0.07768,0.01179,0.4806,1.204,0.6923,NMC532,25,1,0.03075,1
0.06232,0.02261,0.3237,0.03014,0.2406,0.02926,NMC811,25,1,0.1023,1
0.04262,0.0222,0.3196,0.6697,1.018,0.4967,NMC523,25,1,0.5802,1
0.1764,0.02375,0.07133,0.4145,1.324,0.4153,NMC622,25,1,0.08541,1
0.03602,0.09894,0.06987,0.6384,1.742,0.5943,NMC622,25,1,1.415,1
0.0968,0.05444,0.207,0.2286,0.5631,0.3875,NMC532,25,1,0.2516,1
0.1974,0.01042,0.09491,0.6211,1.87,0.5885,NMC622,25,1,0.0254,1
0.1895,0.03837,0.05663,0.4762,1.476,0.5067,NMC622,25,1,0.9064,1
0.0504,0.05568,0.1714,0.2295,1.92,0.2468,NMC811,25,1,0.3475,1
0.1726,0.09296,0.1164,0.9154,0.9491,0.9177,NMC111,25,1,0.04791,1
0.04147,0.05966,0.229,0.1318,0.3338,0.2164,NMC532,25,1,0.1191,1
0.03178,0.06312,0.2996,0.09205,0.2324,0.1489,NMC532,25,1,1.039,1
0.1291,0.06135,0.1867,0.2886,2.244,0.2731,NMC811,25,1,0.07318,1
0.1849,0.06192,0.3055,0.1419,0.1355,0.1426,NMC111,25,1,0.02718,1
0.1921,0.1033,0.29,0.4306,1.047,0.6211,NMC532,25,1,0.2849,1
0.1919,0.05247,0.4165,0.2115,0.6618,0.2047,NMC622,25,1,0.3838,1
0.03417,0.03187,0.04324,0.1793,1.52,0.1881,NMC811,25,1,0.103,1
0.1483,0.0944,0.1412,0.1019,0.2688,0.09241,NMC622,25,1,0.0554,1
0.2236,0.1051,0.353,0.1191,0.3196,0.1735,NMC532,25,1,1.49,1
0.05475,0.0152,0.2814,0.2868,0.9768,0.3441,NMC622,25,1,0.0399,1
0.09197,0.05774,0.2705,0.5323,0.8524,0.3522,NMC523,25,1,1.46,1
0.2146,0.07147,0.2815,0.5692,0.9152,0.3853,NMC523,25,1,0.02171,1
0.08134,0.01387,0.1638,0.4664,1.261,0.4588,NMC622,25,1,0.6577,1
0.1069,0.02404,0.3788,0.1496,0.2198,0.09091,NMC523,25,1,0.1828,1
0.06972,0.01761,0.1116,0.1593,1.345,0.1672,NMC811,25,1,0.03913,1
0.05123,0.03019,0.03805,0.2347,0.3825,0.1735,NMC523,25,1,0.4531,1
0.07948,0.1033,0.1923,0.6234,1.01,0.4344,NMC523,25,1,0.1167,1
0.0468,0.06272,0.4155,0.7367,0.7602,0.8573,NMC111,25,1,1.204,1
0.2081,0.101,0.07366,0.1342,0.4252,0.1397,NMC622,25,1,0.1091,1
0.1676,0.05542,0.2078,0.8908,0.9002,0.9697,NMC111,25,1,0.04621,1
0.175,0.08401,0.3553,0.1022,0.7592,0.09316,NMC811,25,1,0.1177,1
0.04574,0.1104,0.2641,0.7005,0.7022,0.7598,NMC111,25,1,0.1383,1
0.2192,0.0786,0.07573,0.205,1.653,0.1874,NMC811,25,1,0.2148,1
0.2249,0.08131,0.06866,0.1462,1.206,0.1467,NMC811,25,1,0.429,1
0.1061,0.03469,0.1273,0.9118,0.8954,0.9642,NMC111,25,1,0.02604,1
0.1074,0.07027,0.4467,0.576,1.707,0.6088,NMC622,25,1,0.03428,1
0.1389,0.07184,0.09773,0.4056,1.279,0.4146,NMC622,25,1,0.1398,1
0.2137,0.00844,0.0994,0.6148,0.9278,0.3952,NMC523,25,1,0.2911,1
0.05625,0.03576,0.2909,0.13,0.9908,0.1192,NMC811,25,1,0.05138,1
0.01393,0.01182,0.3378,0.9472,0.9781,0.8727,NMC111,25,1,0.05384,1
0.174,0.04872,0.1565,0.1868,1.418,0.1697,NMC811,25,1,0.07452,1
0.01367,0.01385,0.1122,0.5758,1.062,0.422,NMC523,25,1,0.03408,1
0.02265,0.09159,0.3152,0.4709,1.266,0.7031,NMC532,25,1,0.2576,1
0.177,0.03794,0.1653,0.2087,0.3289,0.1356,NMC523,25,1,1.382,1
0.06045,0.05185,0.148,0.6592,0.609,0.6373,NMC111,25,1,0.3793,1
0.1779,0.04829,0.3474,0.2983,0.7007,0.4437,NMC532,25,1,0.5004,1
0.208,0.06006,0.317,0.5434,1.772,0.5618,NMC622,25,1,0.5369,1
0.09467,0.04727,0.1833,0.5732,1.366,0.9007,NMC532,25,1,0.1011,1
0.05688,0.007662,0.06221,0.3409,0.7777,0.4603,NMC532,25,1,0.3667,1
0.02594,0.07376,0.104,0.1404,0.3636,0.2334,NMC532,25,1,0.02403,1
0.1328,0.09034,0.02902,0.3288,0.8152,0.5165,NMC532,25,1,1.352,1
0.2206,0.02804,0.3806,0.2691,0.7178,0.4247,NMC532,25,1,0.6347,1
0.04014,0.1081,0.1843,0.1395,0.2184,0.09262,NMC523,25,1,0.2067,1
0.1249,0.09305,0.2646,0.5061,1.318,0.8726,NMC532,25,1,0.03117,1
0.1796,0.04572,0.4074,0.2314,0.2245,0.2373,NMC111,25,1,0.5424,1
0.2188,0.04973,0.3071,0.7286,0.6911,0.6976,NMC111,25,1,0.4034,1
0.03818,0.01859,0.2263,0.02772,0.08699,0.02692,NMC622,25,1,0.0455,1
0.09806,0.06108,0.411,0.09899,0.2262,0.1275,NMC532,25,1,0.234,1
0.2174,0.03781,0.2317,0.3259,0.5443,0.2318,NMC523,25,1,0.04926,1
0.1305,0.04787,0.2128,0.6594,1.05,0.3703,NMC523,25,1,0.06741,1
0.02535,0.04476,0.1246,0.1194,0.1746,0.08833,NMC523,25,1,1.164,1
0.06169,0.06078,0.02981,0.2703,0.4198,0.1758,NMC523,25,1,0.2362,1
0.06033,0.08085,0.2064,0.8311,0.8435,0.8079,NMC111,25,1,0.1526,1
0.1147,0.1015,0.1936,0.145,1.15,0.16,NMC811,25,1,0.2107,1
0.074,0.09876,0.05208,0.811,0.8484,0.8278,NMC111,25,1,1.027,1
0.207,0.07592,0.1584,0.01051,0.08713,0.01202,NMC811,25,1,0.6872,1
0.1507,0.00341,0.3415,0.4546,1.106,0.6429,NMC532,25,1,0.08294,1
0.1737,0.09468,0.3107,0.3413,0.8963,0.5239,NMC532,25,1,0.4151,1
0.01772,0.008682,0.1868,0.9557,1.458,0.5904,NMC523,25,1,0.08696,1
0.07245,0.07328,0.253,0.5269,1.233,0.7901,NMC532,25,1,1.166,1
0.03125,0.0926,0.3335,0.9932,0.8551,0.9982,NMC111,25,1,0.02667,1
0.2236,0.07985,0.3848,0.2181,1.738,0.2058,NMC811,25,1,0.3683,1
0.128,0.1047,0.04861,0.5831,1.82,0.5825,NMC622,25,1,0.3958,1
0.07484,0.08676,0.2874,0.2799,0.9003,0.3194,NMC622,25,1,1.109,1
0.1843,0.07355,0.3611,0.07795,0.2308,0.07485,NMC622,25,1,0.267,1
0.1811,0.01115,0.01476,0.4,0.3869,0.3773,NMC111,25,1,0.04052,1
0.1573,0.1051,0.3511,0.4215,1.038,0.5926,NMC532,25,1,0.6727,1
0.009637,0.04532,0.09044,0.3661,0.7445,0.5048,NMC532,25,1,1.237,1
0.05369,0.005316,0.1129,0.463,0.4397,0.4404,NMC111,25,1,0.021,1
0.1054,0.09571,0.2559,0.7512,1.603,0.6168,NMC523,25,1,0.1212,1
0.05605,0.09984,0.2805,0.95,0.9271,0.957,NMC111,25,1,0.02966,1
0.2216,0.01755,0.4111,0.6689,0.7004,0.6282,NMC111,25,1,0.1695,1
0.2214,0.009527,0.246,0.395,1.216,0.3896,NMC622,25,1,0.1665,1
0.09652,0.0459,0.01072,0.5572,0.8178,0.3537,NMC523,25,1,0.3502,1
0.06887,0.01585,0.1607,0.119,0.3641,0.1197,NMC622,25,1,0.07434,1
0.2227,0.01737,0.1151,0.4735,1.71,0.4701,NMC622,25,1,0.2858,1
0.1639,0.01884,0.1578,0.1516,1.276,0.1456,NMC811,25,1,0.5641,1
0.03261,0.01969,0.2509,0.9424,1.024,0.9404,NMC111,25,1,0.08164,1
0.1945,0.08006,0.01375,0.9353,0.8665,0.8276,NMC111,25,1,0.09101,1
0.1313,0.06042,0.2068,0.1785,0.5732,0.1772,NMC622,25,1,0.7638,1
0.2003,0.06415,0.3776,0.05347,0.137,0.07337,NMC532,25,1,0.04144,1
0.145,0.08901,0.4212,0.4688,0.8739,0.3396,NMC523,25,1,0.02453,1
0.1727,0.05328,0.4236,0.2745,0.7104,0.4292,NMC532,25,1,0.1354,1
0.06477,0.04948,0.1678,0.2473,0.2493,0.2467,NMC111,25,1,0.1251,1
0.2266,0.07918,0.1033,0.1382,0.3278,0.1899,NMC532,25,1,0.6844,1
0.1343,0.06339,0.2493,0.2443,1.893,0.2435,NMC811,25,1,0.4577,1
0.07969,0.05102,0.01805,0.2749,0.7039,0.4252,NMC532,25,1,0.1297,1
0.009767,0.04706,0.3778,0.2348,0.5526,0.3325,NMC532,25,1,0.2296,1
0.158,0.07717,0.2327,0.1675,0.2472,0.1077,NMC523,25,1,1.451,1
0.202,0.04558,0.1473,0.8621,0.8911,0.9193,NMC111,25,1,1.483,1
0.01906,0.07395,0.3358,0.06827,0.06337,0.06757,NMC111,25,1,0.2134,1
0.1814,0.08071,0.4442,0.2756,0.7055,0.4292,NMC532,25,1,0.6565,1
0.02366,0.09772,0.175,0.1954,1.526,0.1746,NMC811,25,1,0.8652,1
0.2111,0.111,0.4408,0.1568,1.364,0.1446,NMC811,25,1,0.7352,1
0.05434,0.04726,0.01157,0.947,0.9772,1.085,NMC111,25,1,0.08992,1
0.2253,0.1097,0.453,0.7105,1.188,0.4604,NMC523,25,1,0.06121,1
0.2083,0.105,0.03559,0.6263,1.776,0.6564,NMC622,25,1,1.284,1
0.1205,0.108,0.2039,0.1981,0.2176,0.2139,NMC111,25,1,0.06513,1
0.02407,0.05318,0.1922,0.519,1.418,0.4887,NMC622,25,1,0.6883,1
0.09917,0.04407,0.1577,0.9028,0.8044,0.8998,NMC111,25,1,0.04311,1
0.1766,0.04737,0.3332,0.5798,0.8947,0.3787,NMC523,25,1,0.6231,1
0.1691,0.0917,0.1407,0.3223,0.8585,0.4784,NMC532,25,1,0.2864,1
0.08199,0.06934,0.03415,0.9057,0.903,0.9415,NMC111,25,1,0.6475,1
0.05295,0.09534,0.4032,0.316,0.9986,0.3004,NMC622,25,1,0.08283,1
0.163,0.06068,0.2891,0.372,0.5623,0.2618,NMC523,25,1,1.236,1
0.1478,0.1027,0.1831,0.1424,0.243,0.109,NMC523,25,1,0.04383,1
0.1939,0.0395,0.17,0.3935,1.239,0.4143,NMC622,25,1,0.3682,1
0.04409,0.08509,0.3327,0.1719,1.376,0.1786,NMC811,25,1,0.4809,1
0.08583,0.04017,0.1665,0.3061,2.288,0.3011,NMC811,25,1,0.03173,1
0.08361,0.04979,0.1602,0.5623,1.61,0.5735,NMC622,25,1,0.3487,1
0.09709,0.1018,0.3036,0.148,1.029,0.1391,NMC811,25,1,0.06404,1
0.2095,0.03073,0.3982,0.4304,0.4098,0.4062,NMC111,25,1,0.6817,1
0.01342,0.08537,0.254,0.315,2.313,0.2659,NMC811,25,1,0.5518,1
0.2134,0.06528,0.02007,0.2019,0.571,0.1905,NMC622,25,1,1.053,1
0.08481,0.04805,0.3006,0.1448,0.1535,0.1696,NMC111,25,1,0.2543,1
0.2067,0.05462,0.3332,0.5409,1.395,0.802,NMC532,25,1,0.02449,1
0.2087,0.07556,0.04467,0.02351,0.2006,0.02478,NMC811,25,1,0.2214,1
0.1299,0.06033,0.3857,0.7896,0.7285,0.7512,NMC111,25,1,0.03858,1
0.1837,0.01041,0.07703,0.3385,0.577,0.2168,NMC523,25,1,0.9913,1
0.09394,0.01034,0.3636,0.4571,1.172,0.688,NMC532,25,1,0.02825,1
0.2075,0.06923,0.08215,0.3394,0.8286,0.4988,NMC532,25,1,0.157,1
0.1951,0.02066,0.274,0.4844,1.209,0.4191,NMC622,25,1,0.07007,1
0.08906,0.04787,0.04359,0.1853,0.5731,0.1716,NMC622,25,1,0.1579,1
0.09488,0.07379,0.3421,0.1224,0.9681,0.1262,NMC811,25,1,0.06317,1
0.06128,0.06485,0.3837,0.2968,0.4791,0.2081,NMC523,25,1,0.5684,1
0.08033,0.09681,0.3653,0.178,1.351,0.1606,NMC811,25,1,0.2925,1
0.04544,0.03145,0.01391,0.1097,0.9615,0.1144,NMC811,25,1,0.02562,1
0.1477,0.09364,0.3013,0.06763,0.1131,0.04346,NMC523,25,1,0.4971,1
0.2001,0.03427,0.3881,0.4025,0.9042,0.5377,NMC532,25,1,0.02432,1
0.07477,0.1021,0.3174,0.03127,0.251,0.03082,NMC811,25,1,1.158,1
0.0788,0.01648,0.3133,0.4277,1.047,0.6181,NMC532,25,1,0.8763,1
0.1565,0.01024,0.3715,0.1234,1.035,0.1327,NMC811,25,1,0.02542,1
0.06344,0.0132,0.2274,0.07026,0.07505,0.07445,NMC111,25,1,0.7501,1
0.05991,0.1036,0.115,0.04562,0.3389,0.04571,NMC811,25,1,0.7228,1
0.01214,0.08134,0.1437,0.09482,0.7429,0.0904,NMC811,25,1,1.302,1
0.212,0.08979,0.4161,0.4169,1.252,0.3811,NMC622,25,1,0.1788,1
0.02899,0.03993,0.07257,0.9293,1.029,0.9174,NMC111,25,1,0.2263,1
0.1251,0.0285,0.4252,0.8285,0.8975,0.8704,NMC111,25,1,0.1967,1
0.2119,0.01722,0.4354,0.07435,0.1129,0.046,NMC523,25,1,0.05096,1
0.1399,0.02802,0.226,0.4897,0.4351,0.4411,NMC111,25,1,0.3818,1
0.1929,0.0628,0.4322,0.2389,0.2112,0.23,NMC111,25,1,0.1188,1
0.04151,0.04936,0.4369,0.1845,0.4052,0.2608,NMC532,25,1,0.633,1
0.1198,0.03211,0.1259,0.5585,1.764,0.6132,NMC622,25,1,0.08095,1
0.1731,0.04739,0.4386,0.9576,0.9339,1.008,NMC111,25,1,0.1442,1
0.0933,0.06732,0.3363,0.2242,0.2542,0.2329,NMC111,25,1,0.0338,1
0.03145,0.08095,0.3412,1.015,1.055,1.009,NMC111,25,1,1.414,1
0.1155,0.08015,0.1804,0.2144,0.5551,0.3155,NMC532,25,1,0.3686,1
0.2082,0.01034,0.4315,0.5495,1.401,0.9063,NMC532,25,1,0.8459,1
0.22,0.07814,0.1128,0.2186,1.874,0.2152,NMC811,25,1,0.1434,1
0.03143,0.05806,0.2669,0.3811,0.899,0.5541,NMC532,25,1,0.05763,1
0.01605,0.02047,0.2134,0.5941,1.745,0.585,NMC622,25,1,0.2272,1
0.01266,0.01718,0.287,0.0236,0.2013,0.02231,NMC811,25,1,0.02059,1
0.1909,0.04805,0.2222,0.182,0.5562,0.1871,NMC622,25,1,1.414,1
0.05637,0.0968,0.4368,0.2476,0.3663,0.148,NMC523,25,1,0.02469,1
0.156,0.06314,0.1035,0.1691,1.224,0.1683,NMC811,25,1,0.4743,1
0.1813,0.08064,0.3078,0.6183,0.9199,0.4258,NMC523,25,1,0.02379,1
0.1599,0.08157,0.2814,0.6712,1.232,0.4547,NMC523,25,1,0.05631,1
0.1833,0.01521,0.431,0.08683,0.2575,0.09722,NMC622,25,1,0.5221,1
0.03584,0.01752,0.2081,0.6251,1.002,0.4095,NMC523,25,1,0.1081,1
0.07904,0.09471,0.2055,0.4511,1.252,0.388,NMC622,25,1,0.189,1
0.1707,0.04741,0.1409,0.4224,1.029,0.6454,NMC532,25,1,0.08178,1
0.07378,0.09612,0.05335,0.5131,1.233,0.7828,NMC532,25,1,0.4312,1
0.05292,0.0659,0.3826,0.8381,0.8953,0.9357,NMC111,25,1,0.7062,1
0.1857,0.05825,0.1985,0.2029,0.7059,0.2225,NMC622,25,1,0.1307,1
0.01236,0.08029,0.284,0.03879,0.3196,0.03744,NMC811,25,1,0.06938,1
0.217,0.04037,0.3911,0.2479,0.2464,0.2504,NMC111,25,1,0.1869,1
0.1896,0.003873,0.1605,0.04573,0.07019,0.03257,NMC523,25,1,0.9519,1
0.004798,0.09121,0.2817,0.4227,1.202,0.4151,NMC622,25,1,0.03526,1
0.2085,0.07878,0.4112,0.1721,0.4667,0.268,NMC532,25,1,0.1903,1
0.2076,0.08354,0.1419,0.4872,1.165,0.804,NMC532,25,1,0.06958,1
0.1278,0.0251,0.4414,0.1449,0.4279,0.1349,NMC622,25,1,0.07176,1
0.04722,0.0364,0.02353,0.3378,0.6404,0.2498,NMC523,25,1,0.15,1
0.04434,0.02457,0.1053,0.2939,2.417,0.2986,NMC811,25,1,0.09491,1
0.06548,0.0353,0.3656,0.05271,0.1776,0.05578,NMC622,25,1,0.08075,1
0.1083,0.09531,0.3979,0.09825,0.8669,0.09182,NMC811,25,1,0.332,1
0.03598,0.02434,0.04742,0.4021,1.133,0.6383,NMC532,25,1,0.05526,1
0.1159,0.04346,0.2595,0.1262,0.2909,0.1937,NMC532,25,1,0.3156,1
0.0518,0.08265,0.3995,0.4908,1.154,0.786,NMC532,25,1,0.4525,1
0.0304,0.04596,0.1222,0.33,0.7447,0.4932,NMC532,25,1,0.3262,1
0.09529,0.03639,0.3193,0.1241,0.9182,0.1155,NMC811,25,1,0.9375,1
0.09539,0.03215,0.356,0.2621,1.989,0.2707,NMC811,25,1,0.08316,1
0.1426,0.01386,0.04292,0.1288,0.986,0.1213,NMC811,25,1,0.1539,1
0.1265,0.09087,0.3351,0.135,0.3461,0.1955,NMC532,25,1,0.02115,1
0.151,0.009796,0.1881,0.1625,0.4266,0.1593,NMC622,25,1,0.2628,1
0.1129,0.09022,0.2568,0.2196,0.6645,0.2183,NMC622,25,1,0.0943,1
0.1185,0.05124,0.3547,0.09682,0.2556,0.1424,NMC532,25,1,0.7103,1
0.1861,0.05586,0.4114,0.1486,0.3555,0.2059,NMC532,25,1,0.03342,1
0.203,0.01201,0.3435,0.6886,0.6766,0.6934,NMC111,25,1,0.03385,1
0.07283,0.03095,0.4296,0.1535,0.4909,0.1628,NMC622,25,1,1.393,1
0.2191,0.07987,0.3394,0.1374,0.3751,0.1388,NMC622,25,1,0.271,1
0.1522,0.008441,0.3008,0.4489,1.236,0.7336,NMC532,25,1,0.5223,1
0.2149,0.05245,0.2371,0.3034,0.5511,0.2253,NMC523,25,1,0.2326,1
0.03981,0.1014,0.02239,0.6215,1.001,0.372,NMC523,25,1,0.1335,1
0.1739,0.04687,0.455,0.1764,0.4863,0.286,NMC532,25,1,0.08454,1
0.05219,0.07152,0.3082,0.3233,0.7978,0.4639,NMC532,25,1,0.6951,1
0.1263,0.08228,0.191,0.1936,0.5399,0.2879,NMC532,25,1,0.3153,1
0.01235,0.04615,0.2112,0.1547,0.2716,0.1096,NMC523,25,1,0.3448,1
0.08209,0.01251,0.03556,0.4243,1.367,0.4048,NMC622,25,1,1.379,1
0.1163,0.02118,0.3324,0.2765,0.7727,0.5051,NMC532,25,1,0.02155,1
0.04727,0.06398,0.07257,0.02575,0.04222,0.01713,NMC523,25,1,0.0233,1
0.1686,0.01103,0.2005,0.07343,0.608,0.07356,NMC811,25,1,0.7971,1
0.1312,0.1042,0.1606,0.174,1.351,0.1666,NMC811,25,1,0.3616,1
0.1215,0.01303,0.1596,0.0487,0.3812,0.05321,NMC811,25,1,0.0248,1
0.06078,0.08534,0.3328,0.1013,0.3373,0.1044,NMC622,25,1,0.07154,1
0.2032,0.05807,0.2861,0.6202,1.729,0.6097,NMC622,25,1,0.0698,1
0.2037,0.02453,0.01131,0.1546,1.175,0.1366,NMC811,25,1,0.2846,1
0.1767,0.1074,0.2626,0.308,2.348,0.2881,NMC811,25,1,0.3764,1
0.141,0.008202,0.007938,0.4814,1.72,0.5225,NMC622,25,1,0.04888,1
0.2199,0.06808,0.417,0.1488,0.229,0.08464,NMC523,25,1,0.03766,1
0.0119,0.01071,0.3283,0.4417,1.29,0.4359,NMC622,25,1,0.42,1
0.07283,0.08997,0.1437,0.4564,1.116,0.6652,NMC532,25,1,0.1882,1
0.08863,0.01785,0.1418,0.1436,0.4374,0.1377,NMC622,25,1,0.04749,1
0.2196,0.07205,0.2131,0.2545,1.844,0.2471,NMC811,25,1,0.05045,1
0.1842,0.01661,0.1933,0.03962,0.3566,0.04108,NMC811,25,1,0.5541,1
0.03815,0.02535,0.03316,0.09191,0.231,0.1258,NMC532,25,1,0.0405,1
0.2153,0.01041,0.01559,0.4973,0.7568,0.3038,NMC523,25,1,0.05955,1
0.09183,0.0241,0.1622,0.3591,1.133,0.4102,NMC622,25,1,0.2033,1
0.1307,0.005243,0.3981,0.1209,0.282,0.1622,NMC532,25,1,0.02827,1
0.06543,0.04851,0.2244,0.0991,0.3136,0.1143,NMC622,25,1,0.04244,1
0.1625,0.009633,0.3939,0.283,0.8765,0.2936,NMC622,25,1,1.229,1
0.09184,0.07847,0.1859,0.02908,0.2276,0.02725,NMC811,25,1,0.09161,1
0.1245,0.03052,0.4434,0.3408,1.089,0.3727,NMC622,25,1,0.09234,1
0.1973,0.07538,0.3634,0.9371,0.9777,0.89,NMC111,25,1,0.8524,1
0.1232,0.06182,0.3806,0.6968,0.7274,0.7829,NMC111,25,1,0.1403,1
0.09706,0.0336,0.1759,0.6186,1.506,0.8153,NMC532,25,1,1.319,1
0.09816,0.08655,0.3867,0.1819,1.341,0.1642,NMC811,25,1,0.04995,1
0.1644,0.06551,0.3987,0.09923,0.2919,0.0862,NMC622,25,1,0.07464,1
0.03963,0.08824,0.252,0.4575,1.244,0.7609,NMC532,25,1,1.453,1
0.03314,0.0884,0.2253,0.1167,0.9184,0.1087,NMC811,25,1,0.03533,1
0.02993,0.03765,0.2908,0.9656,0.8938,0.9844,NMC111,25,1,0.02004,1
0.07903,0.0839,0.2741,0.534,1.15,0.7162,NMC532,25,1,0.04959,1
0.1641,0.06713,0.2199,0.128,0.2325,0.09668,NMC523,25,1,0.1184,1
0.03277,0.08736,0.008327,0.1267,1.11,0.122,NMC811,25,1,0.8325,1
0.1236,0.06964,0.3131,0.2782,0.9982,0.3398,NMC622,25,1,0.893,1
0.2022,0.03319,0.2295,0.5672,1.776,0.597,NMC622,25,1,0.2742,1
0.04902,0.01977,0.4111,0.1161,0.3503,0.1229,NMC622,25,1,0.2391,1
0.09936,0.03277,0.3844,0.1037,0.8102,0.09343,NMC811,25,1,0.02795,1
0.01021,0.06134,0.3133,0.2865,2.245,0.2852,NMC811,25,1,0.3397,1
0.03262,0.111,0.1403,0.2146,1.879,0.2246,NMC811,25,1,0.3791,1
0.055,0.05698,0.06846,0.9159,0.7788,0.7982,NMC111,25,1,1.055,1
0.219,0.02387,0.1414,0.1385,1.133,0.1477,NMC811,25,1,0.7151,1
0.08935,0.0606,0.2217,0.4824,0.7615,0.3263,NMC523,25,1,0.0279,1
0.1496,0.09733,0.2969,0.5206,0.4706,0.5096,NMC111,25,1,0.03961,1
0.1189,0.05622,0.2074,0.6392,0.66,0.6142,NMC111,25,1,0.05129,1
0.01642,0.1028,0.4407,0.1719,0.5437,0.1818,NMC622,25,1,0.2405,1
0.08092,0.03265,0.1102,0.2995,0.4776,0.1904,NMC523,25,1,0.02535,1
0.09117,0.08394,0.187,0.1731,0.4583,0.2642,NMC532,25,1,0.05285,1
0.1582,0.08615,0.09855,0.2412,2.068,0.2764,NMC811,25,1,0.813,1
0.1268,0.05568,0.08025,0.5484,1.402,0.8605,NMC532,25,1,0.0542,1
0.05452,0.08318,0.2432,0.3833,1.259,0.405,NMC622,25,1,1.41,1
0.1086,0.05266,0.261,0.2507,0.7318,0.2359,NMC622,25,1,0.3733,1
0.1222,0.08877,0.1554,0.1108,0.1154,0.09965,NMC111,25,1,0.5377,1
0.0536,0.02468,0.3495,0.7937,1.416,0.5905,NMC523,25,1,0.405,1
0.1566,0.05276,0.3646,0.4178,0.9966,0.6173,NMC532,25,1,0.7041,1
0.225,0.05304,0.09721,0.7686,1.272,0.5454,NMC523,25,1,0.5713,1
0.1275,0.01988,0.2319,0.3647,1.004,0.5315,NMC532,25,1,1.252,1
0.03787,0.03751,0.3234,0.5712,0.5716,0.546,NMC111,25,1,0.2995,1
0.1869,0.06952,0.02376,0.03109,0.06524,0.03885,NMC532,25,1,0.08026,1
0.0466,0.06834,0.4472,0.3598,0.3595,0.3689,NMC111,25,1,0.02353,1
0.1206,0.02566,0.217,0.1292,1.149,0.1324,NMC811,25,1,0.2522,1
0.1558,0.05616,0.117,0.2884,2.222,0.2989,NMC811,25,1,0.1564,1
0.00563,0.009496,0.06504,1.01,1.051,0.964,NMC111,25,1,0.1124,1
0.1121,0.05726,0.3442,0.2944,0.7368,0.4797,NMC532,25,1,0.08662,1
0.06093,0.03548,0.3925,0.3162,0.4601,0.1924,NMC523,25,1,0.0381,1
0.04577,0.1065,0.3844,0.5305,1.663,0.596,NMC622,25,1,0.3079,1
0.1888,0.03831,0.1422,0.9618,0.9357,0.9763,NMC111,25,1,0.2643,1
0.2002,0.03036,0.2613,0.5376,1.363,0.821,NMC532,25,1,0.05992,1
0.1494,0.02027,0.1611,0.8662,1.536,0.6069,NMC523,25,1,0.1656,1
0.1341,0.05,0.1726,0.01702,0.01759,0.017,NMC111,25,1,0.02608,1
0.05524,0.1017,0.2358,0.5869,0.6041,0.6026,NMC111,25,1,0.03076,1
0.08722,0.03207,0.1495,0.2666,0.7349,0.2686,NMC622,25,1,0.02409,1
0.1097,0.05308,0.3453,0.4505,0.7687,0.3166,NMC523,25,1,0.2764,1
0.02432,0.05481,0.08305,0.2186,1.878,0.2099,NMC811,25,1,0.4285,1
0.1114,0.01785,0.2348,0.03594,0.2928,0.03449,NMC811,25,1,0.3255,1
0.1103,0.03586,0.3006,0.5553,0.9239,0.3691,NMC523,25,1,0.5485,1
0.1402,0.1026,0.4008,0.3478,1.024,0.3354,NMC622,25,1,0.7876,1
0.1555,0.08737,0.1341,0.127,1.02,0.1199,NMC811,25,1,0.05351,1
0.09039,0.01915,0.3456,0.8292,1.375,0.5948,NMC523,25,1,0.3853,1
0.0392,0.008861,0.1819,0.3104,0.8735,0.2736,NMC622,25,1,0.02646,1
0.02526,0.09395,0.07861,0.4452,1.369,0.4492,NMC622,25,1,0.02979,1
0.199,0.03029,0.01085,0.0546,0.1577,0.05167,NMC622,25,1,0.1758,1
0.01337,0.06879,0.2314,0.3239,2.358,0.3205,NMC811,25,1,0.6437,1
0.09792,0.09289,0.4457,0.4282,0.7538,0.3019,NMC523,25,1,0.2222,1
0.1348,0.04841,0.07569,0.9519,0.9065,0.8663,NMC111,25,1,0.3505,1
0.109,0.06494,0.3879,0.4263,0.7644,0.2988,NMC523,25,1,0.04072,1
0.0808,0.06618,0.3822,0.0196,0.04861,0.02924,NMC532,25,1,0.1527,1
0.1576,0.09285,0.2177,0.2261,2.011,0.2272,NMC811,25,1,0.2043,1
0.161,0.05726,0.01642,0.3091,2.237,0.2839,NMC811,25,1,0.6358,1
0.04961,0.1093,0.1645,0.9464,0.9226,0.943,NMC111,25,1,0.06884,1
0.1554,0.1107,0.1484,0.5501,1.384,0.9091,NMC532,25,1,0.06688,1
0.2033,0.00888,0.3019,0.1778,0.3137,0.1197,NMC523,25,1,0.4349,1
0.04809,0.1033,0.2981,0.4165,1.273,0.4201,NMC622,25,1,0.08878,1
0.05959,0.1039,0.4305,0.236,1.865,0.2396,NMC811,25,1,0.353,1
0.01144,0.07432,0.09268,0.1496,0.1522,0.1721,NMC111,25,1,0.05599,1
0.07413,0.03034,0.2142,0.4326,0.7599,0.3209,NMC523,25,1,1.473,1
0.1813,0.01944,0.08683,0.9057,1.371,0.5826,NMC523,25,1,0.08168,1
0.02368,0.06363,0.322,0.4875,0.8259,0.3288,NMC523,25,1,0.3636,1
0.1766,0.03036,0.4325,0.2606,0.6648,0.3612,NMC532,25,1,1.03,1
0.194,0.06423,0.137,0.5391,1.253,0.713,NMC532,25,1,0.7081,1
0.05404,0.05298,0.416,0.6023,1.6,0.5859,NMC622,25,1,0.3932,1
0.02215,0.08158,0.3953,0.2253,0.7159,0.2261,NMC622,25,1,0.02763,1
0.09455,0.08054,0.02353,0.7954,0.8296,0.7672,NMC111,25,1,0.1132,1
0.1127,0.0495,0.05555,0.09514,0.2357,0.1456,NMC532,25,1,0.1053,1
0.2237,0.07366,0.2672,0.4691,1.214,0.4569,NMC622,25,1,0.3069,1
0.1428,0.09906,0.07108,0.2641,0.7439,0.4768,NMC532,25,1,0.09385,1
0.05404,0.0739,0.3528,0.6295,1.552,0.8857,NMC532,25,1,0.05798,1
0.01938,0.04626,0.3002,0.2952,0.6769,0.439,NMC532,25,1,0.06893,1
0.1644,0.03967,0.2584,0.6513,0.9914,0.4428,NMC523,25,1,0.02651,1
0.2122,0.06161,0.1091,0.4422,0.4659,0.4458,NMC111,25,1,0.1238,1
0.1852,0.02781,0.1799,0.7575,1.346,0.5192,NMC523,25,1,0.04011,1
0.1811,0.007458,0.3966,0.6155,1.516,0.9375,NMC532,25,1,0.03403,1
0.1648,0.02321,0.1069,0.2755,0.7508,0.4592,NMC532,25,1,0.1862,1
0.1221,0.02432,0.01123,0.6022,1.742,0.5817,NMC622,25,1,0.8806,1
0.1824,0.05103,0.2215,0.469,1.271,0.8379,NMC532,25,1,0.4241,1
0.1837,0.05502,0.3791,0.4522,0.4103,0.4558,NMC111,25,1,0.8197,1
0.07464,0.08626,0.143,0.1565,0.4945,0.1571,NMC622,25,1,0.04319,1
0.1198,0.01039,0.122,0.1182,0.1129,0.1184,NMC111,25,1,0.4786,1
0.07863,0.06409,0.295,0.9009,0.848,0.8841,NMC111,25,1,0.09689,1
0.1419,0.06763,0.3751,0.2922,1.042,0.314,NMC622,25,1,0.7099,1
0.04237,0.05571,0.4097,0.504,0.9839,0.3693,NMC523,25,1,1.069,1
0.03735,0.07772,0.236,0.06801,0.5864,0.07349,NMC811,25,1,0.9983,1
0.03906,0.05451,0.268,0.1166,0.1903,0.07077,NMC523,25,1,0.635,1
0.09893,0.09471,0.06971,0.2576,0.5974,0.3507,NMC532,25,1,1.021,1
0.04974,0.04022,0.2574,0.3449,0.8559,0.4832,NMC532,25,1,0.2661,1
0.1119,0.02297,0.4291,0.0395,0.1253,0.04045,NMC622,25,1,0.04655,1
0.08433,0.08778,0.2106,0.4649,1.141,0.658,NMC532,25,1,0.1557,1
0.2211,0.08296,0.1893,0.3035,0.3395,0.3149,NMC111,25,1,0.2217,1
0.1563,0.04909,0.2912,0.1191,0.3757,0.128,NMC622,25,1,0.1955,1
0.2072,0.04506,0.1334,0.05896,0.4997,0.05882,NMC811,25,1,0.02014,1
0.1068,0.08587,0.3887,0.199,1.646,0.2009,NMC811,25,1,0.03086,1
0.1289,0.0675,0.116,0.5801,1.799,0.6218,NMC622,25,1,0.03347,1
0.08199,0.009766,0.3224,0.5538,0.8708,0.3557,NMC523,25,1,0.1202,1
0.1898,0.05004,0.2142,0.2379,1.909,0.2465,NMC811,25,1,1.316,1
0.056,0.01901,0.1699,0.6361,1.132,0.4264,NMC523,25,1,0.03772,1
0.133,0.04964,0.3051,0.8659,0.9024,0.805,NMC111,25,1,0.1466,1
0.1275,0.05152,0.1023,0.4768,0.7159,0.2815,NMC523,25,1,0.06237,1
0.1722,0.07299,0.05031,0.07822,0.615,0.07516,NMC811,25,1,0.5709,1
0.06319,0.0835,0.05413,0.187,1.596,0.202,NMC811,25,1,0.1103,1
0.1888,0.03718,0.1365,0.2725,2.13,0.2667,NMC811,25,1,0.04961,1
0.07329,0.06211,0.3397,0.0191,0.04875,0.03452,NMC532,25,1,0.1499,1
0.1554,0.003361,0.01968,0.1978,0.5373,0.2758,NMC532,25,1,0.2912,1
0.03936,0.05309,0.4332,0.1425,0.1419,0.1369,NMC111,25,1,0.1841,1
0.1054,0.03544,0.01658,0.3292,1.059,0.3474,NMC622,25,1,0.05611,1
0.1081,0.09972,0.03474,0.05496,0.1694,0.06454,NMC622,25,1,0.9899,1
0.1609,0.002512,0.3486,0.3998,1.01,0.6294,NMC532,25,1,0.7617,1
0.06111,0.01507,0.3349,0.2149,0.2029,0.1946,NMC111,25,1,0.1901,1
0.02266,0.03178,0.2625,0.1072,0.8804,0.1055,NMC811,25,1,0.3668,1
0.01633,0.04116,0.3296,0.3864,0.6284,0.2479,NMC523,25,1,0.03251,1
0.1092,0.01302,0.06248,0.2409,0.6321,0.3802,NMC532,25,1,1.121,1
0.2206,0.08484,0.02678,0.2741,0.8576,0.2691,NMC622,25,1,0.7807,1
0.1344,0.03987,0.2638,0.381,0.3959,0.3912,NMC111,25,1,0.1544,1
0.1963,0.05641,0.1476,0.5472,1.801,0.5935,NMC622,25,1,0.05108,1
0.2243,0.03729,0.3965,0.06611,0.5593,0.0686,NMC811,25,1,0.7281,1
0.03719,0.05604,0.374,0.361,1.127,0.3709,NMC622,25,1,0.1919,1
0.2062,0.08559,0.3459,0.2995,2.485,0.2922,NMC811,25,1,0.04553,1
0.03573,0.003871,0.45,0.04778,0.1131,0.06824,NMC532,25,1,0.1218,1
0.1103,0.01106,0.01171,0.1432,0.2337,0.09752,NMC523,25,1,0.04771,1
0.1757,0.05202,0.04087,0.1988,1.497,0.1746,NMC811,25,1,0.9357,1
0.009942,0.009908,0.3203,0.04086,0.3329,0.03904,NMC811,25,1,0.7406,1
0.006594,0.07719,0.3812,0.07603,0.2121,0.1321,NMC532,25,1,0.09303,1
0.01723,0.04126,0.05696,0.8054,0.8854,0.8687,NMC111,25,1,0.1135,1
0.2166,0.0553,0.4098,0.8912,0.8903,0.9461,NMC111,25,1,0.4136,1
0.008879,0.06778,0.1586,0.5087,1.416,0.4719,NMC622,25,1,0.03655,1
0.156,0.05658,0.08436,0.1715,0.3878,0.2509,NMC532,25,1,0.06552,1
0.1413,0.05289,0.2241,0.05778,0.1649,0.05725,NMC622,25,1,0.3891,1
0.1713,0.00557,0.007349,0.05273,0.1375,0.07788,NMC532,25,1,0.1044,1
0.1178,0.08736,0.372,0.3557,1.114,0.3542,NMC622,25,1,0.2495,1
0.1325,0.09225,0.03545,0.0872,0.2587,0.09193,NMC622,25,1,0.3963,1
0.0536,0.03484,0.3495,0.1319,1.084,0.1295,NMC811,25,1,1.325,1
0.03492,0.05773,0.07316,0.1913,1.574,0.1852,NMC811,25,1,0.03176,1
0.02156,0.08548,0.3443,0.1909,1.467,0.1774,NMC811,25,1,0.1501,1
0.03605,0.08432,0.2187,0.096,0.7774,0.09999,NMC811,25,1,0.6663,1
0.2091,0.1013,0.251,0.1132,0.347,0.1195,NMC622,25,1,0.9884,1
0.1615,0.1101,0.4045,0.5288,1.47,0.8468,NMC532,25,1,0.1585,1
0.1292,0.1105,0.4028,0.4624,0.7537,0.3089,NMC523,25,1,0.2015,1
0.2123,0.08807,0.1798,0.4724,1.367,0.4832,NMC622,25,1,0.04533,1
0.2113,0.06994,0.3566,0.3084,0.9611,0.3341,NMC622,25,1,0.6738,1
0.1193,0.04134,0.4473,0.1235,0.2305,0.08627,NMC523,25,1,0.6159,1
0.06015,0.01055,0.1228,0.7006,1.192,0.4636,NMC523,25,1,0.08261,1
0.2028,0.08171,0.4566,1.001,0.9259,0.9178,NMC111,25,1,0.3387,1
0.1869,0.02137,0.3942,0.3471,2.393,0.2967,NMC811,25,1,0.07621,1
0.05914,0.09771,0.4412,0.0453,0.1132,0.06659,NMC532,25,1,0.4225,1
0.09658,0.0586,0.1595,0.09417,0.7344,0.0929,NMC811,25,1,0.682,1
0.1234,0.04649,0.4303,0.5424,0.4854,0.5602,NMC111,25,1,0.4433,1
0.05529,0.03657,0.3355,0.9346,1.49,0.6248,NMC523,25,1,0.9147,1
0.07554,0.08097,0.1361,0.1783,0.1796,0.1895,NMC111,25,1,0.5043,1
0.08879,0.01302,0.1868,0.2857,0.3046,0.2908,NMC111,25,1,0.02522,1
0.1068,0.05806,0.3021,0.5812,1.668,0.5604,NMC622,25,1,0.9499,1
0.1419,0.06642,0.04105,0.02166,0.0427,0.01676,NMC523,25,1,0.1827,1
0.008529,0.08133,0.07792,0.8711,0.8378,0.8468,NMC111,25,1,0.1132,1
0.07776,0.02577,0.2343,0.9016,0.8814,1.023,NMC111,25,1,0.04283,1
0.2159,0.03026,0.3415,0.0389,0.041,0.04032,NMC111,25,1,0.1972,1
0.154,0.06895,0.1647,0.05049,0.4244,0.04951,NMC811,25,1,0.2291,1
0.0534,0.005452,0.3133,0.01729,0.02707,0.01109,NMC523,25,1,0.1842,1
0.01966,0.05959,0.289,0.2982,0.7911,0.4475,NMC532,25,1,0.3803,1
0.005542,0.03996,0.1963,0.5215,1.535,0.5124,NMC622,25,1,0.02636,1
0.201,0.02572,0.2647,0.1932,0.3008,0.1234,NMC523,25,1,0.1611,1
0.1295,0.009985,0.04987,0.2629,0.7676,0.2603,NMC622,25,1,0.6833,1
0.1774,0.005415,0.3846,0.369,0.9753,0.5682,NMC532,25,1,0.242,1
0.1357,0.08767,0.4235,0.33,0.5684,0.2211,NMC523,25,1,0.1872,1
0.196,0.08536,0.3398,0.6173,1.51,0.8938,NMC532,25,1,0.0797,1
0.2195,0.08229,0.07908,0.2648,0.6946,0.4013,NMC532,25,1,0.02903,1
0.1894,0.01577,0.2105,0.07819,0.6314,0.0816,NMC811,25,1,0.08423,1
0.1794,0.005108,0.1193,0.5979,1.852,0.5851,NMC622,25,1,0.1001,1
0.1832,0.1078,0.427,0.02061,0.1494,0.01864,NMC811,25,1,0.5195,1
0.04523,0.08801,0.3931,0.2404,0.2423,0.2498,NMC111,25,1,0.1488,1
0.04724,0.08443,0.1098,0.5423,0.455,0.4829,NMC111,25,1,0.114,1
0.09231,0.02911,0.09187,0.5742,0.5321,0.5465,NMC111,25,1,0.3775,1
0.1355,0.06856,0.2879,0.205,0.3986,0.1396,NMC523,25,1,0.4937,1
0.137,0.009655,0.1989,0.178,1.502,0.1919,NMC811,25,1,0.9419,1
0.1791,0.04217,0.1456,0.1013,0.2714,0.1523,NMC532,25,1,0.02673,1
0.1031,0.06972,0.2297,0.1229,1.014,0.1443,NMC811,25,1,0.03613,1
0.1547,0.09811,0.3903,0.4583,1.397,0.4657,NMC622,25,1,0.08245,1
0.2104,0.06436,0.01972,0.2286,0.5905,0.357,NMC532,25,1,0.1116,1
0.07397,0.03587,0.1274,0.1301,0.293,0.1851,NMC532,25,1,0.7533,1
0.02804,0.04979,0.1751,0.9655,1.057,1.058,NMC111,25,1,0.02831,1
0.1135,0.06736,0.4068,0.4842,1.428,0.4688,NMC622,25,1,0.785,1
0.0909,0.08769,0.2239,0.06911,0.126,0.05075,NMC523,25,1,0.06162,1
0.1073,0.01268,0.1993,0.8686,1.515,0.655,NMC523,25,1,0.0575,1
0.1414,0.02803,0.1145,0.1736,0.6276,0.2138,NMC622,25,1,0.08703,1
0.1294,0.03338,0.0102,0.2485,0.4381,0.1983,NMC523,25,1,0.06697,1
0.0748,0.08113,0.1509,1.014,0.9942,0.9828,NMC111,25,1,0.1149,1
0.05586,0.1009,0.2068,0.04792,0.3669,0.05168,NMC811,25,1,0.05409,1
0.2076,0.03317,0.4066,0.5499,1.277,0.8542,NMC532,25,1,0.1677,1
0.04507,0.08436,0.1362,0.3308,0.8042,0.5205,NMC532,25,1,1.179,1
0.2248,0.02453,0.3553,0.03001,0.229,0.03024,NMC811,25,1,0.03633,1
0.1112,0.04351,0.2501,0.2284,0.701,0.2293,NMC622,25,1,1.431,1
0.1023,0.003112,0.3596,0.3499,1.091,0.3574,NMC622,25,1,0.2578,1
0.1104,0.03084,0.4289,0.3764,0.927,0.6653,NMC532,25,1,0.09738,1
0.2032,0.05633,0.1819,0.6121,1.414,0.8177,NMC532,25,1,0.3658,1
0.07655,0.06573,0.08696,0.3605,0.5455,0.2548,NMC523,25,1,0.1226,1
0.07006,0.05825,0.3487,0.6047,1.851,0.593,NMC622,25,1,0.06456,1
0.1021,0.005879,0.2124,0.08583,0.2415,0.1315,NMC532,25,1,0.03223,1
0.07437,0.06768,0.2847,0.3609,1.068,0.3462,NMC622,25,1,0.08432,1
0.06529,0.01252,0.05824,0.3126,0.8102,0.4727,NMC532,25,1,0.5344,1
0.09288,0.08883,0.3199,0.5624,0.5082,0.5861,NMC111,25,1,0.5753,1
0.2156,0.09692,0.1797,0.3715,0.4238,0.3874,NMC111,25,1,0.09989,1
0.102,0.09655,0.3823,0.2006,1.818,0.2093,NMC811,25,1,0.1159,1
0.173,0.09427,0.2556,0.5828,1.87,0.5453,NMC622,25,1,0.2571,1
0.08403,0.03369,0.03458,0.3853,1.11,0.393,NMC622,25,1,0.1144,1
0.1835,0.02781,0.2327,0.3237,0.2901,0.3468,NMC111,25,1,0.05251,1
0.1955,0.08959,0.2108,0.3558,0.3561,0.3717,NMC111,25,1,0.05329,1
0.1769,0.08679,0.01995,0.9927,1.028,1.041,NMC111,25,1,0.04814,1
0.05983,0.04849,0.2678,0.04897,0.07833,0.03136,NMC523,25,1,0.07549,1
0.1428,0.01384,0.1665,0.4397,1.071,0.6043,NMC532,25,1,0.956,1
0.2181,0.06557,0.2786,0.1951,0.5002,0.3375,NMC532,25,1,0.05288,1
0.2212,0.09511,0.4198,0.2799,0.8289,0.2889,NMC622,25,1,0.09598,1
0.1099,0.08192,0.4158,0.5658,1.322,0.779,NMC532,25,1,0.6327,1
0.1576,0.0235,0.4197,0.2913,0.4627,0.1869,NMC523,25,1,0.111,1
0.03511,0.01657,0.3841,0.2709,0.4365,0.184,NMC523,25,1,0.04833,1
0.1394,0.06873,0.3169,0.5265,0.485,0.4521,NMC111,25,1,0.04519,1
0.07632,0.09347,0.02704,0.1498,1.199,0.1339,NMC811,25,1,0.06812,1
0.161,0.1064,0.2511,0.2043,1.733,0.2099,NMC811,25,1,0.5548,1
0.01063,0.09192,0.1619,0.3477,0.6131,0.2395,NMC523,25,1,0.2631,1
0.09904,0.04831,0.1033,0.3136,0.3074,0.2831,NMC111,25,1,0.05818,1
0.007607,0.06109,0.4117,0.2816,0.4881,0.1642,NMC523,25,1,0.9241,1
0.09717,0.003264,0.1572,0.4912,0.8702,0.3522,NMC523,25,1,0.1675,1
0.2241,0.03492,0.08597,0.2085,0.1861,0.2264,NMC111,25,1,1.391,1
0.1636,0.006974,0.4352,0.06237,0.5038,0.07057,NMC811,25,1,0.07541,1
0.163,0.09527,0.04882,0.03399,0.03052,0.0286,NMC111,25,1,0.04336,1
0.08564,0.03822,0.4541,1.017,0.9885,0.9658,NMC111,25,1,1.079,1
0.02857,0.07391,0.0804,0.8818,1.331,0.5242,NMC523,25,1,0.1946,1
0.1322,0.04655,0.369,1.005,1.02,0.993,NMC111,25,1,0.1102,1
0.1233,0.06456,0.3322,0.4497,0.4143,0.4047,NMC111,25,1,0.67,1
0.215,0.01732,0.3835,0.9977,0.9889,0.9732,NMC111,25,1,0.1798,1
0.0973,0.0249,0.3897,0.5791,1.395,0.7938,NMC532,25,1,0.3496,1
0.04946,0.01097,0.09868,0.0552,0.09376,0.03809,NMC523,25,1,0.06658,1
0.0542,0.06037,0.1227,0.3605,1.078,0.3236,NMC622,25,1,0.09619,1
0.07896,0.05063,0.16,0.5445,0.5654,0.6234,NMC111,25,1,0.1609,1
0.1629,0.06369,0.4117,0.6575,1.224,0.4669,NMC523,25,1,0.9227,1
0.02288,0.02858,0.4557,0.4093,0.6477,0.3044,NMC523,25,1,0.02201,1
0.06464,0.04093,0.2376,0.18,0.3065,0.1172,NMC523,25,1,0.05678,1
0.006376,0.01865,0.4478,0.04637,0.1687,0.05116,NMC622,25,1,0.2011,1
0.09068,0.06301,0.1159,0.5121,1.244,0.7705,NMC532,25,1,0.02277,1
0.03925,0.1008,0.1403,0.3513,1.082,0.3671,NMC622,25,1,0.1331,1
0.1749,0.08875,0.2504,0.8455,1.415,0.6312,NMC523,25,1,0.02437,1
0.1154,0.02119,0.1845,0.1619,1.231,0.1598,NMC811,25,1,0.04055,1
0.01586,0.06711,0.3868,0.4209,1.155,0.6099,NMC532,25,1,0.3221,1
0.1809,0.007728,0.2646,0.06401,0.4796,0.06666,NMC811,25,1,1.295,1
0.04728,0.0871,0.04008,0.05547,0.04863,0.05035,NMC111,25,1,0.4488,1
0.2193,0.1019,0.1836,0.1243,0.2864,0.1751,NMC532,25,1,0.07544,1
0.02193,0.09444,0.3081,0.371,1.157,0.3797,NMC622,25,1,0.1513,1
0.1089,0.09284,0.3246,0.8726,0.8766,0.8762,NMC111,25,1,0.1622,1
0.04642,0.008063,0.1354,0.5239,0.9346,0.3649,NMC523,25,1,0.03221,1
0.1141,0.0475,0.2811,0.5803,1.52,0.8493,NMC532,25,1,0.1003,1
0.1004,0.008578,0.03713,0.5578,0.5927,0.5957,NMC111,25,1,0.1902,1
0.1956,0.06043,0.1606,0.1381,0.4319,0.1359,NMC622,25,1,0.04154,1
0.006507,0.08639,0.1964,0.3036,0.944,0.3308,NMC622,25,1,0.2294,1
0.07824,0.02063,0.2021,0.08012,0.6845,0.08079,NMC811,25,1,0.3322,1
0.07505,0.04324,0.1247,0.8047,1.363,0.4976,NMC523,25,1,0.0401,1
0.1683,0.08826,0.1553,0.7107,1.183,0.4769,NMC523,25,1,0.04115,1
0.06408,0.002106,0.2378,0.6035,0.9328,0.4269,NMC523,25,1,0.02661,1
0.2154,0.06724,0.09869,0.2355,1.774,0.2438,NMC811,25,1,0.3395,1
0.03546,0.04872,0.1344,0.3067,0.8391,0.2817,NMC622,25,1,0.4552,1
0.1887,0.04575,0.1539,0.1965,1.45,0.1997,NMC811,25,1,0.02613,1
0.1677,0.03489,0.4448,0.2131,0.6741,0.2337,NMC622,25,1,1.28,1
0.1806,0.04902,0.28,0.1161,0.3508,0.1259,NMC622,25,1,0.1373,1
0.0908,0.0896,0.1242,0.07853,0.6659,0.0811,NMC811,25,1,1.105,1
0.2101,0.07335,0.2764,0.2565,0.2656,0.2445,NMC111,25,1,0.1034,1
0.04254,0.01192,0.3068,0.2224,0.4814,0.3402,NMC532,25,1,0.8079,1
0.1432,0.05316,0.4091,0.1846,0.4791,0.2818,NMC532,25,1,0.2605,1
0.004981,0.07866,0.08491,0.101,0.794,0.1023,NMC811,25,1,0.2149,1
0.01098,0.0452,0.1468,0.547,1.423,0.8046,NMC532,25,1,0.08554,1
0.1468,0.01036,0.06663,0.06354,0.4839,0.05689,NMC811,25,1,0.1435,1
0.1602,0.09054,0.3226,0.3312,1.051,0.3573,NMC622,25,1,0.3364,1
0.1898,0.06696,0.1704,0.4186,0.4399,0.4396,NMC111,25,1,0.023,1
0.004166,0.06401,0.4086,0.2608,0.7459,0.2757,NMC622,25,1,0.35,1
0.1905,0.1002,0.2371,0.06514,0.1116,0.04256,NMC523,25,1,1.497,1
0.07886,0.0714,0.06958,0.2506,0.2411,0.2448,NMC111,25,1,0.3539,1
0.01046,0.05751,0.2454,0.3426,2.403,0.3114,NMC811,25,1,1.143,1
0.08137,0.09472,0.0941,0.5209,1.357,0.8854,NMC532,25,1,0.1997,1
0.1432,0.009882,0.4324,0.4411,1.078,0.6689,NMC532,25,1,0.03553,1
0.1343,0.08868,0.4085,0.1002,0.2978,0.09667,NMC622,25,1,1.108,1
0.0874,0.02931,0.08938,0.2022,0.1885,0.2165,NMC111,25,1,0.9018,1
0.1799,0.01718,0.347,0.2828,0.4963,0.1817,NMC523,25,1,0.3326,1
0.08378,0.0812,0.3462,0.5327,1.398,0.8396,NMC532,25,1,0.02343,1
0.1849,0.06553,0.3541,0.3516,0.3669,0.4239,NMC111,25,1,1.454,1
0.1957,0.104,0.08956,0.4226,0.7212,0.25,NMC523,25,1,0.7519,1
0.2145,0.02628,0.0502,1.01,0.9998,0.9428,NMC111,25,1,0.9759,1
0.08055,0.04743,0.06404,0.1718,1.475,0.1885,NMC811,25,1,0.2737,1
0.1619,0.03189,0.3681,0.3526,0.6104,0.2307,NMC523,25,1,0.2408,1
0.1722,0.05592,0.101,0.8786,0.9162,0.858,NMC111,25,1,0.07973,1
0.04304,0.08643,0.1905,0.3717,0.856,0.5594,NMC532,25,1,0.03712,1
0.1696,0.0627,0.3492,0.1164,0.3409,0.1158,NMC622,25,1,0.389,1
0.08914,0.03341,0.242,0.1467,0.4469,0.1519,NMC622,25,1,0.26,1
0.00901,0.08247,0.3903,0.7976,0.849,0.8317,NMC111,25,1,0.3634,1
0.08969,0.006666,0.1783,0.7241,1.199,0.4362,NMC523,25,1,0.9746,1
0.2046,0.1068,0.3575,0.08032,0.2089,0.1257,NMC532,25,1,0.02619,1
0.02564,0.07229,0.1788,0.104,0.1839,0.06299,NMC523,25,1,0.3957,1
0.2126,0.1002,0.3031,0.1394,1.185,0.1339,NMC811,25,1,0.03509,1
0.01437,0.04653,0.3746,0.3654,0.6145,0.2191,NMC523,25,1,0.3323,1
0.1833,0.02623,0.3227,0.4916,1.213,0.6973,NMC532,25,1,0.08985,1
0.02863,0.01804,0.04636,0.5079,1.185,0.7344,NMC532,25,1,0.04362,1
0.189,0.08625,0.4502,0.03576,0.2565,0.02987,NMC811,25,1,0.6445,1
0.1369,0.05485,0.3145,0.9204,0.9515,0.9802,NMC111,25,1,0.4925,1
0.2054,0.01263,0.4113,0.3631,1.011,0.3406,NMC622,25,1,0.3451,1
0.02392,0.111,0.1253,0.1263,0.223,0.08633,NMC523,25,1,0.04811,1
0.1135,0.08519,0.2259,0.317,0.7426,0.4389,NMC532,25,1,0.3525,1
0.01835,0.08137,0.3367,0.09172,0.7724,0.09441,NMC811,25,1,1.401,1
0.04169,0.06055,0.2674,0.6842,1.021,0.4542,NMC523,25,1,0.1672,1
0.1252,0.05696,0.1039,0.3085,0.538,0.2321,NMC523,25,1,0.0952,1
0.1147,0.1068,0.09066,0.0967,0.2858,0.08957,NMC622,25,1,0.05607,1
0.08103,0.007494,0.2332,0.5635,1.362,0.8565,NMC532,25,1,0.2856,1
0.01641,0.03145,0.0451,0.5542,1.824,0.5374,NMC622,25,1,0.0408,1
0.2057,0.0173,0.09943,0.2554,1.879,0.2459,NMC811,25,1,0.02324,1
0.2211,0.01886,0.3308,0.1872,0.4641,0.2891,NMC532,25,1,0.03402,1
0.1044,0.07855,0.3644,0.9732,0.8983,0.9942,NMC111,25,1,1.389,1
0.1239,0.1014,0.1629,0.579,1.054,0.3964,NMC523,25,1,0.02002,1
0.06067,0.01442,0.2035,0.4061,1.023,0.6055,NMC532,25,1,0.8489,1
0.1047,0.08277,0.2829,0.6597,0.7046,0.7083,NMC111,25,1,0.03861,1
0.2009,0.1036,0.1241,0.7098,0.7068,0.6995,NMC111,25,1,1.06,1
0.195,0.0123,0.2446,0.4588,0.655,0.3102,NMC523,25,1,0.0743,1
0.1286,0.08557,0.08591,0.2441,0.8584,0.2561,NMC622,25,1,0.3362,1
0.1099,0.07452,0.3949,0.2729,2.176,0.3099,NMC811,25,1,0.3849,1
0.1279,0.009178,0.02423,0.2209,0.6872,0.2266,NMC622,25,1,0.1006,1
0.1107,0.06935,0.1561,0.6495,1.116,0.4783,NMC523,25,1,0.07958,1
0.04965,0.034,0.1725,0.1371,0.3184,0.1936,NMC532,25,1,0.2191,1
0.2274,0.04957,0.4111,0.494,1.261,0.6428,NMC532,25,1,0.2666,1
0.09781,0.05812,0.381,0.582,0.5063,0.5478,NMC111,25,1,0.06105,1
0.2064,0.004467,0.3701,0.2768,2.322,0.2982,NMC811,25,1,0.04691,1
0.02402,0.09809,0.1391,0.05099,0.08518,0.03149,NMC523,25,1,0.07559,1
0.1609,0.02468,0.08675,0.1393,0.4647,0.1354,NMC622,25,1,0.9689,1
0.1201,0.08005,0.3749,0.718,1.199,0.437,NMC523,25,1,0.1475,1
0.1754,0.07133,0.2962,0.1192,0.3342,0.189,NMC532,25,1,0.9683,1
0.06979,0.059,0.3966,0.4361,0.6382,0.2627,NMC523,25,1,0.1102,1
0.1612,0.04036,0.08322,0.4464,0.4173,0.4354,NMC111,25,1,0.02334,1
0.1923,0.006735,0.345,0.3884,1.147,0.383,NMC622,25,1,0.06371,1
0.09705,0.09974,0.05534,0.06392,0.175,0.101,NMC532,25,1,0.16,1
0.03744,0.02806,0.4176,0.5919,0.9614,0.3786,NMC523,25,1,1.281,1
0.1223,0.06055,0.116,0.2717,0.4908,0.1907,NMC523,25,1,0.04137,1
0.1963,0.02537,0.3463,0.2207,0.4993,0.3283,NMC532,25,1,0.4779,1
0.2106,0.08465,0.337,0.9563,1.037,1.091,NMC111,25,1,0.4267,1
0.1869,0.09246,0.04097,0.6819,1.204,0.4713,NMC523,25,1,0.1762,1
0.009699,0.01171,0.3952,0.06565,0.5498,0.06714,NMC811,25,1,0.8415,1
0.007969,0.05389,0.1569,0.7467,0.8042,0.7743,NMC111,25,1,0.7453,1
0.09531,0.001804,0.4403,0.5883,1.781,0.6394,NMC622,25,1,0.08446,1
0.09507,0.06597,0.01938,0.4824,0.4814,0.5074,NMC111,25,1,0.3308,1
0.06065,0.01821,0.4576,0.4085,0.6753,0.2797,NMC523,25,1,0.9602,1
0.1323,0.07343,0.2512,0.2704,0.4678,0.2006,NMC523,25,1,0.2031,1
0.196,0.03404,0.1594,0.2742,2.089,0.2297,NMC811,25,1,0.1015,1
0.1952,0.08985,0.1254,0.3145,0.9816,0.3117,NMC622,25,1,0.1969,1
0.07672,0.04906,0.1409,0.3195,0.912,0.2916,NMC622,25,1,1.331,1
0.05947,0.03447,0.1326,0.6175,1.795,0.6,NMC622,25,1,0.26,1
0.06512,0.08796,0.428,0.05334,0.05764,0.05445,NMC111,25,1,0.1982,1
0.1916,0.02334,0.1688,0.2369,0.5555,0.3354,NMC532,25,1,0.2283,1
0.1456,0.009621,0.3869,0.05001,0.1238,0.06853,NMC532,25,1,0.02348,1
0.008505,0.03454,0.4517,0.7722,0.8504,0.8068,NMC111,25,1,0.02909,1
0.1271,0.1091,0.1754,0.07304,0.1209,0.04671,NMC523,25,1,0.02902,1
0.0792,0.01321,0.2778,0.9892,1.472,0.6153,NMC523,25,1,0.0226,1
0.2032,0.09769,0.1395,0.1572,0.4767,0.1603,NMC622,25,1,0.661,1
0.04071,0.05328,0.1201,0.3246,0.9533,0.3389,NMC622,25,1,0.03486,1
0.2182,0.045,0.3299,0.8709,0.8985,0.9224,NMC111,25,1,0.209,1
0.007844,0.03336,0.1713,0.2322,0.6415,0.3742,NMC532,25,1,0.6187,1
0.007699,0.06471,0.336,0.2755,1.951,0.2261,NMC811,25,1,0.1297,1
0.06696,0.03918,0.1322,0.3603,1.031,0.3581,NMC622,25,1,1.02,1
0.2038,0.07542,0.3552,0.4283,0.6724,0.2529,NMC523,25,1,0.7867,1
0.02662,0.1113,0.1232,0.239,1.919,0.2528,NMC811,25,1,1.178,1
0.09524,0.07305,0.1777,0.6482,0.5836,0.5989,NMC111,25,1,0.03077,1
0.1751,0.02053,0.02798,0.2216,0.2478,0.2253,NMC111,25,1,0.1637,1
0.1388,0.0297,0.09194,0.502,0.9677,0.3427,NMC523,25,1,0.04966,1
0.1876,0.02785,0.4524,0.5238,1.424,0.8133,NMC532,25,1,0.1387,1
0.09854,0.01398,0.4369,0.4459,1.211,0.419,NMC622,25,1,0.05998,1
0.1927,0.05419,0.07575,0.1629,1.205,0.1513,NMC811,25,1,0.3541,1
0.09443,0.07362,0.4233,0.562,1.798,0.6096,NMC622,25,1,0.2504,1
0.1812,0.08577,0.4118,0.0775,0.1984,0.09919,NMC532,25,1,0.1429,1
0.1017,0.02697,0.1989,0.1878,1.446,0.1937,NMC811,25,1,0.03252,1
0.06702,0.0485,0.08904,0.5146,1.349,0.8307,NMC532,25,1,0.1866,1
0.2187,0.05054,0.4243,0.005506,0.04729,0.004891,NMC811,25,1,0.04199,1
0.1635,0.01357,0.4116,0.5427,1.503,0.5155,NMC622,25,1,0.09887,1
0.06843,0.06649,0.08074,0.4868,0.4918,0.4519,NMC111,25,1,0.4885,1
0.04834,0.07133,0.2114,0.1527,1.392,0.1938,NMC811,25,1,0.3176,1
0.1892,0.03083,0.4065,0.2367,0.5503,0.3286,NMC532,25,1,0.06701,1
0.08082,0.08456,0.4446,0.5864,0.9658,0.3816,NMC523,25,1,0.3639,1
0.1001,0.05406,0.3795,0.0758,0.6692,0.07432,NMC811,25,1,0.3063,1
0.1362,0.07118,0.05238,0.02322,0.06317,0.03491,NMC532,25,1,0.4827,1
0.2191,0.1091,0.1076,0.02746,0.2106,0.02723,NMC811,25,1,0.119,1
0.03758,0.03629,0.357,0.5606,1.546,0.9593,NMC532,25,1,0.4849,1
0.1126,0.01045,0.09207,0.8454,0.827,0.8403,NMC111,25,1,0.04745,1
0.1424,0.009452,0.1151,0.2222,0.6569,0.2134,NMC622,25,1,0.649,1
0.1818,0.007701,0.1058,0.2448,1.956,0.2521,NMC811,25,1,0.1944,1
0.09524,0.09037,0.2454,0.7288,1.283,0.4893,NMC523,25,1,0.06952,1
0.08337,0.05435,0.25,0.3864,1.15,0.608,NMC532,25,1,0.3699,1
0.1524,0.05642,0.1826,0.5786,1.755,0.5782,NMC622,25,1,0.3811,1
0.08739,0.002205,0.4483,0.07366,0.5405,0.07123,NMC811,25,1,0.04539,1
0.07635,0.04829,0.2922,0.3438,1.263,0.3943,NMC622,25,1,0.3386,1
0.1056,0.0883,0.2919,0.4809,0.7571,0.2977,NMC523,25,1,0.3398,1
0.1592,0.03735,0.3194,0.7327,1.333,0.5013,NMC523,25,1,0.03082,1
0.06776,0.04339,0.1247,0.03804,0.3186,0.03477,NMC811,25,1,0.8738,1
0.108,0.01094,0.0832,0.5744,0.8814,0.3685,NMC523,25,1,0.05323,1
0.01667,0.09547,0.2866,0.211,0.5289,0.3292,NMC532,25,1,0.1731,1
0.01873,0.06855,0.03622,0.2282,0.63,0.388,NMC532,25,1,1.307,1
0.2092,0.07656,0.4392,0.08064,0.1977,0.1171,NMC532,25,1,0.08292,1
0.08017,0.0782,0.43,0.4717,1.18,0.6806,NMC532,25,1,0.04925,1
0.06714,0.01748,0.08795,0.3062,0.2956,0.3251,NMC111,25,1,0.03367,1
0.1816,0.01793,0.09142,0.4894,1.198,0.6635,NMC532,25,1,0.0555,1
0.1039,0.004974,0.4277,0.1081,0.9463,0.1142,NMC811,25,1,0.03127,1
0.08003,0.06181,0.09373,0.2892,0.7012,0.398,NMC532,25,1,1.07,1
0.1101,0.07082,0.3432,0.02397,0.06247,0.02069,NMC622,25,1,0.06762,1
0.06768,0.008345,0.2223,0.2259,0.7013,0.2084,NMC622,25,1,0.1581,1
0.2266,0.1052,0.07796,0.04503,0.3724,0.04374,NMC811,25,1,0.02893,1
0.115,0.02149,0.03559,0.196,0.384,0.1302,NMC523,25,1,0.08565,1
0.1227,0.1056,0.1477,0.1971,0.5226,0.3426,NMC532,25,1,0.2293,1
0.1304,0.08818,0.08641,0.5709,0.6055,0.5959,NMC111,25,1,0.03675,1
0.1743,0.05158,0.2008,0.1071,0.1054,0.1093,NMC111,25,1,0.05562,1
0.2159,0.04902,0.362,0.8075,1.305,0.5458,NMC523,25,1,0.02637,1
0.0643,0.01935,0.1246,0.1239,0.3869,0.1457,NMC622,25,1,0.9766,1
0.02826,0.05293,0.2653,0.3317,0.6122,0.2329,NMC523,25,1,0.1304,1
0.08071,0.02877,0.03947,0.2632,0.6211,0.3773,NMC532,25,1,0.04822,1
0.05437,0.09627,0.08832,0.856,1.424,0.5724,NMC523,25,1,0.09921,1
0.02744,0.04594,0.03727,0.1116,0.3372,0.1118,NMC622,25,1,0.8472,1
0.2126,0.0549,0.4352,0.5082,0.8509,0.3482,NMC523,25,1,0.05668,1
0.1553,0.03181,0.2293,1.005,0.9782,0.9962,NMC111,25,1,0.4653,1
0.102,0.05838,0.2059,0.1345,0.138,0.141,NMC111,25,1,0.5138,1
0.1221,0.04293,0.09877,0.2322,0.6137,0.2375,NMC622,25,1,0.2702,1
0.1724,0.1107,0.3207,0.3355,0.994,0.3353,NMC622,25,1,0.6024,1
0.009097,0.03879,0.1511,0.3509,0.3389,0.3573,NMC111,25,1,0.5768,1
0.08434,0.05382,0.1341,0.1368,0.4078,0.1463,NMC622,25,1,0.109,1
0.1267,0.02007,0.2338,0.4915,1.189,0.6777,NMC532,25,1,0.02084,1
0.1521,0.03352,0.06507,0.3582,0.3345,0.3628,NMC111,25,1,0.1707,1
0.2016,0.1076,0.2735,0.4748,1.436,0.4718,NMC622,25,1,0.2285,1
0.1892,0.07434,0.3722,0.1879,0.191,0.2023,NMC111,25,1,1.193,1
0.1576,0.07023,0.3862,0.2677,0.828,0.2677,NMC622,25,1,0.06092,1
0.1884,0.09909,0.1624,0.3654,0.9505,0.5405,NMC532,25,1,0.1172,1
0.04185,0.05343,0.02967,0.03177,0.09283,0.03236,NMC622,25,1,0.2786,1
0.2008,0.04848,0.1214,0.1015,0.8035,0.09857,NMC811,25,1,0.2491,1
0.2118,0.07711,0.04275,0.1108,1.03,0.1466,NMC811,25,1,0.2792,1
0.2154,0.02089,0.3944,0.2437,0.2325,0.2417,NMC111,25,1,0.09444,1
0.01303,0.04921,0.09181,0.206,1.655,0.2265,NMC811,25,1,0.3452,1
0.2198,0.1114,0.3245,0.4634,1.151,0.7312,NMC532,25,1,0.03119,1
0.1302,0.07206,0.2585,0.02853,0.07059,0.04213,NMC532,25,1,1.055,1
0.03137,0.06916,0.04739,0.7052,1.189,0.4744,NMC523,25,1,1.106,1
0.1397,0.05863,0.3847,0.9811,1.018,1.046,NMC111,25,1,0.3165,1
0.2145,0.05528,0.1188,0.7926,1.315,0.5058,NMC523,25,1,0.1343,1
0.04385,0.07384,0.3059,0.2971,2.356,0.3132,NMC811,25,1,0.164,1
0.1814,0.05533,0.2239,0.8544,0.8048,0.7502,NMC111,25,1,0.1062,1
0.04209,0.03471,0.2108,0.4931,1.521,0.4943,NMC622,25,1,0.3336,1
0.05553,0.07158,0.2977,0.5205,0.9301,0.3122,NMC523,25,1,0.02478,1
0.2146,0.07316,0.3081,0.2255,0.5509,0.316,NMC532,25,1,1.265,1
0.1156,0.03073,0.1938,0.5265,1.527,0.4678,NMC622,25,1,0.4643,1
0.1747,0.04624,0.009067,0.2376,0.6131,0.3689,NMC532,25,1,0.09206,1
0.1652,0.02577,0.04761,0.04343,0.1131,0.06384,NMC532,25,1,0.06565,1
0.02681,0.08193,0.181,0.06933,0.5853,0.0718,NMC811,25,1,0.3692,1
0.1662,0.04557,0.3493,0.252,1.903,0.2398,NMC811,25,1,0.9188,1
0.2066,0.06906,0.2878,0.8676,0.9179,0.8865,NMC111,25,1,0.05809,1
0.1636,0.02708,0.1334,0.6531,1.521,0.811,NMC532,25,1,0.07658,1
0.1967,0.1066,0.1803,0.3913,1.304,0.4129,NMC622,25,1,0.02823,1
0.05088,0.06598,0.1728,0.4328,1.34,0.4538,NMC622,25,1,0.1528,1
0.01752,0.01931,0.1984,0.0293,0.02941,0.02915,NMC111,25,1,1.23,1
0.008411,0.08656,0.1058,0.08797,0.738,0.07673,NMC811,25,1,0.5005,1
0.1755,0.06375,0.3347,0.3975,1.119,0.424,NMC622,25,1,1.114,1
0.2089,0.01263,0.3016,0.1194,0.9791,0.1239,NMC811,25,1,0.05528,1
0.007604,0.0775,0.4126,0.6715,0.6831,0.7166,NMC111,25,1,0.1167,1
0.006644,0.00911,0.007946,0.1527,1.215,0.154,NMC811,25,1,0.2417,1
0.2098,0.05703,0.2694,0.5761,0.9351,0.3586,NMC523,25,1,0.2347,1
0.005174,0.003727,0.02613,0.05937,0.1678,0.09063,NMC532,25,1,0.0242,1
0.04245,0.1108,0.1838,0.9129,0.9165,0.9395,NMC111,25,1,0.1623,1
0.1275,0.0629,0.1692,0.7872,1.269,0.4876,NMC523,25,1,0.2106,1
0.1419,0.1044,0.3988,0.1873,0.5067,0.299,NMC532,25,1,0.7756,1
0.0407,0.1043,0.01873,0.3577,1.181,0.4046,NMC622,25,1,0.6931,1
0.1096,0.05444,0.4454,0.04184,0.1133,0.04044,NMC622,25,1,0.03502,1
0.1269,0.002401,0.2245,0.3192,0.878,0.322,NMC622,25,1,0.09589,1
0.008493,0.07738,0.2345,0.4318,0.7466,0.3139,NMC523,25,1,0.6746,1
0.1462,0.07523,0.04823,0.1876,0.5144,0.1821,NMC622,25,1,0.8319,1
0.17,0.007115,0.2025,0.2901,2.484,0.2736,NMC811,25,1,0.03849,1
0.01766,0.04236,0.02485,0.287,0.6504,0.4035,NMC532,25,1,1.48,1
0.142,0.001964,0.346,0.5093,1.283,0.7323,NMC532,25,1,0.2289,1
0.2258,0.02768,0.0766,0.09428,0.7969,0.09555,NMC811,25,1,0.04131,1
0.1249,0.05898,0.06077,0.1099,0.1877,0.07397,NMC523,25,1,0.5996,1
0.01522,0.006486,0.2228,0.1004,0.8684,0.1003,NMC811,25,1,0.353,1
0.1818,0.009293,0.3544,0.1257,0.1181,0.1201,NMC111,25,1,1.38,1
0.06098,0.0676,0.05145,0.3908,1.069,0.3764,NMC622,25,1,1.446,1
0.02032,0.1021,0.3897,0.1701,0.4202,0.274,NMC532,25,1,0.9623,1
0.01554,0.06047,0.2707,0.1814,0.604,0.1871,NMC622,25,1,0.05073,1
0.02187,0.03418,0.3813,0.4163,0.4115,0.3973,NMC111,25,1,0.1434,1
0.04489,0.01957,0.3756,0.6246,0.5588,0.6616,NMC111,25,1,0.04907,1
0.186,0.07029,0.128,0.2078,1.9,0.2317,NMC811,25,1,0.1878,1
0.06183,0.03404,0.3791,0.5398,0.861,0.3477,NMC523,25,1,0.2358,1
0.1753,0.1084,0.1021,0.3024,0.3673,0.3581,NMC111,25,1,0.03042,1
0.02273,0.0341,0.3715,0.2167,0.2273,0.2262,NMC111,25,1,0.1059,1
0.01401,0.09985,0.1326,0.02725,0.2183,0.02768,NMC811,25,1,0.4249,1
0.2026,0.05575,0.4079,0.2024,0.4932,0.2894,NMC532,25,1,0.2233,1
0.111,0.04278,0.3526,0.0873,0.3148,0.0987,NMC622,25,1,0.7314,1
0.2249,0.002114,0.07074,0.3791,0.6667,0.2434,NMC523,25,1,1.215,1
0.0463,0.02503,0.3782,0.3968,1.293,0.4005,NMC622,25,1,1.457,1
0.1058,0.078,0.1009,0.5732,1.613,0.5814,NMC622,25,1,0.4213,1
0.04268,0.08647,0.04714,0.1432,0.2666,0.1077,NMC523,25,1,0.1344,1
0.03892,0.05114,0.2523,0.09187,0.08876,0.092,NMC111,25,1,0.03595,1
0.07106,0.09691,0.1471,0.5178,0.8102,0.3452,NMC523,25,1,0.02321,1
0.1026,0.05517,0.4182,0.5871,1.717,0.6585,NMC622,25,1,0.04645,1
0.1513,0.07782,0.1007,0.1926,0.5442,0.166,NMC622,25,1,0.5406,1
0.2119,0.007059,0.2619,0.09285,0.1574,0.06357,NMC523,25,1,0.2521,1
0.2099,0.07791,0.3825,0.1229,0.3948,0.114,NMC622,25,1,0.171,1
0.1265,0.07328,0.4428,0.2109,0.358,0.1367,NMC523,25,1,0.1562,1
0.1275,0.07605,0.1014,0.1726,1.235,0.1722,NMC811,25,1,0.3524,1
0.1558,0.0496,0.05327,0.807,0.6666,0.7534,NMC111,25,1,0.05036,1
0.1806,0.07666,0.4361,0.2712,2.202,0.263,NMC811,25,1,0.02594,1
0.1416,0.04494,0.07758,0.5874,0.6126,0.6091,NMC111,25,1,0.06256,1
0.1893,0.07488,0.4418,0.181,0.1734,0.1769,NMC111,25,1,0.7369,1
0.05579,0.02754,0.2616,0.289,0.8537,0.2881,NMC622,25,1,0.15,1
0.1604,0.04669,0.1105,0.4858,1.539,0.4781,NMC622,25,1,0.07297,1
0.08697,0.03813,0.3223,0.3595,0.8735,0.5514,NMC532,25,1,0.4054,1
0.0194,0.03254,0.2883,0.2049,1.651,0.1883,NMC811,25,1,0.05683,1
0.184,0.06148,0.4201,0.4169,1.061,0.6741,NMC532,25,1,0.05869,1
0.19,0.06928,0.3655,0.3484,0.5748,0.2352,NMC523,25,1,0.02461,1
0.007526,0.04772,0.2506,0.3162,0.433,0.1875,NMC523,25,1,0.1361,1
0.1085,0.09954,0.4484,0.1921,1.547,0.1892,NMC811,25,1,0.119,1
0.04144,0.05387,0.2751,0.03431,0.28,0.03375,NMC811,25,1,0.2713,1
0.02559,0.05534,0.408,0.3958,0.9647,0.576,NMC532,25,1,0.1847,1
0.1002,0.02593,0.3387,0.1507,1.146,0.1628,NMC811,25,1,1.32,1
0.1048,0.01507,0.02294,0.2174,0.6532,0.2336,NMC622,25,1,0.6201,1
0.0604,0.0687,0.08471,0.2612,0.7813,0.2837,NMC622,25,1,0.3214,1
0.1702,0.02898,0.209,0.2946,2.342,0.2763,NMC811,25,1,0.1692,1
0.1179,0.08339,0.2238,0.3589,0.866,0.4682,NMC532,25,1,0.03589,1
0.1494,0.1009,0.06935,0.1122,0.2991,0.1706,NMC532,25,1,0.2692,1
0.1904,0.0239,0.1096,0.2475,1.959,0.2251,NMC811,25,1,0.6472,1
0.06072,0.06149,0.2446,0.7718,1.164,0.4898,NMC523,25,1,0.7822,1
0.09016,0.04439,0.3287,0.0236,0.05352,0.03412,NMC532,25,1,0.1493,1
0.1251,0.1069,0.1667,0.5924,1.547,0.8852,NMC532,25,1,0.2373,1
0.03527,0.09582,0.2411,0.1905,0.5516,0.1631,NMC622,25,1,0.08051,1
0.1884,0.08947,0.3705,0.6135,1.285,0.7425,NMC532,25,1,0.1126,1
0.1265,0.01999,0.02259,0.1405,0.3707,0.2144,NMC532,25,1,0.07988,1
0.01522,0.03785,0.1571,0.5654,1.812,0.6242,NMC622,25,1,0.06174,1
0.03763,0.04438,0.1254,0.1464,1.179,0.1647,NMC811,25,1,1.205,1
0.09462,0.00503,0.3214,0.1125,0.2907,0.1894,NMC532,25,1,0.07119,1
0.1933,0.02215,0.2372,0.471,0.4922,0.4789,NMC111,25,1,0.07458,1
0.03258,0.06514,0.4073,0.1534,1.228,0.1537,NMC811,25,1,0.06896,1
0.01189,0.06659,0.03154,0.02554,0.07775,0.02617,NMC622,25,1,0.03062,1
0.02235,0.05288,0.4238,0.1141,0.8227,0.1069,NMC811,25,1,0.9799,1
0.08305,0.03371,0.2545,0.4245,0.8119,0.3114,NMC523,25,1,0.03995,1
0.003988,0.07197,0.2875,0.4842,1.103,0.6848,NMC532,25,1,0.02392,1
0.2184,0.08628,0.02893,0.2035,0.6595,0.2226,NMC622,25,1,0.1287,1
0.1878,0.004411,0.1394,0.186,0.4455,0.2504,NMC532,25,1,0.2944,1
0.175,0.05065,0.2013,0.0805,0.07157,0.07177,NMC111,25,1,0.2332,1
0.03555,0.02251,0.2268,0.09062,0.1498,0.05592,NMC523,25,1,0.2098,1
0.02001,0.007823,0.2641,0.04236,0.0676,0.02581,NMC523,25,1,0.04256,1
0.08339,0.004391,0.3161,0.7112,0.7151,0.7192,NMC111,25,1,0.07577,1
0.1048,0.02748,0.04572,0.4201,1.275,0.3999,NMC622,25,1,0.2876,1
0.1052,0.1063,0.09127,0.2647,0.2805,0.2619,NMC111,25,1,0.07859,1
0.1981,0.02973,0.1631,0.2996,0.811,0.2766,NMC622,25,1,0.07843,1
0.004164,0.0908,0.2685,0.788,1.179,0.5054,NMC523,25,1,0.4791,1
0.101,0.01383,0.4447,0.5771,0.9637,0.3692,NMC523,25,1,0.216,1
0.1413,0.03452,0.3019,0.6795,0.628,0.6874,NMC111,25,1,0.3841,1
0.06411,0.0213,0.06332,0.6844,1.187,0.4598,NMC523,25,1,0.06259,1
0.03031,0.06603,0.4564,0.1594,0.2836,0.1056,NMC523,25,1,0.05587,1
0.2071,0.08965,0.2858,0.2718,0.6528,0.4158,NMC532,25,1,1.234,1
0.1008,0.009982,0.4226,0.02832,0.06256,0.03892,NMC532,25,1,0.05206,1
0.1271,0.04645,0.3151,0.9965,0.9395,0.9575,NMC111,25,1,0.3863,1
0.1701,0.08417,0.1565,0.4432,0.7991,0.2821,NMC523,25,1,0.4129,1
0.1113,0.007742,0.4521,0.3157,0.8098,0.4645,NMC532,25,1,0.2564,1
0.07649,0.06152,0.3143,0.1458,0.4734,0.1471,NMC622,25,1,0.05457,1
0.2203,0.036,0.4577,0.2523,1.854,0.2445,NMC811,25,1,0.03054,1
0.1161,0.07573,0.1379,0.4419,0.7664,0.325,NMC523,25,1,0.1081,1
0.1716,0.08245,0.4494,0.1107,0.9635,0.1249,NMC811,25,1,0.2111,1
0.05114,0.06788,0.09561,0.2116,0.3921,0.1369,NMC523,25,1,0.1101,1
0.1623,0.04163,0.3017,0.565,1.02,0.4187,NMC523,25,1,0.9567,1
0.06417,0.07538,0.4129,0.426,0.7207,0.2761,NMC523,25,1,0.0335,1
0.0102,0.0994,0.4289,0.5556,0.8686,0.3607,NMC523,25,1,0.8096,1
0.02036,0.02683,0.1368,0.4829,1.343,0.4555,NMC622,25,1,0.3123,1
0.2066,0.04587,0.2251,0.2896,0.2859,0.2761,NMC111,25,1,0.7071,1
0.2216,0.09531,0.1007,0.6011,1.363,0.901,NMC532,25,1,0.4611,1
0.1981,0.06134,0.3465,0.2525,1.763,0.2273,NMC811,25,1,1.274,1
0.03525,0.05663,0.3584,0.2431,2.198,0.2451,NMC811,25,1,0.04574,1
0.1389,0.1006,0.1968,0.1918,0.3078,0.1407,NMC523,25,1,0.9694,1
0.06522,0.03469,0.1601,0.3924,0.9744,0.6363,NMC532,25,1,0.8088,1
0.2102,0.08957,0.008347,0.1915,0.5936,0.2245,NMC622,25,1,0.3521,1
0.1553,0.02023,0.07474,0.1723,0.3889,0.2603,NMC532,25,1,0.06014,1
0.1352,0.07408,0.151,0.2508,0.2713,0.2601,NMC111,25,1,0.1347,1
0.1093,0.07065,0.2708,0.07663,0.2089,0.0678,NMC622,25,1,0.08908,1
0.01824,0.07082,0.1461,0.09041,0.2042,0.1403,NMC532,25,1,0.02245,1
0.158,0.08147,0.1467,0.4203,0.4182,0.3884,NMC111,25,1,0.322,1
0.0721,0.07575,0.2398,0.3593,0.351,0.3802,NMC111,25,1,0.04465,1
0.1642,0.021,0.1449,0.3397,0.8532,0.5955,NMC532,25,1,1.444,1
0.1106,0.09845,0.08634,0.5929,0.978,0.4013,NMC523,25,1,0.08137,1
0.05507,0.07032,0.201,0.1662,0.2319,0.1115,NMC523,25,1,1.191,1
0.1337,0.1098,0.08308,0.6845,0.6532,0.6767,NMC111,25,1,0.5326,1
0.1884,0.01868,0.4466,0.452,0.9336,0.6195,NMC532,25,1,0.5892,1
0.1936,0.09831,0.395,0.338,1.076,0.3502,NMC622,25,1,0.02383,1
0.1502,0.1114,0.43,0.5058,0.4858,0.5183,NMC111,25,1,0.1212,1
0.09096,0.03482,0.3923,0.1438,0.448,0.1474,NMC622,25,1,0.08761,1
0.1837,0.09883,0.3868,0.3018,0.5225,0.2149,NMC523,25,1,0.1683,1
0.2042,0.07976,0.2767,0.1434,1.097,0.1384,NMC811,25,1,0.6047,1
0.07365,0.05333,0.1455,0.5336,1.465,0.8531,NMC532,25,1,1.062,1
0.05899,0.08071,0.4255,0.1352,0.3751,0.1273,NMC622,25,1,1.063,1
0.1836,0.03658,0.2871,0.5977,0.6135,0.6291,NMC111,25,1,0.05018,1
0.02617,0.03947,0.3242,0.4696,1.172,0.677,NMC532,25,1,0.1238,1
0.02324,0.01494,0.07318,0.3523,1.103,0.3955,NMC622,25,1,0.1559,1
0.09557,0.03589,0.3185,0.1083,0.1641,0.07539,NMC523,25,1,0.02021,1
0.1192,0.04001,0.4292,0.3379,1.102,0.3369,NMC622,25,1,0.1163,1
0.1613,0.08027,0.2866,0.3901,1.108,0.6258,NMC532,25,1,0.4848,1
0.04633,0.07314,0.08994,0.1128,0.9552,0.1215,NMC811,25,1,0.06325,1
0.125,0.05575,0.3095,0.5724,1.744,0.5662,NMC622,25,1,0.159,1
0.1221,0.1013,0.2427,0.8996,1.557,0.6293,NMC523,25,1,0.1039,1
0.009226,0.06909,0.3653,0.6884,0.9566,0.4547,NMC523,25,1,0.4269,1
0.0288,0.1105,0.309,0.3362,2.381,0.3183,NMC811,25,1,0.6703,1
0.1151,0.01039,0.08276,0.2547,0.6858,0.3838,NMC532,25,1,0.05875,1
0.1947,0.06878,0.2983,0.09559,0.2636,0.1509,NMC532,25,1,0.02486,1
0.05989,0.01545,0.1722,0.1844,1.657,0.1913,NMC811,25,1,0.1548,1
0.02335,0.05969,0.2287,0.5541,1.534,0.5608,NMC622,25,1,0.1777,1
0.2018,0.0411,0.2121,0.5301,0.8826,0.3787,NMC523,25,1,0.3745,1
0.07405,0.1113,0.3113,0.7213,1.241,0.4695,NMC523,25,1,0.1417,1
0.08584,0.0824,0.1769,0.5377,0.8198,0.3694,NMC523,25,1,0.02875,1
0.02162,0.03632,0.2799,0.194,0.4709,0.3132,NMC532,25,1,0.02026,1
0.04362,0.002992,0.4559,0.2547,0.7708,0.2676,NMC622,25,1,0.2993,1
0.09449,0.1036,0.4357,0.02252,0.05709,0.03741,NMC532,25,1,0.2799,1
0.1326,0.1016,0.2867,0.01683,0.1307,0.01625,NMC811,25,1,0.04056,1
0.2192,0.02923,0.4138,0.2429,0.5563,0.388,NMC532,25,1,0.186,1
0.07036,0.06226,0.3286,0.3661,0.9786,0.5631,NMC532,25,1,1.317,1
0.06738,0.1047,0.04173,0.1471,0.1443,0.1538,NMC111,25,1,0.1526,1
0.1334,0.08373,0.1942,0.3639,0.9896,0.3599,NMC622,25,1,0.1756,1
0.2258,0.06671,0.2261,0.4542,0.6952,0.3058,NMC523,25,1,0.03678,1
0.207,0.03314,0.1177,0.08717,0.6389,0.08252,NMC811,25,1,0.64,1
0.1565,0.008909,0.395,0.6304,0.6669,0.647,NMC111,25,1,0.03146,1
0.1182,0.001909,0.4434,0.5339,0.5282,0.5662,NMC111,25,1,0.3524,1
0.1403,0.003313,0.3516,0.633,1.436,0.8144,NMC532,25,1,1.291,1
0.1937,0.08998,0.1404,0.2209,1.787,0.2217,NMC811,25,1,0.1218,1
0.00446,0.1099,0.3446,0.5692,1.469,0.8974,NMC532,25,1,0.2879,1
0.0297,0.03595,0.2584,0.03301,0.08609,0.0303,NMC622,25,1,0.1326,1
0.1753,0.02295,0.04724,0.4602,1.32,0.443,NMC622,25,1,0.125,1
0.09328,0.003226,0.4401,0.0789,0.6743,0.08401,NMC811,25,1,0.05428,1
0.1506,0.08881,0.4123,0.249,0.7459,0.2614,NMC622,25,1,0.02373,1
0.1431,0.07398,0.1219,0.801,1.345,0.5204,NMC523,25,1,0.8655,1
0.1861,0.01378,0.09927,0.05182,0.05207,0.05405,NMC111,25,1,0.03279,1
0.1453,0.0757,0.1023,0.4492,1.328,0.5011,NMC622,25,1,0.1943,1
0.1026,0.08945,0.3206,0.8532,1.433,0.5901,NMC523,25,1,0.8161,1
0.1092,0.02422,0.28,0.5714,1.596,0.8562,NMC532,25,1,0.8159,1
0.1185,0.02119,0.2438,0.3254,0.8201,0.4711,NMC532,25,1,0.3769,1
0.1387,0.04543,0.1109,0.6583,0.5869,0.5579,NMC111,25,1,0.03314,1
0.1681,0.08651,0.3608,0.03986,0.3129,0.03715,NMC811,25,1,0.04327,1
0.06171,0.05935,0.03683,0.417,0.411,0.4143,NMC111,25,1,1.465,1
0.1567,0.05424,0.1989,0.1077,0.2964,0.1106,NMC622,25,1,1.109,1
0.0997,0.0616,0.07457,0.08078,0.2123,0.1244,NMC532,25,1,0.2962,1
0.09926,0.03127,0.447,0.4019,1.037,0.5942,NMC532,25,1,0.09796,1
0.1041,0.07099,0.4411,0.6795,0.7857,0.7414,NMC111,25,1,1.241,1
0.2246,0.02793,0.4506,0.2307,1.913,0.2534,NMC811,25,1,0.1913,1
0.09507,0.0689,0.2327,0.2567,2.376,0.2811,NMC811,25,1,0.06793,1
0.1658,0.05722,0.455,0.03962,0.1143,0.03617,NMC622,25,1,0.2889,1
0.2187,0.1066,0.1332,0.2579,1.897,0.2331,NMC811,25,1,0.7522,1
0.1928,0.05565,0.228,0.9351,1.446,0.6618,NMC523,25,1,0.5726,1
0.1922,0.08434,0.1284,0.2191,0.2216,0.2321,NMC111,25,1,0.2569,1
0.2106,0.006535,0.3845,0.6697,1.174,0.4358,NMC523,25,1,0.1218,1
0.2145,0.03628,0.2368,0.2421,1.83,0.225,NMC811,25,1,0.02561,1
0.1308,0.06193,0.1173,0.27,0.4379,0.1751,NMC523,25,1,0.04787,1
0.183,0.0939,0.1605,0.9348,0.8959,0.9238,NMC111,25,1,0.02881,1
0.1788,0.1059,0.008067,0.7721,1.395,0.513,NMC523,25,1,0.6603,1
0.1868,0.02176,0.2748,0.7866,0.7358,0.7754,NMC111,25,1,1.444,1
0.2209,0.0427,0.05075,0.2791,2.127,0.2668,NMC811,25,1,0.2377,1
0.02374,0.03693,0.02497,0.772,0.8759,0.803,NMC111,25,1,0.3116,1
0.1295,0.03633,0.07671,0.1664,1.511,0.1915,NMC811,25,1,0.2868,1
0.08744,0.05162,0.4253,0.05088,0.4122,0.04913,NMC811,25,1,0.02173,1
0.03256,0.05968,0.1806,0.5004,1.263,0.7468,NMC532,25,1,0.03424,1
0.05086,0.09883,0.06213,0.01115,0.02847,0.01609,NMC532,25,1,0.08365,1
0.008138,0.08354,0.04184,0.1599,0.1473,0.1376,NMC111,25,1,0.02063,1
0.08412,0.0204,0.07909,0.1098,0.1111,0.1168,NMC111,25,1,0.3697,1
0.1504,0.03735,0.131,0.5394,1.554,0.5065,NMC622,25,1,1.322,1
0.1451,0.07309,0.3551,0.1293,0.9905,0.1352,NMC811,25,1,0.7757,1
0.01325,0.05314,0.2596,0.861,1.446,0.5964,NMC523,25,1,0.6031,1
0.07851,0.07231,0.1822,0.2707,0.2445,0.2791,NMC111,25,1,0.05228,1
0.02541,0.098,0.07513,0.6497,0.6416,0.6058,NMC111,25,1,0.03061,1
0.08139,0.09799,0.4221,0.2853,2.307,0.2935,NMC811,25,1,0.03535,1
0.05353,0.004645,0.4225,0.8479,1.432,0.5989,NMC523,25,1,0.1641,1
0.1817,0.07798,0.1322,0.6433,1.475,0.9711,NMC532,25,1,0.7258,1
0.02832,0.06373,0.3421,0.23,1.978,0.2749,NMC811,25,1,0.02963,1
0.03989,0.09203,0.3896,0.3091,0.7591,0.4427,NMC532,25,1,0.05377,1
0.1648,0.0741,0.06626,0.4951,0.7907,0.3106,NMC523,25,1,0.3479,1
0.2265,0.04739,0.24,0.8483,1.557,0.6018,NMC523,25,1,0.7142,1
0.008201,0.02689,0.4442,0.1568,0.1483,0.1676,NMC111,25,1,0.05518,1
0.00963,0.01925,0.3091,0.2924,2.217,0.3032,NMC811,25,1,0.9764,1
0.2021,0.01889,0.2758,0.4137,1.279,0.4139,NMC622,25,1,0.02803,1
0.2243,0.01074,0.2788,0.0545,0.1765,0.05872,NMC622,25,1,1.146,1
0.09923,0.1079,0.02899,0.1534,1.24,0.1619,NMC811,25,1,1.122,1
0.0877,0.08997,0.2837,0.112,0.1877,0.08613,NMC523,25,1,1.096,1
0.09931,0.08994,0.1351,0.5118,1.197,0.7923,NMC532,25,1,0.05333,1
0.1041,0.1001,0.2248,0.1051,0.8989,0.108,NMC811,25,1,0.1934,1
0.004583,0.00246,0.3268,0.2393,0.2213,0.2351,NMC111,25,1,0.6734,1
0.1734,0.1011,0.06078,0.4827,0.8742,0.2838,NMC523,25,1,0.163,1
0.1292,0.06764,0.3151,0.07825,0.2497,0.07665,NMC622,25,1,0.03689,1
0.08351,0.1003,0.007349,0.08022,0.1503,0.06178,NMC523,25,1,0.02227,1
0.05264,0.03471,0.3342,0.1501,0.3672,0.2051,NMC532,25,1,0.2382,1
0.04898,0.009762,0.2508,0.2924,1.038,0.302,NMC622,25,1,0.05445,1
0.1786,0.018,0.4527,0.7353,1.213,0.4786,NMC523,25,1,0.1856,1
0.02752,0.0404,0.04548,0.2777,0.7297,0.3904,NMC532,25,1,0.1648,1
0.1782,0.1039,0.4565,0.4994,1.193,0.7773,NMC532,25,1,0.06481,1
0.1351,0.03786,0.08735,0.9281,1.584,0.5789,NMC523,25,1,0.1611,1
0.2127,0.0888,0.09657,0.3053,2.396,0.3072,NMC811,25,1,0.2354,1
0.09037,0.06098,0.398,0.1246,0.1211,0.1112,NMC111,25,1,0.2212,1
0.207,0.09842,0.08957,0.5323,1.493,0.5022,NMC622,25,1,0.2951,1
0.04918,0.06168,0.05618,0.2661,2.143,0.2871,NMC811,25,1,0.02965,1
0.1047,0.03449,0.107,0.5825,1.244,0.8998,NMC532,25,1,0.1021,1
0.1618,0.05524,0.4103,0.5577,1.807,0.5518,NMC622,25,1,0.9449,1
0.06981,0.06939,0.4363,0.2899,2.132,0.296,NMC811,25,1,0.2251,1
0.2085,0.1106,0.3454,0.3325,1.125,0.3805,NMC622,25,1,0.07752,1
0.204,0.09804,0.1048,0.3294,0.9409,0.2999,NMC622,25,1,0.1013,1
0.203,0.1021,0.02325,0.02147,0.06251,0.01962,NMC622,25,1,0.1148,1
0.1216,0.04604,0.3503,0.2082,1.646,0.2025,NMC811,25,1,0.9964,1
0.1677,0.1087,0.1059,0.2633,0.6789,0.264,NMC622,25,1,0.08036,1
0.07538,0.08181,0.05976,0.1423,0.372,0.2137,NMC532,25,1,0.0589,1
0.0774,0.08778,0.3768,0.2043,0.3075,0.122,NMC523,25,1,0.7076,1
0.1563,0.007505,0.4208,0.671,1.129,0.4203,NMC523,25,1,1.196,1
0.0285,0.07366,0.3065,0.4459,0.7551,0.2994,NMC523,25,1,0.0375,1
0.1247,0.0637,0.1368,0.05343,0.09242,0.03445,NMC523,25,1,0.7626,1
0.2194,0.003991,0.03432,0.7696,1.334,0.4912,NMC523,25,1,0.03338,1
0.1258,0.0873,0.237,0.2576,0.6299,0.3365,NMC532,25,1,0.1909,1
0.1029,0.02013,0.2246,0.03857,0.1211,0.03896,NMC622,25,1,0.02763,1
0.06323,0.05849,0.3157,0.2675,2.335,0.2926,NMC811,25,1,0.05655,1
0.03028,0.07229,0.123,0.06956,0.1628,0.096,NMC532,25,1,0.03796,1
0.02854,0.03254,0.284,0.9115,1.466,0.5819,NMC523,25,1,0.1244,1
0.07509,0.1044,0.0887,0.1686,1.188,0.1662,NMC811,25,1,0.2216,1
0.09622,0.09117,0.1602,0.0319,0.2558,0.03118,NMC811,25,1,0.6074,1
0.1133,0.09465,0.4443,0.2074,1.72,0.1971,NMC811,25,1,1.1,1
0.04232,0.02912,0.1776,0.1848,0.4432,0.2515,NMC532,25,1,0.3372,1
0.1462,0.07773,0.2194,0.03644,0.08682,0.05331,NMC532,25,1,0.03023,1
0.2245,0.0289,0.1063,0.8318,1.249,0.5447,NMC523,25,1,0.6381,1
0.2135,0.04014,0.2255,0.4493,1.158,0.6793,NMC532,25,1,1.192,1
0.1337,0.0238,0.3672,0.3243,0.5175,0.1886,NMC523,25,1,0.2037,1
0.1605,0.0191,0.1817,0.1383,1.156,0.1344,NMC811,25,1,0.1019,1
0.07568,0.09072,0.3986,0.8333,0.8522,0.8659,NMC111,25,1,0.3937,1
0.04331,0.0479,0.1563,0.3337,0.7278,0.4851,NMC532,25,1,0.05534,1
0.1835,0.02646,0.04682,0.5591,0.5159,0.5406,NMC111,25,1,0.1244,1
0.105,0.1036,0.1492,0.5119,1.238,0.7155,NMC532,25,1,0.3232,1
0.07227,0.05261,0.06495,0.05413,0.1576,0.05137,NMC622,25,1,1.371,1
0.02021,0.03915,0.3088,0.04127,0.3258,0.04158,NMC811,25,1,0.6295,1
0.09265,0.0877,0.3144,0.2782,0.8935,0.2814,NMC622,25,1,1.384,1
0.1948,0.004215,0.2785,0.7107,0.6812,0.7184,NMC111,25,1,0.5049,1
0.02567,0.0942,0.375,0.1729,0.1613,0.1675,NMC111,25,1,0.1763,1
0.03467,0.0782,0.327,0.1133,0.3517,0.1342,NMC622,25,1,0.05172,1
0.2042,0.1016,0.4269,0.1552,0.3943,0.2114,NMC532,25,1,0.4962,1
0.2167,0.1056,0.3585,0.04843,0.0813,0.0302,NMC523,25,1,0.04304,1
0.09641,0.1025,0.01996,0.4197,1.032,0.619,NMC532,25,1,0.1141,1
0.08312,0.01781,0.1926,0.7015,0.7054,0.7437,NMC111,25,1,0.8133,1
0.0134,0.02634,0.06655,0.326,0.9741,0.3231,NMC622,25,1,0.08752,1
0.2069,0.04393,0.08306,0.5728,1.279,0.8628,NMC532,25,1,0.02643,1
0.1568,0.07673,0.2852,0.8071,1.383,0.5321,NMC523,25,1,0.03591,1
0.105,0.02677,0.158,0.5336,0.922,0.3518,NMC523,25,1,0.1706,1
0.1529,0.01249,0.2517,0.09485,0.2637,0.161,NMC532,25,1,0.9028,1
0.1234,0.01298,0.1348,0.4112,0.4077,0.4266,NMC111,25,1,0.1278,1
0.04245,0.05107,0.3052,0.3214,0.7313,0.4301,NMC532,25,1,1.16,1
0.1525,0.07235,0.07782,0.9507,0.9968,0.9407,NMC111,25,1,0.2453,1
0.2145,0.02251,0.108,0.4151,0.4041,0.3895,NMC111,25,1,0.1995,1
0.1766,0.08817,0.283,0.2379,1.963,0.2378,NMC811,25,1,0.02056,1
0.1678,0.1063,0.3306,0.2317,0.3991,0.1524,NMC523,25,1,0.4145,1
0.1527,0.07557,0.2962,0.04305,0.3341,0.04392,NMC811,25,1,0.04375,1
0.2188,0.04442,0.251,0.2466,2.085,0.2517,NMC811,25,1,0.0894,1
0.1757,0.04646,0.1537,0.7382,0.7261,0.8296,NMC111,25,1,0.0372,1
0.003641,0.07575,0.02232,0.7005,0.7966,0.7008,NMC111,25,1,0.02306,1
0.07942,0.03642,0.3383,0.1901,0.5027,0.3207,NMC532,25,1,1.315,1
0.2184,0.09065,0.1802,0.4004,0.654,0.2771,NMC523,25,1,0.3052,1
0.1678,0.04764,0.1998,0.2503,2.021,0.2522,NMC811,25,1,0.3783,1
0.1808,0.09734,0.02112,0.4715,0.8602,0.3214,NMC523,25,1,0.1984,1
0.1662,0.03621,0.08504,0.2483,0.6804,0.3667,NMC532,25,1,0.06603,1
0.1971,0.0667,0.3897,0.07934,0.2461,0.07826,NMC622,25,1,0.05098,1
0.1576,0.1048,0.07827,0.5903,1.679,0.599,NMC622,25,1,0.02506,1
0.09325,0.06128,0.2408,0.05316,0.448,0.05877,NMC811,25,1,0.1212,1
0.1583,0.08361,0.3219,0.8678,0.7214,0.7242,NMC111,25,1,0.8808,1
0.1562,0.08989,0.2601,0.1346,1.21,0.1393,NMC811,25,1,0.2314,1
0.1132,0.04839,0.3057,0.356,0.8874,0.3322,NMC622,25,1,1.486,1
0.1931,0.008741,0.1377,0.121,0.2837,0.1613,NMC532,25,1,0.05346,1
0.1657,0.08572,0.2841,0.3316,0.8757,0.3348,NMC622,25,1,1.13,1
0.09304,0.06579,0.03372,0.4496,1.33,0.3952,NMC622,25,1,0.02421,1
0.046,0.1074,0.1739,0.2583,2.185,0.2796,NMC811,25,1,0.04185,1
0.06891,0.01892,0.1487,0.2231,0.5609,0.3513,NMC532,25,1,0.5968,1
0.1866,0.009613,0.2986,0.2738,2.451,0.3014,NMC811,25,1,1.173,1
0.2147,0.01527,0.2918,0.5505,0.8416,0.3163,NMC523,25,1,0.04,1
0.0779,0.02827,0.3017,0.516,1.262,0.7248,NMC532,25,1,1.207,1
0.1169,0.07969,0.293,0.2609,0.4625,0.1756,NMC523,25,1,0.8317,1
0.2168,0.09504,0.2074,0.5182,0.9361,0.3416,NMC523,25,1,0.0256,1
0.02339,0.07411,0.1851,0.3008,0.5604,0.2044,NMC523,25,1,1.387,1
0.1798,0.004911,0.0547,0.572,0.6427,0.7271,NMC111,25,1,0.1734,1
0.2095,0.02086,0.3681,0.3769,1.164,0.3389,NMC622,25,1,0.1012,1
0.1355,0.1024,0.286,0.3127,0.7424,0.4581,NMC532,25,1,0.03732,1
0.1008,0.04071,0.01587,0.8494,1.414,0.5113,NMC523,25,1,0.236,1
0.0485,0.09384,0.1207,0.8013,1.382,0.4954,NMC523,25,1,1.131,1
0.08757,0.0876,0.02725,0.8123,1.319,0.5106,NMC523,25,1,0.1319,1
0.2225,0.02488,0.3627,0.2764,0.4197,0.1832,NMC523,25,1,0.07738,1
0.1855,0.07284,0.4051,0.932,0.9272,0.9946,NMC111,25,1,0.6478,1
0.01019,0.01673,0.1732,0.73,0.745,0.6889,NMC111,25,1,0.297,1
0.1497,0.03943,0.1878,0.2308,0.5018,0.3461,NMC532,25,1,0.3711,1
0.09227,0.03265,0.2476,0.7197,0.7617,0.7521,NMC111,25,1,0.08287,1
0.1115,0.08621,0.03412,0.6147,0.6375,0.576,NMC111,25,1,0.0263,1
0.01084,0.03266,0.2903,0.315,2.365,0.3184,NMC811,25,1,0.05553,1
0.1965,0.04524,0.1918,0.7163,1.135,0.5152,NMC523,25,1,0.1782,1
0.1884,0.06868,0.07633,0.758,0.6949,0.626,NMC111,25,1,0.1107,1
0.09543,0.03727,0.1741,0.1599,1.326,0.1887,NMC811,25,1,0.128,1
0.07468,0.05356,0.2454,0.8124,0.946,0.8499,NMC111,25,1,0.1106,1
0.1612,0.1004,0.2795,0.1145,0.3235,0.118,NMC622,25,1,0.4063,1
0.01208,0.06855,0.3469,0.4739,1.183,0.6456,NMC532,25,1,0.08949,1
0.1623,0.04953,0.2649,0.1329,1.052,0.1374,NMC811,25,1,0.1533,1
0.2069,0.05761,0.04073,0.05541,0.09149,0.03626,NMC523,25,1,0.6857,1
0.06437,0.06191,0.07454,0.2458,1.891,0.2414,NMC811,25,1,0.09092,1
0.01432,0.07028,0.3158,0.8524,1.274,0.5926,NMC523,25,1,0.3264,1
0.03021,0.1045,0.2591,0.2841,2.18,0.2814,NMC811,25,1,1.171,1
0.01173,0.04322,0.4189,0.4361,0.4378,0.3955,NMC111,25,1,0.03769,1
0.1065,0.03638,0.1528,0.05018,0.4654,0.05879,NMC811,25,1,0.1813,1
0.1009,0.09767,0.3351,0.05081,0.07892,0.03954,NMC523,25,1,0.0244,1
0.1263,0.08513,0.08249,0.3399,0.9453,0.5522,NMC532,25,1,0.2683,1
0.1372,0.08483,0.1794,0.5224,1.628,0.5903,NMC622,25,1,0.0324,1
0.1964,0.0789,0.3882,0.2794,2.024,0.2847,NMC811,25,1,0.9989,1
0.1934,0.04992,0.4365,0.6599,0.7026,0.6483,NMC111,25,1,0.09803,1
0.1191,0.02272,0.01747,0.6593,0.6807,0.62,NMC111,25,1,0.09982,1
0.2001,0.04819,0.4114,0.3196,0.863,0.5079,NMC532,25,1,0.02654,1
0.1179,0.1015,0.08115,0.09551,0.2813,0.09385,NMC622,25,1,0.07914,1
0.03029,0.09983,0.454,0.2589,0.8083,0.2895,NMC622,25,1,1.461,1
0.07642,0.06514,0.4422,0.2252,0.3872,0.1518,NMC523,25,1,0.7051,1
0.04051,0.08033,0.2511,0.5297,1.318,0.7628,NMC532,25,1,1.43,1
0.02488,0.02801,0.358,0.589,1.023,0.4071,NMC523,25,1,0.6748,1
0.04192,0.03901,0.3936,0.2305,1.74,0.2113,NMC811,25,1,0.2577,1
0.2132,0.1045,0.2107,0.6841,0.7213,0.7108,NMC111,25,1,0.08785,1
0.01136,0.09438,0.3667,0.2067,0.6035,0.1821,NMC622,25,1,0.1329,1
0.1826,0.04863,0.4513,0.4823,0.7213,0.3075,NMC523,25,1,0.1692,1
0.049,0.09125,0.1729,0.3696,0.6488,0.2619,NMC523,25,1,0.03479,1
0.1361,0.0596,0.1286,0.2153,1.689,0.1935,NMC811,25,1,0.05532,1
0.01702,0.0696,0.4341,0.3285,0.3516,0.3162,NMC111,25,1,0.3819,1
0.184,0.09392,0.08137,0.6126,1.127,0.4335,NMC523,25,1,0.08314,1
0.1298,0.05789,0.03953,0.1984,1.468,0.2033,NMC811,25,1,0.02373,1
0.1906,0.05983,0.2064,0.488,1.561,0.5117,NMC622,25,1,0.219,1
0.1776,0.1039,0.06124,0.9591,1.006,1.11,NMC111,25,1,0.03185,1
0.09405,0.04781,0.3712,0.06442,0.5341,0.06825,NMC811,25,1,0.7483,1
0.224,0.06946,0.2459,0.9666,1.469,0.5975,NMC523,25,1,0.0469,1
0.1077,0.08818,0.3452,0.05214,0.4293,0.05281,NMC811,25,1,0.03014,1
0.01965,0.0938,0.3543,0.2833,0.7537,0.2678,NMC622,25,1,0.03469,1
0.2242,0.05303,0.334,0.2103,1.656,0.2248,NMC811,25,1,0.02663,1
0.03405,0.06394,0.2438,0.2406,0.8484,0.2674,NMC622,25,1,0.02749,1
0.0902,0.09903,0.264,0.178,1.447,0.1859,NMC811,25,1,0.3737,1
0.2134,0.09024,0.09889,0.1045,0.8568,0.1051,NMC811,25,1,0.03324,1
0.1557,0.08202,0.03678,0.3583,0.8662,0.5459,NMC532,25,1,0.6674,1
0.08381,0.0801,0.01291,0.1438,1.152,0.1382,NMC811,25,1,0.7431,1
0.02986,0.008642,0.09409,0.6469,0.625,0.6168,NMC111,25,1,0.4047,1
0.2025,0.06463,0.3794,0.3422,1.021,0.3351,NMC622,25,1,0.4465,1
0.08942,0.05842,0.195,0.8544,1.481,0.516,NMC523,25,1,0.02645,1
0.0266,0.09898,0.4154,0.3569,1.076,0.343,NMC622,25,1,0.02701,1
0.2228,0.04879,0.06087,0.01973,0.1432,0.01807,NMC811,25,1,0.4903,1
0.04446,0.007388,0.07135,0.5399,0.6021,0.5844,NMC111,25,1,0.9471,1
0.008976,0.02031,0.2095,0.223,0.4217,0.1624,NMC523,25,1,0.3438,1
0.09387,0.05343,0.2336,0.4952,1.201,0.7287,NMC532,25,1,1.356,1
0.1352,0.02195,0.02047,0.1738,0.4149,0.2658,NMC532,25,1,1.055,1
0.09631,0.008611,0.3701,0.3135,0.7081,0.4717,NMC532,25,1,0.1807,1
0.1628,0.07238,0.3053,0.2135,0.6893,0.2513,NMC622,25,1,0.6297,1
0.008748,0.02533,0.357,0.3224,0.8431,0.4476,NMC532,25,1,1.268,1
0.03088,0.04129,0.3634,0.467,1.313,0.7587,NMC532,25,1,0.04701,1
0.003851,0.09232,0.4383,0.1633,1.325,0.1579,NMC811,25,1,0.1381,1
0.226,0.09736,0.2733,0.3683,0.962,0.5469,NMC532,25,1,0.0584,1
0.06019,0.06185,0.012,0.03931,0.2937,0.03732,NMC811,25,1,0.1264,1
0.07913,0.02377,0.1229,0.5468,0.5598,0.5668,NMC111,25,1,0.05835,1
0.0304,0.08274,0.1377,0.141,0.4806,0.1471,NMC622,25,1,0.6332,1
0.09337,0.01379,0.04311,0.0348,0.2856,0.03198,NMC811,25,1,0.02441,1
0.1384,0.04783,0.04021,0.1485,1.314,0.1572,NMC811,25,1,0.07525,1
0.009468,0.09613,0.1285,0.2688,2.09,0.2402,NMC811,25,1,0.4812,1
0.1089,0.01825,0.2423,0.07138,0.5497,0.06856,NMC811,25,1,0.03362,1
0.05935,0.0507,0.1535,0.1516,1.187,0.1506,NMC811,25,1,0.2458,1
0.08881,0.005869,0.4528,0.2627,0.7957,0.2471,NMC622,25,1,0.4217,1
0.2164,0.09835,0.2981,0.3412,0.5572,0.2234,NMC523,25,1,0.04339,1
0.04974,0.006073,0.1698,0.4337,1.105,0.6423,NMC532,25,1,0.1161,1
0.008242,0.08522,0.3925,0.1597,1.394,0.1511,NMC811,25,1,0.02901,1
0.06981,0.004871,0.3314,0.563,1.516,0.9042,NMC532,25,1,0.611,1
0.03048,0.02934,0.3202,0.1613,1.313,0.1439,NMC811,25,1,0.1263,1
0.1698,0.09653,0.2827,0.1779,0.4271,0.2633,NMC532,25,1,0.6916,1
0.1357,0.06323,0.4578,0.5432,1.688,0.6223,NMC622,25,1,0.07288,1
0.1437,0.0783,0.06619,0.4982,1.272,0.7059,NMC532,25,1,0.3496,1
0.1203,0.03554,0.2869,0.3573,0.5485,0.2111,NMC523,25,1,0.06628,1
0.05566,0.02957,0.05866,0.4801,0.8822,0.3399,NMC523,25,1,0.02505,1
0.1217,0.01546,0.3298,0.679,0.6939,0.7127,NMC111,25,1,0.03554,1
0.1752,0.04921,0.4497,0.1944,1.599,0.2009,NMC811,25,1,0.544,1
0.07131,0.08848,0.2671,0.5288,1.664,0.5746,NMC622,25,1,0.6897,1
0.01165,0.0649,0.1712,0.4237,0.7151,0.3199,NMC523,25,1,0.0578,1
0.1303,0.1016,0.1878,0.1525,1.168,0.1409,NMC811,25,1,0.02388,1
0.2224,0.09434,0.2235,0.1776,0.2687,0.1087,NMC523,25,1,0.1224,1
0.2183,0.1003,0.04893,0.4079,1.084,0.5977,NMC532,25,1,0.1578,1
0.1205,0.08372,0.4337,0.6415,0.9414,0.3643,NMC523,25,1,0.3666,1
0.02844,0.07249,0.2114,0.297,2.253,0.2971,NMC811,25,1,0.02711,1
0.1723,0.07521,0.08582,0.5786,1.489,0.8649,NMC532,25,1,0.0596,1
0.01851,0.1033,0.3616,0.551,0.5418,0.5194,NMC111,25,1,0.1349,1
0.1759,0.05795,0.126,0.813,1.451,0.5606,NMC523,25,1,0.3617,1
0.04938,0.02761,0.009368,0.2614,2.201,0.2756,NMC811,25,1,0.2288,1
0.09607,0.01779,0.4217,0.7481,0.7348,0.7563,NMC111,25,1,0.03872,1
0.1013,0.0932,0.3696,0.1768,0.5945,0.2039,NMC622,25,1,0.7164,1
0.05668,0.0693,0.08197,0.348,1.055,0.3817,NMC622,25,1,1.077,1
0.007566,0.04652,0.3676,0.4141,0.4329,0.4777,NMC111,25,1,0.02618,1
0.03304,0.1062,0.1734,0.2751,0.5494,0.1725,NMC523,25,1,0.6948,1
0.153,0.06534,0.3892,0.2979,2.057,0.266,NMC811,25,1,0.03828,1
0.1391,0.04199,0.2542,0.03967,0.1047,0.0382,NMC622,25,1,0.6398,1
0.157,0.04045,0.1641,0.5344,0.8961,0.3529,NMC523,25,1,0.03794,1
0.1984,0.1042,0.3723,0.006669,0.05473,0.006901,NMC811,25,1,0.1345,1
0.08718,0.05004,0.1353,0.1882,0.6008,0.2094,NMC622,25,1,1.172,1
0.1598,0.006896,0.3188,0.3052,0.4493,0.1785,NMC523,25,1,0.598,1
0.08034,0.08123,0.2456,0.281,2.195,0.2633,NMC811,25,1,0.0713,1
0.07826,0.07586,0.02121,0.03769,0.2854,0.03818,NMC811,25,1,0.04496,1
0.2096,0.096,0.31,0.2998,2.406,0.3422,NMC811,25,1,0.5588,1
0.08897,0.1068,0.1794,0.295,2.003,0.256,NMC811,25,1,0.06623,1
0.1829,0.07286,0.04368,0.3773,1.025,0.3911,NMC622,25,1,0.02743,1
0.05834,0.07758,0.1341,0.1592,1.289,0.1611,NMC811,25,1,1.257,1
0.07951,0.03489,0.1913,0.1818,1.599,0.2014,NMC811,25,1,0.2924,1
0.1613,0.04313,0.009109,0.5096,0.8198,0.3536,NMC523,25,1,0.08563,1
0.1535,0.09658,0.3753,0.6546,0.6349,0.5905,NMC111,25,1,0.08278,1
0.2051,0.1023,0.06209,0.6807,0.7632,0.7688,NMC111,25,1,0.02438,1
0.1534,0.0605,0.2525,0.7403,0.7178,0.7422,NMC111,25,1,0.5037,1
0.1611,0.08553,0.4236,0.3014,0.8288,0.5387,NMC532,25,1,0.4571,1
0.07489,0.02188,0.2074,0.3024,0.9965,0.333,NMC622,25,1,0.07032,1
0.144,0.0627,0.01026,0.5689,1.004,0.3732,NMC523,25,1,0.8165,1
0.1292,0.08043,0.007401,0.3271,0.874,0.5246,NMC532,25,1,0.02018,1
0.1814,0.08929,0.05354,0.9212,0.8967,0.8524,NMC111,25,1,0.02976,1
0.2046,0.09579,0.1964,0.1927,0.3378,0.1297,NMC523,25,1,0.2696,1
0.004021,0.01823,0.4554,0.397,0.9537,0.5138,NMC532,25,1,0.7902,1
0.208,0.02161,0.2563,0.2223,1.969,0.2488,NMC811,25,1,0.4728,1
0.2013,0.002771,0.3673,0.0157,0.01623,0.01773,NMC111,25,1,0.5361,1
0.006884,0.007824,0.1519,0.2338,0.2409,0.2733,NMC111,25,1,1.04,1
0.153,0.0986,0.03806,0.1661,1.227,0.166,NMC811,25,1,0.1832,1
0.04535,0.0316,0.2509,0.1407,0.3702,0.2229,NMC532,25,1,0.1374,1
0.221,0.0879,0.2614,0.03147,0.2703,0.03596,NMC811,25,1,0.1292,1
0.02342,0.08549,0.06057,0.1422,0.3596,0.2199,NMC532,25,1,0.03792,1
0.1291,0.01576,0.01696,0.09278,0.7489,0.1005,NMC811,25,1,0.02625,1
0.07742,0.05707,0.09499,0.4782,1.465,0.4632,NMC622,25,1,0.02029,1
0.2157,0.0782,0.1649,0.1605,0.4476,0.2539,NMC532,25,1,0.1599,1
0.08113,0.02427,0.4396,0.2811,0.2924,0.2846,NMC111,25,1,0.0257,1
0.1489,0.09011,0.1245,0.6815,1.112,0.4451,NMC523,25,1,0.9113,1
0.1357,0.06989,0.2157,0.2614,0.2684,0.2743,NMC111,25,1,0.04455,1
0.1496,0.0613,0.06929,0.2249,2,0.2382,NMC811,25,1,0.2277,1
0.1649,0.09023,0.2968,0.1887,0.6143,0.2058,NMC622,25,1,1.415,1
0.07327,0.1045,0.03005,0.09792,0.2899,0.08988,NMC622,25,1,0.02787,1
0.0618,0.08599,0.2962,0.2729,0.8363,0.2582,NMC622,25,1,0.244,1
0.2239,0.02793,0.08466,0.09321,0.2726,0.0982,NMC622,25,1,0.1178,1
0.006478,0.02792,0.1552,0.1391,1.093,0.1369,NMC811,25,1,0.667,1
0.07385,0.01582,0.1883,0.4578,0.4496,0.4399,NMC111,25,1,0.02241,1
0.1605,0.07251,0.06713,0.5529,1.679,0.5272,NMC622,25,1,1.408,1
0.0274,0.06632,0.2949,0.4922,0.4766,0.4761,NMC111,25,1,0.1094,1
0.02976,0.007197,0.2058,0.5627,1.278,0.905,NMC532,25,1,0.1058,1
0.2188,0.08559,0.01011,0.07798,0.1934,0.1094,NMC532,25,1,0.6418,1
0.04716,0.07204,0.1061,0.2092,0.6673,0.2177,NMC622,25,1,0.1232,1
0.1676,0.02048,0.3651,0.1806,0.3993,0.2427,NMC532,25,1,0.6392,1
0.03296,0.07292,0.4177,0.2442,0.4357,0.1596,NMC523,25,1,1.406,1
0.02434,0.08484,0.1188,0.6681,0.6679,0.6884,NMC111,25,1,0.1487,1
0.1233,0.1113,0.2907,0.5371,1.353,0.8223,NMC532,25,1,0.0235,1
0.07837,0.06372,0.07714,0.2292,1.949,0.2199,NMC811,25,1,0.2937,1
0.1255,0.02958,0.1036,0.7489,1.273,0.4953,NMC523,25,1,0.0777,1
0.183,0.0314,0.3622,0.6729,0.6749,0.6391,NMC111,25,1,0.09427,1
0.1111,0.05603,0.381,0.292,2.307,0.3082,NMC811,25,1,0.1421,1
0.06246,0.05216,0.2161,0.1946,1.457,0.2011,NMC811,25,1,0.3199,1
0.08035,0.1083,0.4337,0.5975,1.43,1.021,NMC532,25,1,0.6194,1
0.1899,0.03351,0.338,0.5417,0.5036,0.5263,NMC111,25,1,1.153,1
0.1302,0.07708,0.07228,0.1518,0.2563,0.1016,NMC523,25,1,0.06189,1
0.08729,0.05252,0.2256,0.3584,0.3725,0.3907,NMC111,25,1,0.09309,1
0.02215,0.08952,0.07905,0.643,1.048,0.4345,NMC523,25,1,0.5368,1
0.1815,0.01931,0.2277,0.173,1.254,0.1662,NMC811,25,1,0.1025,1
0.1917,0.001937,0.03064,0.4088,0.4414,0.4337,NMC111,25,1,0.5058,1
0.09059,0.05567,0.03889,0.03034,0.233,0.02878,NMC811,25,1,0.7968,1
0.03154,0.08215,0.2571,0.8192,0.7506,0.782,NMC111,25,1,1.079,1
0.1427,0.01492,0.3643,0.07366,0.1314,0.04551,NMC523,25,1,0.4493,1
0.2026,0.007458,0.3872,0.4245,1.027,0.6045,NMC532,25,1,0.02634,1
0.1763,0.05895,0.2098,0.4553,1.482,0.458,NMC622,25,1,0.03322,1
0.2043,0.05469,0.09502,0.2679,2.041,0.2621,NMC811,25,1,0.5584,1
0.1725,0.08235,0.2244,0.597,0.9636,0.4384,NMC523,25,1,0.1839,1
0.06272,0.04844,0.08039,0.1217,0.2876,0.1835,NMC532,25,1,0.5493,1
0.222,0.1003,0.09116,0.3605,0.9781,0.5834,NMC532,25,1,0.8625,1
0.09621,0.0194,0.3439,0.2206,1.857,0.2458,NMC811,25,1,0.06497,1
0.07963,0.003268,0.3601,0.2926,0.5495,0.2116,NMC523,25,1,1.003,1
0.01192,0.04381,0.01044,0.6351,0.9546,0.3617,NMC523,25,1,0.06394,1
0.2213,0.08282,0.1257,0.4785,1.508,0.4887,NMC622,25,1,0.5339,1
0.02503,0.03022,0.01918,0.2731,2.374,0.2984,NMC811,25,1,0.2583,1
0.1746,0.08433,0.1412,0.6116,1.479,0.8738,NMC532,25,1,0.7159,1
0.1622,0.002579,0.3163,0.6906,1.16,0.4015,NMC523,25,1,0.2091,1
0.2188,0.0827,0.3443,0.1785,1.444,0.1757,NMC811,25,1,0.6571,1
0.1071,0.004593,0.3456,0.6015,1.417,0.8956,NMC532,25,1,0.05343,1
0.1524,0.01161,0.008888,0.4653,1.332,0.4277,NMC622,25,1,0.5526,1
0.0729,0.04056,0.27,0.4943,0.9136,0.3419,NMC523,25,1,0.1473,1
0.1957,0.08553,0.151,0.08634,0.6556,0.09287,NMC811,25,1,0.0361,1
0.2104,0.08046,0.2511,0.3717,0.9179,0.5758,NMC532,25,1,0.4631,1
0.1206,0.07994,0.3109,0.09703,0.1417,0.05867,NMC523,25,1,0.0499,1
0.1084,0.1021,0.2569,0.4873,0.7936,0.3168,NMC523,25,1,0.1329,1
0.02166,0.08684,0.2093,0.2753,0.8284,0.2726,NMC622,25,1,0.2293,1
0.09864,0.01664,0.3446,0.257,2.043,0.2514,NMC811,25,1,0.0406,1
0.1813,0.05535,0.06648,0.7166,0.7016,0.7284,NMC111,25,1,0.3499,1
0.1098,0.05162,0.3477,0.5527,1.341,0.8561,NMC532,25,1,0.1891,1
0.1154,0.007636,0.2236,0.05748,0.5332,0.06715,NMC811,25,1,0.02217,1
0.05243,0.1075,0.2179,0.5264,1.017,0.3888,NMC523,25,1,0.1267,1
0.2214,0.06513,0.4135,0.1751,0.5116,0.173,NMC622,25,1,0.1146,1
0.07473,0.02765,0.1188,0.6725,1.263,0.4243,NMC523,25,1,0.2493,1
0.0837,0.03417,0.1295,0.1626,0.4537,0.1505,NMC622,25,1,0.06972,1
0.1829,0.06845,0.05149,0.07425,0.1744,0.1116,NMC532,25,1,0.3331,1
0.2149,0.05569,0.2214,0.08313,0.1258,0.05075,NMC523,25,1,0.5894,1
0.01673,0.04131,0.4142,0.1046,0.2509,0.1634,NMC532,25,1,0.06866,1
0.04888,0.006824,0.08423,0.4039,1.136,0.4439,NMC622,25,1,0.6097,1
0.006143,0.003732,0.04062,0.2746,0.478,0.1962,NMC523,25,1,0.09222,1
0.06471,0.07621,0.2808,0.2917,0.9427,0.2778,NMC622,25,1,0.1278,1
0.08381,0.003888,0.4477,0.6307,1.138,0.4635,NMC523,25,1,0.1151,1
0.03027,0.1106,0.4286,0.2922,2.177,0.3084,NMC811,25,1,0.09858,1
0.2173,0.08584,0.06629,0.1574,1.29,0.1478,NMC811,25,1,0.0238,1
0.05685,0.0126,0.3966,0.7608,1.163,0.4713,NMC523,25,1,0.05471,1
0.07518,0.104,0.00865,0.1791,0.4621,0.2872,NMC532,25,1,0.2026,1
0.1272,0.07313,0.05916,0.8705,1.481,0.6327,NMC523,25,1,0.3145,1
0.1628,0.06993,0.1104,0.3589,0.9513,0.327,NMC622,25,1,0.2841,1
0.1468,0.05594,0.2136,0.372,0.346,0.3758,NMC111,25,1,0.065,1
0.2171,0.1036,0.02227,0.8149,0.8403,0.7098,NMC111,25,1,0.1506,1
0.1857,0.09247,0.06754,0.5261,1.517,0.5114,NMC622,25,1,0.04032,1
0.1669,0.07277,0.2355,0.1976,0.2034,0.2152,NMC111,25,1,0.03266,1
0.06797,0.01197,0.1492,0.5875,1.859,0.633,NMC622,25,1,0.04415,1
0.2084,0.01799,0.4435,0.189,0.5339,0.1642,NMC622,25,1,0.415,1
0.05387,0.07915,0.06902,0.1305,0.3644,0.2011,NMC532,25,1,0.02674,1
0.1998,0.05372,0.2351,0.3079,2.342,0.3329,NMC811,25,1,0.111,1
0.009483,0.05346,0.1401,0.1309,0.4267,0.1346,NMC622,25,1,0.7439,1
0.07486,0.07769,0.3639,0.1972,0.1871,0.1809,NMC111,25,1,0.02492,1
0.1521,0.01834,0.2721,0.02013,0.05498,0.01883,NMC622,25,1,0.07192,1
0.09809,0.0674,0.4203,0.2853,0.749,0.4163,NMC532,25,1,0.0486,1
0.1675,0.0791,0.4309,0.6717,1.136,0.4584,NMC523,25,1,0.1273,1
0.06499,0.04753,0.0597,0.3188,0.538,0.2014,NMC523,25,1,0.3059,1
0.1564,0.05987,0.4522,0.06678,0.4952,0.06495,NMC811,25,1,0.5823,1
0.04805,0.08446,0.2437,0.09379,0.7044,0.08264,NMC811,25,1,0.06846,1
0.03785,0.02489,0.2592,0.2773,0.8319,0.2934,NMC622,25,1,0.1973,1
0.2207,0.06792,0.16,0.2845,0.8584,0.2946,NMC622,25,1,0.3834,1
0.1038,0.04949,0.4391,0.5728,0.607,0.5793,NMC111,25,1,0.1829,1
0.1606,0.003905,0.09853,0.2748,2.321,0.2762,NMC811,25,1,0.4513,1
0.05849,0.01894,0.3207,0.8191,1.24,0.5119,NMC523,25,1,0.06302,1
0.08403,0.01936,0.03403,0.79,1.41,0.5901,NMC523,25,1,0.1495,1
0.1113,0.02709,0.0878,0.129,0.4002,0.1326,NMC622,25,1,0.07328,1
0.0639,0.09056,0.1951,0.3359,0.5545,0.2237,NMC523,25,1,0.04515,1
0.1317,0.04271,0.1341,0.156,0.4211,0.2332,NMC532,25,1,0.8273,1
0.05969,0.06677,0.4085,0.09848,0.2497,0.1421,NMC532,25,1,0.6449,1
0.2044,0.04117,0.3214,0.173,0.4059,0.214,NMC532,25,1,0.05806,1
0.1376,0.1049,0.2953,0.1531,0.3898,0.2163,NMC532,25,1,0.05234,1
0.2162,0.03202,0.1109,0.2004,1.668,0.2068,NMC811,25,1,0.03466,1
0.08087,0.08404,0.3259,0.07223,0.117,0.04756,NMC523,25,1,0.05243,1
0.1586,0.09658,0.3857,0.3009,2.332,0.282,NMC811,25,1,0.4545,1
0.1743,0.1022,0.06672,0.5058,0.4747,0.4482,NMC111,25,1,0.4244,1
0.04809,0.09528,0.1691,0.1828,1.633,0.1799,NMC811,25,1,0.1781,1
0.1228,0.09597,0.217,0.5917,1.878,0.5508,NMC622,25,1,0.2334,1
0.05391,0.02144,0.07214,0.4007,0.9297,0.537,NMC532,25,1,0.4435,1
0.07711,0.04058,0.2523,0.61,1.047,0.4228,NMC523,25,1,0.02457,1
0.111,0.03361,0.18,0.2887,2.408,0.3111,NMC811,25,1,0.0662,1
0.1026,0.02115,0.3554,0.232,0.5599,0.3342,NMC532,25,1,0.07305,1
0.02971,0.06873,0.1591,0.2509,0.6232,0.3104,NMC532,25,1,0.08061,1
0.1572,0.05695,0.03118,0.4077,0.7075,0.3129,NMC523,25,1,0.04069,1
0.02091,0.05305,0.02952,0.1119,0.2696,0.1723,NMC532,25,1,0.1768,1
0.02449,0.09894,0.2374,0.04067,0.07298,0.02903,NMC523,25,1,0.03174,1
0.1506,0.02051,0.2955,0.377,1.12,0.374,NMC622,25,1,0.2356,1
0.03743,0.06529,0.02715,0.1618,0.4989,0.156,NMC622,25,1,0.5513,1
0.01717,0.1061,0.3553,0.8407,0.7956,0.7789,NMC111,25,1,1.004,1
0.08876,0.05737,0.2041,0.053,0.4026,0.04844,NMC811,25,1,0.09496,1
0.04389,0.05879,0.2968,0.09924,0.7756,0.09988,NMC811,25,1,0.07507,1
0.1565,0.04733,0.2318,0.02484,0.07562,0.022,NMC622,25,1,0.09407,1
0.158,0.07427,0.1059,0.1828,1.607,0.1907,NMC811,25,1,0.1322,1
0.1989,0.1067,0.1623,0.145,1.264,0.1466,NMC811,25,1,1.118,1
0.2092,0.09414,0.3181,0.3503,0.5823,0.2492,NMC523,25,1,0.7994,1
0.2061,0.02522,0.07452,0.1271,0.9782,0.12,NMC811,25,1,0.3273,1
0.1042,0.1106,0.374,0.1461,1.206,0.1625,NMC811,25,1,0.04821,1
0.2197,0.07518,0.4299,0.07191,0.1886,0.1113,NMC532,25,1,0.3707,1
0.08535,0.05987,0.2144,0.6996,1.239,0.456,NMC523,25,1,1.16,1
0.1567,0.05154,0.4442,0.2934,0.6865,0.445,NMC532,25,1,0.3413,1
0.01591,0.01125,0.142,0.1441,0.1624,0.1571,NMC111,25,1,0.4965,1
0.01755,0.1004,0.4537,0.4311,1.125,0.6789,NMC532,25,1,0.06782,1
0.07566,0.02182,0.1186,0.1524,1.474,0.1686,NMC811,25,1,0.06021,1
0.05048,0.0425,0.2107,0.1284,0.9848,0.1244,NMC811,25,1,0.256,1
0.1106,0.1111,0.2833,0.2005,0.5447,0.3017,NMC532,25,1,0.02181,1
0.03117,0.01164,0.124,0.639,0.6149,0.676,NMC111,25,1,0.03153,1
0.07266,0.08681,0.2544,0.2779,2.21,0.2968,NMC811,25,1,1.237,1
0.2142,0.0196,0.01517,0.4744,0.7727,0.3061,NMC523,25,1,0.04235,1
0.004669,0.1047,0.1548,0.6544,1.176,0.456,NMC523,25,1,0.04269,1
0.2194,0.06078,0.3922,0.1566,0.5327,0.1652,NMC622,25,1,0.2148,1
0.03747,0.05606,0.1814,0.2625,0.3769,0.1584,NMC523,25,1,0.1092,1
0.136,0.1057,0.2207,0.3877,1.28,0.4466,NMC622,25,1,0.2436,1
0.06793,0.02515,0.3127,0.5788,0.9452,0.3845,NMC523,25,1,0.6176,1
0.1996,0.01438,0.0276,0.276,2.278,0.2784,NMC811,25,1,0.2344,1
0.0665,0.09633,0.1387,0.6365,1.145,0.4378,NMC523,25,1,0.06858,1
0.2275,0.03205,0.2489,0.3634,0.7154,0.2642,NMC523,25,1,0.113,1
0.1955,0.08449,0.3569,0.8776,1.286,0.5311,NMC523,25,1,0.1881,1
0.06346,0.05877,0.05897,0.6082,1.498,0.8816,NMC532,25,1,0.3702,1
0.1568,0.04882,0.0255,0.6341,0.6234,0.6553,NMC111,25,1,0.3971,1
0.1487,0.01171,0.2929,0.296,0.3109,0.3296,NMC111,25,1,0.1535,1
0.1454,0.0516,0.3235,0.7182,1.383,0.5345,NMC523,25,1,0.03175,1
0.1324,0.0259,0.1504,0.09742,0.2584,0.09571,NMC622,25,1,0.2647,1
0.1543,0.1038,0.4002,0.2537,0.5698,0.3714,NMC532,25,1,1.134,1
0.08921,0.03613,0.02987,0.04574,0.07258,0.03011,NMC523,25,1,0.9125,1
0.02199,0.05043,0.2661,0.4826,0.8454,0.3317,NMC523,25,1,0.3476,1
0.04249,0.05151,0.02159,0.3575,0.5748,0.2326,NMC523,25,1,0.02938,1
0.1419,0.0845,0.1669,0.5352,0.5383,0.5421,NMC111,25,1,0.3998,1
0.01443,0.06721,0.1523,0.8398,1.408,0.5343,NMC523,25,1,0.03015,1
0.09518,0.05896,0.3698,0.5957,1.763,0.5988,NMC622,25,1,0.6414,1
0.1751,0.04706,0.4236,0.5467,0.5706,0.6568,NMC111,25,1,0.3171,1
0.1087,0.09144,0.2526,0.12,0.2124,0.07664,NMC523,25,1,0.3799,1
0.2112,0.04364,0.09981,0.01659,0.1349,0.01604,NMC811,25,1,0.02034,1
0.07362,0.01799,0.241,0.5517,0.5949,0.6048,NMC111,25,1,0.0439,1
0.1598,0.07039,0.4556,0.3938,0.9106,0.5641,NMC532,25,1,0.1285,1
0.1531,0.03529,0.09539,0.1767,0.4536,0.2532,NMC532,25,1,0.07534,1
0.04652,0.07523,0.4318,0.08781,0.2632,0.0928,NMC622,25,1,0.308,1
0.1923,0.0267,0.07741,0.5331,1.416,0.5054,NMC622,25,1,0.5097,1
0.171,0.01482,0.04229,0.5314,1.593,0.4997,NMC622,25,1,0.3519,1
0.1755,0.09421,0.2361,0.2004,0.6778,0.192,NMC622,25,1,0.2719,1
0.03341,0.08731,0.07265,0.3131,0.9277,0.3286,NMC622,25,1,1.116,1
0.02931,0.03962,0.4416,0.1933,0.6058,0.2009,NMC622,25,1,0.04576,1
0.02247,0.0271,0.04507,0.5584,1.615,0.7995,NMC532,25,1,0.2259,1
0.1436,0.07341,0.3247,0.4979,0.5109,0.5105,NMC111,25,1,0.03668,1
0.09041,0.03281,0.09505,0.2081,0.3441,0.1298,NMC523,25,1,0.943,1
0.2195,0.05634,0.3806,0.5507,0.9468,0.3451,NMC523,25,1,0.02676,1
0.2122,0.05734,0.1335,0.1187,0.188,0.07609,NMC523,25,1,0.05794,1
0.1779,0.03935,0.3236,0.332,0.5159,0.2144,NMC523,25,1,0.02139,1
0.08441,0.04503,0.08008,0.1937,1.479,0.211,NMC811,25,1,0.02301,1
0.1994,0.009074,0.4084,0.2323,0.5954,0.3607,NMC532,25,1,0.2548,1
0.04187,0.07,0.3211,0.6829,0.7439,0.6974,NMC111,25,1,0.5743,1
0.2043,0.02809,0.4053,0.6089,1.496,0.8914,NMC532,25,1,0.8586,1
0.122,0.1056,0.3253,0.02384,0.02519,0.02598,NMC111,25,1,1.374,1
0.09496,0.09349,0.1421,1.067,1.007,0.9483,NMC111,25,1,1.101,1
0.1353,0.02312,0.05552,0.2359,1.838,0.2313,NMC811,25,1,0.5792,1
0.1386,0.03521,0.0664,0.4592,0.7588,0.3127,NMC523,25,1,0.6135,1
0.1381,0.03836,0.3479,0.1735,0.4605,0.1519,NMC622,25,1,0.783,1
0.01387,0.08563,0.1173,0.1663,0.2579,0.1176,NMC523,25,1,0.02436,1
0.1323,0.0744,0.132,0.6292,1.546,0.8939,NMC532,25,1,0.09553,1
0.1569,0.01403,0.02484,0.4062,1.108,0.3773,NMC622,25,1,0.05685,1
0.013,0.1058,0.1623,0.02774,0.0312,0.03035,NMC111,25,1,0.02344,1
0.1681,0.03445,0.4295,0.6866,1.148,0.4461,NMC523,25,1,0.1295,1
0.09771,0.07764,0.2675,0.1938,0.3842,0.143,NMC523,25,1,0.3046,1
0.07204,0.06438,0.2434,0.5248,0.5409,0.5079,NMC111,25,1,0.1747,1
0.01784,0.05254,0.2089,0.06847,0.06735,0.06593,NMC111,25,1,0.05178,1
0.09294,0.07452,0.4561,0.1645,0.3433,0.2287,NMC532,25,1,0.02372,1
0.1475,0.09694,0.04261,0.5009,0.9626,0.3424,NMC523,25,1,0.2988,1
0.1213,0.02547,0.3994,0.2804,0.742,0.2865,NMC622,25,1,1.481,1
0.1135,0.08661,0.2191,0.9651,1.005,1.003,NMC111,25,1,0.9345,1
0.1648,0.02059,0.3259,0.2818,0.7313,0.4392,NMC532,25,1,1.13,1
0.1514,0.04902,0.1603,0.1734,0.4748,0.1565,NMC622,25,1,0.04537,1
0.07348,0.0869,0.3152,0.4074,1.233,0.4042,NMC622,25,1,0.1753,1
0.01265,0.009884,0.1829,0.1238,0.2916,0.1729,NMC532,25,1,0.3382,1
0.004664,0.09782,0.05789,0.08399,0.1405,0.05111,NMC523,25,1,0.07555,1
0.1226,0.09965,0.01788,0.4375,1.234,0.399,NMC622,25,1,0.02515,1
0.1441,0.06523,0.2193,0.5343,1.751,0.5465,NMC622,25,1,1.413,1
0.03446,0.02789,0.2154,0.1691,0.2807,0.1091,NMC523,25,1,0.1755,1
0.05556,0.02642,0.2969,0.4121,0.6791,0.2636,NMC523,25,1,0.06398,1
0.008857,0.02146,0.2021,0.2647,0.2599,0.2784,NMC111,25,1,0.03051,1
0.1335,0.07159,0.3281,0.3031,2.464,0.2823,NMC811,25,1,0.1185,1
0.2176,0.04774,0.3686,0.5768,1.339,0.8217,NMC532,25,1,0.1674,1
0.1306,0.06324,0.2119,0.2591,0.4367,0.1879,NMC523,25,1,0.1064,1
0.08754,0.05649,0.0226,0.0698,0.1124,0.04548,NMC523,25,1,0.2299,1
0.1852,0.07078,0.2015,0.216,0.6904,0.2038,NMC622,25,1,1.099,1
0.1824,0.05664,0.05287,0.8422,0.7089,0.7336,NMC111,25,1,0.06924,1
0.08567,0.01065,0.207,0.02448,0.02481,0.0246,NMC111,25,1,1.273,1
0.09011,0.08659,0.3735,0.375,0.3506,0.3511,NMC111,25,1,0.3311,1
0.05065,0.06977,0.3028,0.005475,0.04857,0.006198,NMC811,25,1,0.06166,1
0.1837,0.0185,0.339,0.1026,0.7556,0.09878,NMC811,25,1,0.02434,1
0.2099,0.0702,0.06763,0.1277,0.399,0.135,NMC622,25,1,1.198,1
0.1567,0.03598,0.181,0.1516,1.164,0.1522,NMC811,25,1,0.9195,1
0.125,0.1034,0.1456,0.1494,0.484,0.164,NMC622,25,1,0.03393,1
0.1527,0.04681,0.1772,0.4342,0.7112,0.2948,NMC523,25,1,0.1561,1
0.1882,0.02281,0.4127,0.09853,0.8016,0.1059,NMC811,25,1,0.02399,1
0.1355,0.003346,0.3116,0.7957,1.152,0.5651,NMC523,25,1,0.03033,1
0.1318,0.01547,0.08128,0.01988,0.05455,0.01758,NMC622,25,1,0.442,1
0.05073,0.09148,0.1573,0.8534,0.7728,0.8641,NMC111,25,1,0.09288,1
0.09385,0.02848,0.3384,0.2798,0.8478,0.2544,NMC622,25,1,0.0215,1
0.09336,0.1108,0.1469,0.102,0.3147,0.1178,NMC622,25,1,0.0424,1
0.1025,0.03081,0.2862,0.2987,0.3241,0.3095,NMC111,25,1,0.1563,1
0.1763,0.02683,0.1273,0.9995,1.427,0.5607,NMC523,25,1,0.4973,1
0.155,0.04283,0.4491,0.1147,0.3351,0.1146,NMC622,25,1,0.9837,1
0.1295,0.09048,0.245,0.5292,1.802,0.6211,NMC622,25,1,0.08617,1
0.1324,0.02325,0.1482,0.1331,0.4058,0.116,NMC622,25,1,0.06652,1
0.1428,0.07381,0.3147,0.0775,0.1739,0.1089,NMC532,25,1,0.07974,1
0.1386,0.09482,0.2211,0.2314,0.6185,0.3491,NMC532,25,1,0.7541,1
0.1502,0.09818,0.3499,0.1999,1.59,0.1992,NMC811,25,1,0.02192,1
0.1138,0.05835,0.09739,0.03954,0.1024,0.05946,NMC532,25,1,0.3771,1
0.05618,0.03785,0.276,0.1997,0.572,0.1959,NMC622,25,1,0.02958,1
0.05063,0.09406,0.4238,0.1527,1.164,0.153,NMC811,25,1,0.5643,1
0.1287,0.04088,0.4478,0.0787,0.07629,0.07865,NMC111,25,1,0.09892,1
0.07974,0.07274,0.3543,0.1517,1.214,0.1566,NMC811,25,1,0.8479,1
0.1653,0.09668,0.03509,0.6159,1.109,0.4128,NMC523,25,1,0.04523,1
0.0148,0.07313,0.197,0.1853,0.5953,0.1924,NMC622,25,1,0.06947,1
0.05839,0.003874,0.1134,0.108,0.1677,0.06807,NMC523,25,1,1.104,1
0.08562,0.02794,0.1133,0.1035,0.8075,0.106,NMC811,25,1,1.451,1
0.1271,0.05519,0.4191,0.8865,0.8472,0.9071,NMC111,25,1,0.8754,1
0.2263,0.02122,0.3722,0.4172,0.7076,0.2851,NMC523,25,1,1.141,1
0.1455,0.04802,0.2795,0.6977,0.6709,0.6848,NMC111,25,1,0.0707,1
0.02465,0.1109,0.3507,0.5781,1.686,0.6184,NMC622,25,1,0.609,1
0.07352,0.0448,0.2836,0.4807,1.561,0.5358,NMC622,25,1,0.3236,1
0.1036,0.1065,0.364,0.1922,1.49,0.182,NMC811,25,1,0.6964,1
0.1765,0.01195,0.1001,0.2693,0.7648,0.4104,NMC532,25,1,0.4303,1
0.0661,0.008621,0.2137,0.2252,0.2456,0.2166,NMC111,25,1,0.3732,1
0.0403,0.07692,0.08785,0.1831,0.6028,0.1992,NMC622,25,1,0.02129,1
0.07486,0.05454,0.1157,0.4091,1.278,0.4052,NMC622,25,1,0.6115,1
0.1468,0.02806,0.327,0.156,0.16,0.1411,NMC111,25,1,0.8687,1
0.05141,0.04668,0.2427,0.1492,0.3355,0.2291,NMC532,25,1,0.614,1
0.1833,0.006705,0.05674,0.5748,1.826,0.6104,NMC622,25,1,0.2343,1
0.02917,0.006155,0.1456,0.4406,1.248,0.4258,NMC622,25,1,0.327,1
0.1236,0.05998,0.3844,0.1057,0.1053,0.1054,NMC111,25,1,0.3319,1
0.07446,0.1045,0.3209,0.1768,1.356,0.1674,NMC811,25,1,0.1732,1
0.1431,0.008042,0.2613,0.4632,0.8636,0.2913,NMC523,25,1,0.2418,1
0.02399,0.1099,0.1524,0.0575,0.4416,0.05373,NMC811,25,1,0.7471,1
0.1819,0.01731,0.2474,0.2826,2.279,0.2633,NMC811,25,1,0.06672,1
0.05392,0.08398,0.2479,0.2538,0.7726,0.2683,NMC622,25,1,0.1714,1
0.06441,0.05261,0.06917,0.2857,0.6922,0.4251,NMC532,25,1,0.2983,1
0.09309,0.1044,0.1863,0.01469,0.1219,0.01576,NMC811,25,1,0.06356,1
0.1824,0.1075,0.1233,0.3542,0.844,0.5314,NMC532,25,1,0.7671,1
0.07807,0.04747,0.3437,0.2334,0.5538,0.3534,NMC532,25,1,0.4092,1
0.05235,0.09051,0.02376,0.3679,0.6154,0.298,NMC523,25,1,0.4229,1
0.2045,0.05115,0.1444,0.09557,0.09664,0.09022,NMC111,25,1,0.09915,1
0.1197,0.07174,0.1384,0.1421,0.3599,0.2087,NMC532,25,1,0.9955,1
0.1218,0.02763,0.4568,0.0983,0.8012,0.09551,NMC811,25,1,1.377,1
0.04878,0.0284,0.1667,0.3676,0.6264,0.2434,NMC523,25,1,0.7604,1
0.01316,0.004715,0.1103,0.352,0.8211,0.5238,NMC532,25,1,0.02975,1
0.1398,0.07843,0.3021,0.02754,0.04708,0.01788,NMC523,25,1,0.05142,1
0.1601,0.03104,0.232,0.03724,0.08811,0.04722,NMC532,25,1,0.7798,1
0.2174,0.01621,0.1241,0.587,1.358,0.8148,NMC532,25,1,0.0336,1
0.06456,0.08313,0.453,0.2538,0.2574,0.265,NMC111,25,1,0.383,1
0.07042,0.03158,0.2394,0.08558,0.1377,0.05867,NMC523,25,1,0.02168,1
0.1895,0.07533,0.3237,0.2992,0.4827,0.1859,NMC523,25,1,0.101,1
0.2034,0.005075,0.1573,0.1206,1.04,0.1138,NMC811,25,1,0.1052,1
0.1633,0.007112,0.05132,0.2371,1.802,0.2393,NMC811,25,1,0.556,1
0.2092,0.06574,0.1448,0.383,0.9793,0.5713,NMC532,25,1,0.07995,1
0.05348,0.06887,0.2035,0.07439,0.2211,0.07421,NMC622,25,1,1.351,1
0.2185,0.09767,0.357,0.52,1.347,0.7602,NMC532,25,1,0.2825,1
0.08856,0.01206,0.0227,0.1319,1.055,0.1315,NMC811,25,1,0.6015,1
0.1708,0.05231,0.04218,0.2469,1.983,0.2608,NMC811,25,1,0.05859,1
0.01771,0.02532,0.1667,0.04608,0.1043,0.06442,NMC532,25,1,0.02251,1
0.1895,0.03145,0.06172,0.3634,1.067,0.3837,NMC622,25,1,1.002,1
0.006223,0.01662,0.2689,0.123,1.057,0.1295,NMC811,25,1,0.9097,1
0.08017,0.07566,0.3984,0.8555,1.42,0.5775,NMC523,25,1,1.175,1
0.1522,0.04488,0.3629,0.323,0.9765,0.3261,NMC622,25,1,0.5934,1
0.1463,0.01125,0.4217,0.5833,0.8791,0.4262,NMC523,25,1,0.6409,1
0.1287,0.09251,0.4092,0.3068,0.8144,0.4388,NMC532,25,1,0.6825,1
0.1143,0.08987,0.1894,0.3088,0.7417,0.4292,NMC532,25,1,0.04167,1
0.2079,0.04101,0.2502,0.5786,0.8183,0.3537,NMC523,25,1,0.05438,1
0.145,0.006294,0.1359,0.2199,0.6711,0.2349,NMC622,25,1,0.13,1
0.03011,0.04738,0.1477,0.3244,0.804,0.5046,NMC532,25,1,0.1273,1
0.1067,0.09096,0.08487,0.8448,1.372,0.4838,NMC523,25,1,0.07208,1
0.17,0.04578,0.01159,0.3834,1.065,0.5591,NMC532,25,1,0.4376,1
0.04961,0.1039,0.2869,0.4171,0.4012,0.4359,NMC111,25,1,0.04618,1
0.1816,0.004748,0.09923,0.5189,0.8357,0.3481,NMC523,25,1,0.2064,1
0.2119,0.01225,0.2729,0.4129,1.308,0.4297,NMC622,25,1,0.1751,1
0.1372,0.1026,0.4259,0.05223,0.4095,0.04971,NMC811,25,1,0.04643,1
0.1543,0.09537,0.3556,0.4128,1.042,0.6187,NMC532,25,1,0.6518,1
0.0727,0.02721,0.4427,0.3214,0.7943,0.4348,NMC532,25,1,0.3992,1
0.05808,0.07838,0.3825,0.2171,1.381,0.1895,NMC811,25,1,0.1163,1
0.1648,0.06845,0.3276,0.7091,1.222,0.4878,NMC523,25,1,0.4967,1
0.187,0.0511,0.07569,0.02284,0.06196,0.0372,NMC532,25,1,0.4697,1
0.1722,0.05573,0.4453,0.4882,1.322,0.5408,NMC622,25,1,0.9447,1
0.2036,0.1021,0.4336,0.3078,2.223,0.2821,NMC811,25,1,0.02263,1
0.1682,0.04626,0.3779,0.04377,0.1065,0.07378,NMC532,25,1,0.7886,1
0.1291,0.09444,0.1526,0.7703,1.182,0.5286,NMC523,25,1,0.0674,1
0.1125,0.09056,0.2666,0.4974,1.248,0.6656,NMC532,25,1,0.2638,1
0.05122,0.07192,0.1961,0.09752,0.7554,0.09546,NMC811,25,1,0.2587,1
0.1478,0.01129,0.1688,0.2095,0.3284,0.1393,NMC523,25,1,0.4249,1
0.08646,0.0559,0.309,0.5247,1.166,0.7463,NMC532,25,1,0.0838,1
0.1813,0.0892,0.3383,0.5578,0.5763,0.559,NMC111,25,1,0.9161,1
0.0565,0.008229,0.3221,0.384,0.6772,0.2326,NMC523,25,1,0.07116,1
0.2178,0.0169,0.2678,0.1872,0.3027,0.1154,NMC523,25,1,0.6911,1
0.01452,0.09832,0.3065,0.2463,0.628,0.4562,NMC532,25,1,0.8676,1
0.1657,0.02819,0.2645,0.2848,0.744,0.4506,NMC532,25,1,0.02274,1
0.1823,0.07114,0.4325,0.3771,0.9098,0.5203,NMC532,25,1,0.1837,1
0.1546,0.03351,0.2322,0.2396,0.6791,0.2532,NMC622,25,1,0.8769,1
0.1317,0.03164,0.4402,0.2835,0.29,0.2712,NMC111,25,1,0.518,1
0.1866,0.07987,0.04316,0.4714,0.7108,0.2805,NMC523,25,1,0.02121,1
0.03465,0.09237,0.103,0.8426,1.406,0.6051,NMC523,25,1,0.02774,1
0.1728,0.006928,0.3301,0.7284,0.7142,0.7254,NMC111,25,1,0.2015,1
0.144,0.09222,0.3257,0.3292,0.9325,0.3294,NMC622,25,1,0.06087,1
0.01952,0.01931,0.435,0.1977,0.6513,0.2033,NMC622,25,1,0.7737,1
0.07918,0.02379,0.1461,0.8455,0.8942,0.9524,NMC111,25,1,0.1101,1
0.1546,0.07051,0.2169,0.8592,1.586,0.5683,NMC523,25,1,0.1137,1
0.04235,0.08865,0.4236,0.9473,1.021,0.9151,NMC111,25,1,0.7955,1
0.128,0.0601,0.1223,0.3858,0.3966,0.357,NMC111,25,1,0.348,1
0.1075,0.01658,0.4104,0.7177,0.7227,0.694,NMC111,25,1,0.02037,1
0.1049,0.06993,0.1791,0.5005,1.53,0.4867,NMC622,25,1,1.307,1
0.1445,0.1017,0.3153,0.696,0.6452,0.7168,NMC111,25,1,0.03398,1
0.01772,0.03523,0.3708,0.5481,0.9779,0.3638,NMC523,25,1,0.8838,1
0.0715,0.06469,0.1104,0.5258,1.605,0.5567,NMC622,25,1,0.251,1
0.08078,0.02516,0.1182,0.7867,1.361,0.5074,NMC523,25,1,0.2689,1
0.01099,0.007748,0.415,0.252,0.7431,0.2475,NMC622,25,1,0.03556,1
0.2103,0.1061,0.1728,0.1063,0.3171,0.1044,NMC622,25,1,0.2814,1
0.1167,0.09913,0.3981,0.0494,0.06867,0.02949,NMC523,25,1,0.1472,1
0.1286,0.09899,0.3641,0.5578,1.29,0.7789,NMC532,25,1,1.482,1
0.1941,0.014,0.05406,0.03531,0.3098,0.03428,NMC811,25,1,0.03585,1
0.1531,0.04323,0.09089,0.1568,1.317,0.1543,NMC811,25,1,1.311,1
0.1982,0.05865,0.04274,0.1162,0.966,0.1169,NMC811,25,1,0.04028,1
0.2106,0.05069,0.09666,0.6624,1.03,0.4549,NMC523,25,1,0.08691,1
0.134,0.09149,0.3869,1.032,0.9661,1.021,NMC111,25,1,0.04568,1
0.00549,0.07559,0.1976,0.5293,1.458,0.5136,NMC622,25,1,0.7281,1
0.1596,0.03473,0.1504,0.1736,1.654,0.2062,NMC811,25,1,0.1139,1
0.1745,0.006891,0.3452,0.679,1.189,0.4436,NMC523,25,1,0.05962,1
0.04147,0.05336,0.1248,0.1278,0.4136,0.1251,NMC622,25,1,0.297,1
0.03155,0.05446,0.04172,0.1771,1.567,0.1911,NMC811,25,1,0.02591,1
0.08092,0.1102,0.1948,0.2925,2.053,0.2861,NMC811,25,1,0.3338,1
0.2243,0.0774,0.06453,0.6154,1.491,0.9042,NMC532,25,1,0.1647,1
0.06665,0.088,0.1852,0.6099,1.518,0.848,NMC532,25,1,0.08923,1
0.1766,0.1014,0.3559,0.9704,1.463,0.631,NMC523,25,1,0.1738,1
0.1409,0.005398,0.3972,0.3822,0.6496,0.2539,NMC523,25,1,0.2885,1
0.1254,0.01928,0.09504,0.1443,0.4422,0.1347,NMC622,25,1,0.2943,1
0.009185,0.0869,0.0474,0.02145,0.1856,0.02133,NMC811,25,1,0.1974,1
0.1968,0.02571,0.1554,0.2526,1.835,0.2445,NMC811,25,1,0.1479,1
0.2026,0.05546,0.03951,0.01387,0.1161,0.01358,NMC811,25,1,0.0673,1
0.1956,0.04251,0.1385,0.5957,1.509,0.5309,NMC622,25,1,0.6672,1
0.05421,0.0395,0.2438,0.9703,1.028,1.044,NMC111,25,1,0.05568,1
0.08058,0.005615,0.1489,0.5779,1.456,0.9435,NMC532,25,1,0.2002,1
0.2005,0.01844,0.08802,0.6282,1.416,0.872,NMC532,25,1,1.133,1
0.1702,0.05931,0.2077,0.06862,0.5751,0.06791,NMC811,25,1,0.4727,1
0.1126,0.03121,0.4394,0.06706,0.576,0.06741,NMC811,25,1,0.2242,1
0.1614,0.01199,0.135,0.03133,0.2862,0.03729,NMC811,25,1,0.05734,1
0.1987,0.07847,0.1626,0.9578,1,0.9542,NMC111,25,1,0.06649,1
0.1932,0.008229,0.007284,0.3093,0.9329,0.2908,NMC622,25,1,0.1069,1
0.1999,0.08434,0.04724,0.29,0.4783,0.1803,NMC523,25,1,0.05321,1
0.1516,0.08586,0.1796,0.0551,0.09283,0.03665,NMC523,25,1,1.32,1
0.09725,0.08897,0.01369,0.2182,0.2194,0.2206,NMC111,25,1,1.439,1
0.2265,0.1016,0.2416,0.7758,1.303,0.5696,NMC523,25,1,0.2437,1
0.2093,0.01932,0.2105,0.08218,0.1308,0.06008,NMC523,25,1,0.05449,1
0.1457,0.001876,0.07373,0.3268,2.438,0.3125,NMC811,25,1,0.07744,1
0.05214,0.02837,0.2717,0.2794,0.3061,0.3,NMC111,25,1,0.09216,1
0.149,0.06672,0.3322,0.7182,0.7298,0.7509,NMC111,25,1,0.02297,1
0.1889,0.08303,0.3726,0.1094,0.1971,0.07553,NMC523,25,1,0.02289,1
0.1038,0.01866,0.3297,0.7931,0.7057,0.7197,NMC111,25,1,0.0258,1
0.01775,0.04742,0.16,0.1111,0.7919,0.1027,NMC811,25,1,0.3299,1
0.1223,0.0536,0.3298,0.1802,0.5883,0.1944,NMC622,25,1,0.6375,1
0.1707,0.07822,0.4569,0.1625,1.448,0.1727,NMC811,25,1,0.7383,1
0.1434,0.09426,0.4134,0.5982,1.367,0.9077,NMC532,25,1,0.2587,1
0.01627,0.08473,0.3444,0.4602,1.28,0.8404,NMC532,25,1,0.347,1
0.003972,0.07985,0.1351,0.05066,0.1555,0.04764,NMC622,25,1,0.1469,1
0.06529,0.09863,0.2245,0.2043,0.5009,0.3248,NMC532,25,1,1.493,1
0.0414,0.07099,0.1504,0.1206,0.9467,0.115,NMC811,25,1,0.05474,1
0.1582,0.03315,0.1904,0.7792,1.354,0.5362,NMC523,25,1,0.2246,1
0.06469,0.09153,0.07983,0.06762,0.541,0.06632,NMC811,25,1,0.1914,1
0.2034,0.08511,0.1902,0.5995,1.029,0.4128,NMC523,25,1,0.3827,1
0.08762,0.1018,0.09754,0.8568,1.345,0.5539,NMC523,25,1,0.03784,1
0.0655,0.02832,0.176,0.7249,0.773,0.7962,NMC111,25,1,0.2131,1
0.1485,0.1043,0.08262,0.3078,2.412,0.328,NMC811,25,1,0.07865,1
0.1315,0.05509,0.1421,0.3434,1.205,0.4142,NMC622,25,1,0.04973,1
0.08085,0.02295,0.08461,0.3084,2.412,0.3386,NMC811,25,1,0.853,1
0.1233,0.008717,0.1592,0.8622,1.374,0.5548,NMC523,25,1,0.8123,1
0.206,0.07241,0.164,0.609,0.5529,0.581,NMC111,25,1,0.07167,1
0.1865,0.0664,0.08419,0.01241,0.03421,0.02088,NMC532,25,1,0.1453,1
0.08213,0.07062,0.2868,0.06765,0.166,0.1036,NMC532,25,1,0.02843,1
0.1453,0.04377,0.288,1.033,1.04,0.9726,NMC111,25,1,0.0625,1
0.128,0.01386,0.1282,0.2354,0.2307,0.2268,NMC111,25,1,0.04901,1
0.1886,0.02959,0.4163,0.2789,2.283,0.29,NMC811,25,1,0.03516,1
0.1243,0.01325,0.3674,0.9241,0.8297,0.8534,NMC111,25,1,0.03586,1
0.2054,0.07737,0.3587,0.48,1.139,0.6763,NMC532,25,1,0.6113,1
0.03962,0.05702,0.2936,0.01527,0.04246,0.01388,NMC622,25,1,0.1954,1
0.1984,0.03742,0.229,0.8729,1.356,0.5588,NMC523,25,1,0.2361,1
0.1829,0.03498,0.2328,0.1187,0.9477,0.1443,NMC811,25,1,1.358,1
0.1554,0.08089,0.2234,0.3834,1.103,0.4407,NMC622,25,1,0.08595,1
0.1884,0.02566,0.2106,0.8004,0.7631,0.7201,NMC111,25,1,0.02242,1
0.188,0.01713,0.2464,0.5555,0.5638,0.5607,NMC111,25,1,0.02728,1
0.1742,0.02963,0.3361,0.2801,0.2982,0.2852,NMC111,25,1,0.4011,1
0.03461,0.08816,0.2512,0.1685,1.317,0.1678,NMC811,25,1,0.1257,1
0.2045,0.08097,0.2036,0.1684,1.339,0.1697,NMC811,25,1,0.8044,1
0.1025,0.08669,0.3617,0.3726,0.4225,0.364,NMC111,25,1,0.04379,1
0.1027,0.06147,0.2958,0.3953,0.4181,0.4607,NMC111,25,1,0.2457,1
0.1912,0.0949,0.3874,0.7644,0.7758,0.7657,NMC111,25,1,0.1581,1
0.1503,0.007996,0.2058,0.5828,0.9508,0.3724,NMC523,25,1,0.1289,1
0.1013,0.04257,0.01052,0.7737,0.8434,0.7501,NMC111,25,1,0.1274,1
0.2092,0.08848,0.3963,0.2436,0.5495,0.3023,NMC532,25,1,0.07128,1
0.2064,0.08667,0.1406,0.7668,0.6646,0.7285,NMC111,25,1,0.07197,1
0.1748,0.05238,0.1419,0.3628,0.8231,0.5429,NMC532,25,1,0.3234,1
0.09156,0.03505,0.04981,0.3171,2.274,0.3356,NMC811,25,1,0.06414,1
0.2167,0.06608,0.2862,0.8297,1.392,0.5604,NMC523,25,1,0.2114,1
0.04451,0.06516,0.4213,0.1372,1.07,0.1452,NMC811,25,1,0.4614,1
0.1775,0.1008,0.2381,0.5496,1.617,0.5611,NMC622,25,1,0.1134,1
0.1913,0.00281,0.2107,0.397,0.9513,0.526,NMC532,25,1,1.443,1
0.2162,0.05656,0.3998,0.7419,1.238,0.4706,NMC523,25,1,0.6251,1
0.1181,0.04017,0.3761,0.06137,0.1031,0.04216,NMC523,25,1,0.1811,1
0.1533,0.0399,0.1521,0.114,0.3366,0.1109,NMC622,25,1,0.2758,1
0.2149,0.06832,0.0112,0.1518,0.3586,0.2309,NMC532,25,1,0.2458,1
0.1898,0.1111,0.2228,0.02925,0.0776,0.02796,NMC622,25,1,0.3137,1
0.0265,0.08881,0.3454,0.5383,1.561,0.543,NMC622,25,1,0.02111,1
0.1702,0.01092,0.2586,0.5646,0.5988,0.5789,NMC111,25,1,0.432,1
0.1519,0.03891,0.3239,0.2031,1.463,0.1778,NMC811,25,1,0.05428,1
0.1347,0.0561,0.2803,0.3345,0.8192,0.5224,NMC532,25,1,0.144,1
0.05368,0.08307,0.2747,0.4495,1.343,0.4471,NMC622,25,1,0.09211,1
0.00621,0.07756,0.2429,0.1512,0.2449,0.1022,NMC523,25,1,0.03893,1
0.02346,0.03423,0.421,0.1662,0.5308,0.1599,NMC622,25,1,0.1681,1
0.2058,0.1021,0.4405,0.1192,0.1243,0.1145,NMC111,25,1,0.02419,1
0.07639,0.01713,0.4333,0.3386,2.442,0.3035,NMC811,25,1,0.04456,1
0.09294,0.01898,0.2971,0.2001,1.699,0.2209,NMC811,25,1,0.3605,1
0.1169,0.1006,0.2368,0.343,0.9281,0.4651,NMC532,25,1,0.6201,1
0.2061,0.03928,0.414,0.2461,1.99,0.2455,NMC811,25,1,0.7254,1
0.184,0.01888,0.1445,0.2525,2.354,0.3108,NMC811,25,1,0.7115,1
0.1621,0.1017,0.1676,0.1032,0.1299,0.1271,NMC111,25,1,0.2482,1
0.2232,0.05694,0.2518,0.03897,0.2989,0.03598,NMC811,25,1,0.6763,1
0.2217,0.08804,0.1319,0.4434,1.161,0.731,NMC532,25,1,1.447,1
0.1427,0.056,0.1719,0.1364,0.1231,0.1307,NMC111,25,1,0.8791,1
0.01294,0.07234,0.4235,0.3233,0.9559,0.3155,NMC622,25,1,0.03989,1
0.2177,0.0266,0.2665,0.1891,0.6196,0.1849,NMC622,25,1,0.09616,1
0.04024,0.01943,0.2711,0.2934,0.912,0.2947,NMC622,25,1,0.02754,1
0.09686,0.01054,0.1574,0.6809,1.21,0.4932,NMC523,25,1,0.5051,1
0.1774,0.04261,0.1856,0.03108,0.07553,0.04658,NMC532,25,1,0.7937,1
0.06492,0.05316,0.1608,0.4434,1.23,0.7117,NMC532,25,1,0.6142,1
0.1474,0.02974,0.4362,0.3635,0.5986,0.2375,NMC523,25,1,0.2072,1
0.07737,0.08064,0.1774,0.1482,0.3841,0.2251,NMC532,25,1,0.2641,1
0.201,0.08798,0.04223,0.3959,1.047,0.6045,NMC532,25,1,0.4252,1
0.03188,0.03748,0.1052,0.1961,0.5175,0.32,NMC532,25,1,0.1031,1
0.08756,0.009161,0.3494,0.3273,0.8562,0.4943,NMC532,25,1,0.1935,1
0.1231,0.106,0.08914,0.5051,0.8254,0.3288,NMC523,25,1,0.4463,1
0.01613,0.02245,0.3012,0.05879,0.5033,0.05962,NMC811,25,1,0.5515,1
0.03259,0.09344,0.2459,0.4665,1.197,0.709,NMC532,25,1,0.1365,1
0.01359,0.02944,0.4445,0.006615,0.04916,0.007127,NMC811,25,1,1.2,1
0.1219,0.06158,0.4131,0.3026,0.331,0.3199,NMC111,25,1,0.03831,1
0.1538,0.03379,0.1382,0.7405,0.7643,0.6944,NMC111,25,1,0.02221,1
0.1571,0.02359,0.425,0.3487,1.172,0.3351,NMC622,25,1,0.04504,1
0.05451,0.07574,0.374,0.2828,0.4394,0.1822,NMC523,25,1,0.02272,1
0.1312,0.09283,0.06585,0.2932,2.391,0.314,NMC811,25,1,0.02746,1
0.1752,0.09937,0.1681,0.2408,2.137,0.2476,NMC811,25,1,0.07024,1
0.1567,0.0898,0.3938,0.6099,1.029,0.4615,NMC523,25,1,0.1245,1
0.0598,0.05991,0.4137,0.3426,0.8293,0.4857,NMC532,25,1,0.4824,1
0.2183,0.07741,0.1488,0.2407,0.645,0.3745,NMC532,25,1,0.1792,1
0.1379,0.04763,0.1125,0.03272,0.2705,0.03657,NMC811,25,1,1.301,1
0.1814,0.0795,0.03642,0.1398,0.3218,0.2176,NMC532,25,1,0.03531,1
0.2256,0.04122,0.4526,0.2393,1.824,0.2388,NMC811,25,1,0.5096,1
0.07112,0.09723,0.09347,0.1062,0.9483,0.114,NMC811,25,1,0.06209,1
0.04081,0.1028,0.2962,0.9582,0.8523,0.936,NMC111,25,1,0.06815,1
0.1483,0.02411,0.3104,0.3502,1.005,0.3396,NMC622,25,1,0.1497,1
0.02761,0.07308,0.2015,0.05319,0.1643,0.05168,NMC622,25,1,1.469,1
0.1788,0.09545,0.1093,0.5174,1.292,0.8084,NMC532,25,1,0.4307,1
0.1208,0.04633,0.3021,0.772,1.334,0.4881,NMC523,25,1,0.3885,1
0.008185,0.04226,0.07544,0.0816,0.6489,0.08758,NMC811,25,1,0.1337,1
0.09583,0.04937,0.2287,0.2801,2.229,0.2928,NMC811,25,1,0.02058,1
0.2096,0.08996,0.2458,0.544,0.9746,0.359,NMC523,25,1,0.03626,1
0.1077,0.04954,0.3,0.2054,1.534,0.2184,NMC811,25,1,0.3558,1
0.01083,0.09271,0.3392,0.3568,1.115,0.348,NMC622,25,1,0.3119,1
0.03681,0.05147,0.1865,0.838,1.331,0.5408,NMC523,25,1,0.04703,1
0.08381,0.0966,0.4241,0.1465,0.2493,0.09217,NMC523,25,1,0.3153,1
0.1922,0.04474,0.4245,0.1674,0.1629,0.1896,NMC111,25,1,0.02338,1
0.04748,0.003073,0.1872,0.4654,0.8267,0.3174,NMC523,25,1,1.119,1
0.1706,0.07348,0.2355,0.1468,1.063,0.1364,NMC811,25,1,0.3884,1
0.1091,0.07697,0.1751,0.5379,1.32,0.6954,NMC532,25,1,0.142,1
0.01633,0.105,0.2768,0.2665,0.6218,0.4102,NMC532,25,1,0.1021,1
0.2238,0.0315,0.3246,0.2302,0.5515,0.3646,NMC532,25,1,0.1155,1
0.1134,0.01435,0.08966,0.5115,0.508,0.5281,NMC111,25,1,0.09979,1
0.1982,0.09064,0.3365,0.4873,0.4674,0.4582,NMC111,25,1,0.6417,1
0.05736,0.0942,0.418,0.02187,0.02054,0.02206,NMC111,25,1,0.03703,1
0.1052,0.05571,0.3884,0.518,1.326,0.7667,NMC532,25,1,1.093,1
0.2084,0.06299,0.4302,0.1399,0.4517,0.1396,NMC622,25,1,0.07725,1
0.1279,0.1077,0.04222,0.3109,0.741,0.5064,NMC532,25,1,0.09624,1
0.07826,0.05493,0.1263,0.4416,1.146,0.6278,NMC532,25,1,0.04265,1
0.04556,0.06745,0.2025,0.4082,0.6981,0.2787,NMC523,25,1,0.09195,1
0.2025,0.009565,0.169,0.3992,1.094,0.6186,NMC532,25,1,0.9803,1
0.05996,0.0296,0.4308,0.1222,0.3201,0.1838,NMC532,25,1,0.06447,1
0.01462,0.009593,0.2459,0.2873,0.6714,0.4495,NMC532,25,1,0.05192,1
0.1196,0.1067,0.4086,0.1298,0.3534,0.2162,NMC532,25,1,0.5459,1
0.01066,0.09345,0.0481,0.5685,0.9681,0.3727,NMC523,25,1,0.2123,1
0.2234,0.06961,0.3382,0.4788,1.441,0.4878,NMC622,25,1,0.09114,1
0.1195,0.07778,0.0346,0.1357,0.2281,0.09064,NMC523,25,1,0.2219,1
0.1783,0.08982,0.3094,0.4807,1.084,0.6741,NMC532,25,1,0.09351,1
0.1546,0.04384,0.2351,0.03443,0.1032,0.03541,NMC622,25,1,1.235,1
0.1892,0.02073,0.06562,0.05873,0.4765,0.06214,NMC811,25,1,0.02513,1
0.1774,0.007907,0.2929,0.694,0.6752,0.7726,NMC111,25,1,0.02459,1
0.1052,0.05405,0.0742,0.21,1.711,0.2071,NMC811,25,1,0.2792,1
0.07635,0.03806,0.2128,0.5593,1.486,0.5292,NMC622,25,1,0.0217,1
0.1764,0.1041,0.06917,0.8193,1.353,0.5371,NMC523,25,1,0.1649,1
0.2259,0.09178,0.06938,0.2563,0.7224,0.254,NMC622,25,1,0.1651,1
0.1291,0.02758,0.05054,0.3671,0.3616,0.3696,NMC111,25,1,0.1207,1
0.1038,0.08723,0.06886,0.698,1.316,0.509,NMC523,25,1,0.02609,1
0.1117,0.105,0.4519,0.3012,0.3032,0.2788,NMC111,25,1,0.05309,1
0.07822,0.02849,0.1418,0.1599,1.268,0.1578,NMC811,25,1,1.089,1
0.1451,0.06073,0.3474,0.4168,1.29,0.4659,NMC622,25,1,0.3289,1
0.1437,0.09022,0.1801,0.1114,0.2818,0.1628,NMC532,25,1,0.08234,1
0.08876,0.01318,0.03889,0.201,0.5832,0.3024,NMC532,25,1,0.04628,1
0.06972,0.03548,0.1218,0.9626,0.9517,0.9536,NMC111,25,1,0.08515,1
0.1595,0.05013,0.1514,0.3378,0.8752,0.3045,NMC622,25,1,1.316,1
0.07452,0.06687,0.4074,0.0809,0.572,0.08365,NMC811,25,1,0.04239,1
0.03445,0.07478,0.161,0.4344,1.288,0.3785,NMC622,25,1,0.07638,1
0.1237,0.086,0.03436,0.2393,1.937,0.2198,NMC811,25,1,0.07799,1
0.1752,0.0982,0.4326,0.2254,0.5617,0.3457,NMC532,25,1,0.03339,1
0.04332,0.1065,0.4005,0.286,0.6655,0.352,NMC532,25,1,0.6959,1
0.103,0.03044,0.04992,0.1073,0.7759,0.1069,NMC811,25,1,0.5865,1
0.2065,0.04518,0.1697,0.9058,1.293,0.5886,NMC523,25,1,0.05648,1
0.136,0.1052,0.1341,0.1647,0.2782,0.1057,NMC523,25,1,0.7108,1
0.2194,0.09518,0.3076,0.06462,0.05989,0.06517,NMC111,25,1,1.044,1
0.04445,0.009727,0.05776,0.3684,0.9432,0.5783,NMC532,25,1,0.2257,1
0.03637,0.1016,0.01024,0.2642,0.2754,0.2447,NMC111,25,1,0.05825,1
0.01066,0.06582,0.3355,0.2957,2.428,0.3473,NMC811,25,1,0.3225,1
0.1162,0.01151,0.245,0.7771,0.6484,0.7444,NMC111,25,1,0.04309,1
0.2183,0.01811,0.1165,0.2111,0.2175,0.2005,NMC111,25,1,1.099,1
0.2202,0.1065,0.287,0.05314,0.4377,0.05871,NMC811,25,1,0.04491,1
0.0108,0.07834,0.1578,0.02734,0.04387,0.01644,NMC523,25,1,0.7534,1
0.1708,0.05103,0.1741,0.2592,0.638,0.3532,NMC532,25,1,0.03646,1
0.1023,0.1044,0.2191,0.03314,0.08082,0.0494,NMC532,25,1,1.467,1
0.04412,0.01102,0.09963,0.3052,2.183,0.2754,NMC811,25,1,0.02858,1
0.1851,0.02853,0.1901,0.3972,0.3816,0.3876,NMC111,25,1,0.6866,1
0.2271,0.03618,0.4491,0.1462,0.4837,0.1534,NMC622,25,1,0.6601,1
0.1237,0.08174,0.1484,0.4458,0.7522,0.3265,NMC523,25,1,0.08149,1
0.02079,0.05061,0.2463,0.2812,0.9863,0.2814,NMC622,25,1,0.1108,1
0.06931,0.03429,0.04888,0.1645,0.2351,0.1149,NMC523,25,1,0.02897,1
0.01299,0.0451,0.4266,0.07068,0.06994,0.07446,NMC111,25,1,0.02188,1
0.1291,0.04454,0.182,0.1546,1.264,0.1832,NMC811,25,1,0.2632,1
0.1387,0.03817,0.1637,0.2491,0.2658,0.2429,NMC111,25,1,0.04801,1
0.1935,0.03231,0.3717,0.3123,0.2901,0.2685,NMC111,25,1,0.8051,1
0.1672,0.04825,0.1462,0.5021,1.276,0.7607,NMC532,25,1,0.0276,1
0.1528,0.08121,0.4211,0.3747,0.9967,0.6032,NMC532,25,1,0.03723,1
0.1074,0.05708,0.01324,0.03828,0.3396,0.03782,NMC811,25,1,0.1263,1
0.2011,0.005475,0.344,0.2396,1.889,0.2455,NMC811,25,1,1.141,1
0.07128,0.06403,0.01223,0.5986,0.8951,0.3568,NMC523,25,1,0.086,1
0.04052,0.04725,0.1571,0.3443,1.04,0.3435,NMC622,25,1,0.0677,1
0.03206,0.108,0.05025,0.3208,0.5697,0.2188,NMC523,25,1,0.6269,1
0.1399,0.07815,0.4403,0.07479,0.6499,0.07888,NMC811,25,1,0.04332,1
0.1019,0.04326,0.449,0.02202,0.1635,0.02132,NMC811,25,1,0.02291,1
0.1201,0.04016,0.02674,0.736,0.6649,0.6768,NMC111,25,1,0.8361,1
0.1084,0.03711,0.3089,0.6778,0.6431,0.7202,NMC111,25,1,0.635,1
0.1643,0.009987,0.01343,0.2722,0.7162,0.4255,NMC532,25,1,0.1206,1
0.04337,0.05622,0.1482,0.5623,1.842,0.6381,NMC622,25,1,0.1396,1
0.214,0.07721,0.1639,0.08639,0.2517,0.08116,NMC622,25,1,0.03496,1
0.2176,0.07218,0.07652,0.04939,0.3887,0.04756,NMC811,25,1,0.04954,1
0.2044,0.04328,0.02802,0.5592,1.419,0.8062,NMC532,25,1,0.03113,1
0.04588,0.03867,0.04699,0.1906,0.1942,0.1797,NMC111,25,1,0.3051,1
0.1866,0.005416,0.4079,0.8251,1.351,0.5451,NMC523,25,1,0.2786,1
0.01598,0.01504,0.4109,0.2156,2.036,0.2464,NMC811,25,1,1.291,1
0.03493,0.1048,0.4498,0.05522,0.0955,0.03406,NMC523,25,1,1.343,1
0.1186,0.09203,0.06762,0.3566,0.3753,0.3463,NMC111,25,1,0.8847,1
0.1209,0.002277,0.08499,0.405,1.057,0.6284,NMC532,25,1,0.03657,1
0.1694,0.02217,0.2547,0.06209,0.1644,0.1019,NMC532,25,1,0.1296,1
0.04999,0.03535,0.05253,0.2885,0.4423,0.2013,NMC523,25,1,0.5842,1
0.09353,0.08547,0.08567,0.7793,0.7487,0.7417,NMC111,25,1,0.5065,1
0.04954,0.0122,0.06317,0.2578,0.263,0.2834,NMC111,25,1,0.03504,1
0.1436,0.1008,0.3757,0.2011,0.2008,0.1844,NMC111,25,1,0.03615,1
0.1557,0.03173,0.369,0.4807,0.4521,0.5164,NMC111,25,1,0.03308,1
0.03578,0.03182,0.4452,0.1252,0.2524,0.09363,NMC523,25,1,0.1531,1
0.06667,0.004403,0.1537,0.5022,1.468,0.5245,NMC622,25,1,0.02359,1
0.049,0.063,0.3685,0.1533,1.3,0.1494,NMC811,25,1,0.1015,1
0.06877,0.04117,0.2861,0.1371,1.068,0.1434,NMC811,25,1,1.245,1
0.1911,0.03058,0.08411,0.3104,2.365,0.2755,NMC811,25,1,0.05811,1
0.03955,0.08948,0.06066,0.4524,0.4065,0.4742,NMC111,25,1,0.579,1
0.09737,0.09746,0.2034,0.4048,1.176,0.4034,NMC622,25,1,0.0507,1
0.1078,0.09735,0.3435,0.4476,0.7373,0.2886,NMC523,25,1,0.04181,1
0.1031,0.01962,0.3648,0.1831,0.4101,0.2927,NMC532,25,1,0.02812,1
0.1341,0.04404,0.07045,0.03331,0.08905,0.05588,NMC532,25,1,0.05349,1
0.08758,0.05663,0.2977,0.6069,1.521,0.878,NMC532,25,1,1.305,1
0.06043,0.0146,0.2472,0.1277,1.06,0.1222,NMC811,25,1,0.4487,1
0.1002,0.02891,0.1002,0.2912,2.292,0.2694,NMC811,25,1,0.07615,1
0.1717,0.03416,0.3719,0.1065,0.9521,0.1067,NMC811,25,1,0.5391,1
0.2217,0.06069,0.3927,0.09786,0.09888,0.09814,NMC111,25,1,0.182,1
0.03529,0.01047,0.322,0.08364,0.1954,0.1258,NMC532,25,1,1.488,1
0.1574,0.105,0.3529,0.6074,0.5629,0.5948,NMC111,25,1,0.024,1
0.01354,0.02075,0.4324,0.08723,0.2293,0.07652,NMC622,25,1,0.02375,1
0.1992,0.08508,0.06037,0.2427,1.782,0.2238,NMC811,25,1,0.2389,1
0.0988,0.04202,0.4275,0.08056,0.1374,0.05056,NMC523,25,1,0.2015,1
0.07513,0.05035,0.3246,0.03583,0.1208,0.03538,NMC622,25,1,0.02327,1
0.1608,0.1015,0.3177,0.1844,0.3214,0.1203,NMC523,25,1,0.1172,1
0.1793,0.08706,0.1567,0.2784,0.754,0.4457,NMC532,25,1,0.5787,1
0.1161,0.05032,0.284,0.304,0.7257,0.4336,NMC532,25,1,0.3233,1
0.07909,0.105,0.1344,0.2565,0.6351,0.4177,NMC532,25,1,0.02033,1
0.1009,0.07264,0.3866,0.2432,0.752,0.263,NMC622,25,1,0.5021,1
0.1613,0.08797,0.02919,0.2289,0.6122,0.3361,NMC532,25,1,0.04507,1
0.1171,0.09574,0.2085,0.9586,0.9322,0.9703,NMC111,25,1,0.06932,1
0.2002,0.08166,0.1706,0.3383,0.3199,0.3137,NMC111,25,1,0.9094,1
0.2208,0.1054,0.04614,0.2021,0.5267,0.3326,NMC532,25,1,0.03286,1
0.199,0.09455,0.1767,0.499,1.372,0.9078,NMC532,25,1,0.02544,1
0.09703,0.03558,0.1138,0.4281,0.3743,0.4171,NMC111,25,1,0.9044,1
0.03412,0.04582,0.2781,0.2344,0.5913,0.3329,NMC532,25,1,0.5586,1
0.217,0.01285,0.08202,0.2549,0.6256,0.3975,NMC532,25,1,0.02479,1
0.1435,0.03259,0.267,0.5568,0.9222,0.3661,NMC523,25,1,0.0279,1
0.04902,0.02461,0.1,0.3212,0.5394,0.2169,NMC523,25,1,0.02354,1
0.1907,0.01782,0.1227,0.182,1.461,0.1664,NMC811,25,1,0.03573,1
0.2067,0.08502,0.2608,0.2221,0.2527,0.2104,NMC111,25,1,0.677,1
0.05861,0.0363,0.09955,0.3061,0.9484,0.3069,NMC622,25,1,0.1201,1
0.08436,0.08441,0.3413,0.2884,0.3165,0.3278,NMC111,25,1,0.07486,1
0.1923,0.06754,0.03847,0.816,0.9287,0.8539,NMC111,25,1,0.8658,1
0.1584,0.08311,0.42,0.5602,0.9052,0.3717,NMC523,25,1,0.2384,1
0.01288,0.03843,0.3619,0.5287,1.348,0.8142,NMC532,25,1,0.1853,1
0.1889,0.02339,0.08135,0.4206,1.027,0.623,NMC532,25,1,0.04103,1
0.2022,0.09249,0.1279,0.4472,0.7366,0.2925,NMC523,25,1,0.5989,1
0.161,0.04484,0.2472,0.04608,0.05164,0.05105,NMC111,25,1,0.1325,1
0.2221,0.05782,0.05152,0.03298,0.1204,0.03625,NMC622,25,1,0.03736,1
0.1078,0.088,0.06752,0.1648,0.1379,0.1409,NMC111,25,1,0.3764,1
0.1722,0.08023,0.322,0.1269,0.9789,0.13,NMC811,25,1,0.8034,1
0.1649,0.02441,0.2743,0.09323,0.2898,0.09234,NMC622,25,1,0.1994,1
0.07287,0.05528,0.2983,0.05898,0.1019,0.04426,NMC523,25,1,0.2278,1
0.01258,0.08596,0.3563,0.1625,0.5109,0.1625,NMC622,25,1,0.03991,1
0.1247,0.07697,0.06796,0.3635,0.339,0.3242,NMC111,25,1,0.09252,1
0.03207,0.05874,0.02245,0.4142,0.4578,0.4122,NMC111,25,1,0.1737,1
0.08432,0.09305,0.2112,0.3873,0.6255,0.2444,NMC523,25,1,0.06106,1
0.1735,0.01898,0.04599,0.1811,1.446,0.1673,NMC811,25,1,0.05148,1
0.1204,0.07463,0.1794,0.0186,0.04614,0.03017,NMC532,25,1,0.3193,1
0.09973,0.03886,0.3292,0.2934,0.5468,0.1906,NMC523,25,1,0.1884,1
0.1058,0.07319,0.2998,0.4889,0.4845,0.4744,NMC111,25,1,0.1651,1
0.1605,0.05156,0.134,0.1891,1.3,0.1945,NMC811,25,1,1.363,1
0.01528,0.01842,0.2919,0.06082,0.08596,0.03914,NMC523,25,1,0.05815,1
0.05624,0.08541,0.2374,0.8374,1.461,0.5805,NMC523,25,1,0.3201,1
0.1055,0.0437,0.06793,0.4548,0.4329,0.4314,NMC111,25,1,0.5321,1
0.0417,0.06623,0.03832,0.8735,1.527,0.5831,NMC523,25,1,0.2053,1
0.1213,0.04264,0.08257,0.0975,0.7955,0.09846,NMC811,25,1,0.8784,1
0.01766,0.01373,0.02838,0.5878,1.778,0.6253,NMC622,25,1,0.0569,1
0.08936,0.106,0.3308,0.06568,0.4867,0.06456,NMC811,25,1,0.6246,1
0.07161,0.03157,0.1319,0.1095,0.2,0.07716,NMC523,25,1,0.02665,1
0.1997,0.05369,0.1544,1.004,0.8572,0.9211,NMC111,25,1,0.825,1
0.1384,0.04182,0.4394,0.04699,0.05242,0.05794,NMC111,25,1,0.02549,1
0.175,0.01224,0.177,0.1045,0.2775,0.1773,NMC532,25,1,0.591,1
0.1577,0.04979,0.3998,0.261,0.5211,0.1806,NMC523,25,1,0.09177,1
0.03816,0.1094,0.3606,0.278,0.6802,0.4228,NMC532,25,1,0.8555,1
0.05526,0.03319,0.3361,0.2618,2.318,0.2682,NMC811,25,1,0.2429,1
0.04987,0.05633,0.4476,0.1872,1.36,0.1841,NMC811,25,1,0.03506,1
0.006011,0.05003,0.05022,0.07331,0.6577,0.07987,NMC811,25,1,0.4123,1
0.175,0.03558,0.3527,0.5372,1.28,0.7363,NMC532,25,1,0.8257,1
0.1547,0.06152,0.04951,0.5273,1.227,0.8248,NMC532,25,1,0.1549,1
0.1217,0.01366,0.393,0.6793,0.6508,0.6531,NMC111,25,1,1.45,1
0.1093,0.01093,0.07439,0.2416,0.4158,0.1623,NMC523,25,1,0.02713,1
0.05557,0.07626,0.3724,0.07228,0.5925,0.06697,NMC811,25,1,0.2884,1
0.1165,0.08367,0.3733,0.5138,1.371,0.6941,NMC532,25,1,0.3151,1
0.006425,0.01909,0.4479,0.02324,0.02291,0.02286,NMC111,25,1,0.196,1
0.08896,0.06406,0.168,0.7169,1.297,0.4627,NMC523,25,1,0.0653,1
0.2038,0.02841,0.1056,0.718,1.133,0.5454,NMC523,25,1,0.3669,1
0.08377,0.07259,0.3819,0.3768,0.3822,0.3733,NMC111,25,1,0.05238,1
0.06798,0.07167,0.3405,0.023,0.03751,0.01524,NMC523,25,1,0.8868,1
0.09311,0.08881,0.07397,0.07202,0.5499,0.06785,NMC811,25,1,0.3551,1
0.1795,0.01883,0.1011,0.257,1.978,0.2421,NMC811,25,1,0.6485,1
0.07329,0.06664,0.3902,0.5524,0.7416,0.3396,NMC523,25,1,0.0278,1
0.1132,0.01722,0.3887,0.1291,0.381,0.1317,NMC622,25,1,0.5438,1
0.1602,0.01725,0.3918,0.06481,0.4454,0.06351,NMC811,25,1,0.6736,1
0.1383,0.01759,0.1602,0.2977,2.428,0.3055,NMC811,25,1,0.2247,1
0.1853,0.0754,0.3436,0.2125,1.47,0.2123,NMC811,25,1,1.092,1
0.0807,0.09348,0.3746,0.2437,0.6369,0.2524,NMC622,25,1,0.04292,1
0.1328,0.00917,0.09485,0.2635,2.11,0.2488,NMC811,25,1,0.04418,1
0.1867,0.06944,0.1263,0.4992,0.4742,0.5362,NMC111,25,1,0.3974,1
0.1956,0.06314,0.4052,0.5932,0.5955,0.6022,NMC111,25,1,0.8402,1
0.03223,0.09754,0.3756,0.1078,0.1735,0.06567,NMC523,25,1,0.2103,1
0.1736,0.09777,0.1632,0.06302,0.175,0.05967,NMC622,25,1,0.2695,1
0.1139,0.09841,0.427,0.1297,0.3911,0.1369,NMC622,25,1,0.02477,1
0.2114,0.07387,0.2637,0.2378,0.6492,0.3299,NMC532,25,1,1.202,1
0.1042,0.05635,0.4245,0.3558,0.8588,0.4849,NMC532,25,1,1.389,1
0.03757,0.08302,0.3803,0.7596,0.8259,0.8195,NMC111,25,1,0.04334,1
0.09714,0.002841,0.1513,0.2769,0.4746,0.1867,NMC523,25,1,0.1223,1
0.1057,0.04915,0.1858,0.4386,1.058,0.6822,NMC532,25,1,0.5009,1
0.1357,0.02064,0.3201,0.1554,0.151,0.1631,NMC111,25,1,0.07497,1
0.004743,0.00381,0.2278,0.4294,1.041,0.5825,NMC532,25,1,0.6796,1
0.01995,0.04013,0.383,0.1118,0.9372,0.1127,NMC811,25,1,1.128,1
0.2129,0.005708,0.4281,0.2,1.528,0.1808,NMC811,25,1,0.1872,1
0.2043,0.1099,0.04717,0.2433,0.3907,0.1513,NMC523,25,1,0.7742,1
0.01268,0.07308,0.1322,0.5132,1.243,0.7374,NMC532,25,1,0.0259,1
0.2068,0.0932,0.01019,0.1244,1.122,0.1141,NMC811,25,1,0.1116,1
0.09683,0.0314,0.126,0.09557,0.6961,0.08729,NMC811,25,1,0.1038,1
0.2228,0.09876,0.04021,0.1419,0.4333,0.1339,NMC622,25,1,0.8327,1
0.06366,0.09536,0.2516,0.0889,0.1441,0.05893,NMC523,25,1,0.02706,1
0.0169,0.06248,0.3203,0.2785,0.2625,0.2763,NMC111,25,1,0.5741,1
0.184,0.0889,0.3444,1.054,0.9165,0.9624,NMC111,25,1,0.02948,1
0.01997,0.05444,0.4438,0.5012,1.578,0.5029,NMC622,25,1,0.0284,1
0.01855,0.0248,0.3912,0.6035,1.505,0.8122,NMC532,25,1,0.2523,1
0.2033,0.01799,0.311,0.5654,1.538,0.9062,NMC532,25,1,0.04597,1
0.1423,0.02371,0.06652,0.2893,0.9613,0.2992,NMC622,25,1,0.07649,1
0.1196,0.01154,0.2615,0.113,0.3118,0.1615,NMC532,25,1,0.532,1
0.004436,0.05002,0.06444,0.417,1.066,0.6262,NMC532,25,1,1.087,1
0.1604,0.02078,0.1745,0.2709,0.7215,0.2352,NMC622,25,1,0.2542,1
0.05862,0.07053,0.3638,0.3493,0.63,0.2473,NMC523,25,1,0.05077,1
0.04292,0.106,0.4391,0.09231,0.09567,0.1103,NMC111,25,1,0.09472,1
0.1177,0.01097,0.1696,0.006666,0.0556,0.007238,NMC811,25,1,0.03651,1
0.1247,0.006739,0.4391,0.08599,0.6837,0.08911,NMC811,25,1,0.1725,1
0.1021,0.06742,0.1621,0.1908,0.1897,0.1983,NMC111,25,1,0.02042,1
0.2048,0.03168,0.2714,0.1568,1.304,0.1631,NMC811,25,1,0.07179,1
0.1602,0.07394,0.1709,0.4075,1.062,0.6482,NMC532,25,1,0.5176,1
0.1755,0.0703,0.105,0.04396,0.3722,0.04889,NMC811,25,1,0.3543,1
0.07503,0.0337,0.0243,0.02991,0.2562,0.0297,NMC811,25,1,0.6906,1
0.1288,0.044,0.3005,0.01488,0.1102,0.01439,NMC811,25,1,0.046,1
0.132,0.02533,0.2553,0.4329,1.18,0.719,NMC532,25,1,0.03638,1
0.06552,0.04735,0.2253,0.6819,1.218,0.4669,NMC523,25,1,0.1523,1
0.1839,0.05072,0.1544,0.1013,0.3015,0.09655,NMC622,25,1,0.2615,1
0.1691,0.03655,0.3088,0.3381,0.3352,0.3323,NMC111,25,1,0.05907,1
0.1723,0.08338,0.2197,0.0476,0.3473,0.04875,NMC811,25,1,0.2882,1
0.1828,0.01363,0.3339,0.06276,0.4545,0.0608,NMC811,25,1,0.1362,1
0.1088,0.08259,0.113,0.04402,0.3327,0.04474,NMC811,25,1,0.03357,1
0.1876,0.09405,0.3192,0.08898,0.1606,0.0642,NMC523,25,1,0.1243,1
0.2033,0.09308,0.1331,0.161,0.4492,0.1552,NMC622,25,1,0.02332,1
0.02663,0.1105,0.3334,0.1101,0.9134,0.1075,NMC811,25,1,0.4221,1
0.1595,0.04975,0.1039,0.2243,1.832,0.1874,NMC811,25,1,0.2611,1
0.2083,0.1045,0.1742,0.5969,1.649,0.6107,NMC622,25,1,0.03202,1
0.133,0.008826,0.2563,0.3684,1.053,0.6011,NMC532,25,1,0.8173,1
0.07072,0.07893,0.3408,0.09981,0.2551,0.1395,NMC532,25,1,0.4458,1
0.04447,0.09079,0.01427,0.1556,1.119,0.146,NMC811,25,1,0.2745,1
0.0588,0.07855,0.1736,0.1256,0.2284,0.08693,NMC523,25,1,0.1326,1
0.1728,0.01564,0.1129,0.241,1.862,0.255,NMC811,25,1,0.1055,1
0.06585,0.0943,0.1553,0.08352,0.07354,0.07761,NMC111,25,1,0.02118,1
0.2063,0.06601,0.4328,0.8868,1.417,0.6294,NMC523,25,1,0.07403,1
0.1259,0.01455,0.126,0.3381,2.288,0.3344,NMC811,25,1,0.1204,1
0.219,0.09595,0.1108,0.07811,0.1342,0.0566,NMC523,25,1,0.1572,1
0.1761,0.08422,0.4213,0.6341,0.6277,0.6969,NMC111,25,1,0.8708,1
0.04694,0.1098,0.07373,0.05433,0.09079,0.03777,NMC523,25,1,0.04665,1
0.007776,0.02484,0.4147,0.7786,0.7437,0.8013,NMC111,25,1,0.02973,1
0.1928,0.01138,0.3487,0.4918,0.8642,0.3599,NMC523,25,1,0.0373,1
0.1267,0.05214,0.3132,0.3192,0.5715,0.2065,NMC523,25,1,0.02865,1
0.04622,0.08038,0.1211,0.08924,0.2236,0.1417,NMC532,25,1,0.02297,1
0.1173,0.09974,0.2632,0.1781,0.5736,0.1769,NMC622,25,1,0.03007,1
0.1847,0.05432,0.4275,0.1125,1.044,0.1235,NMC811,25,1,0.09381,1
0.08811,0.0887,0.1703,0.1984,1.647,0.2142,NMC811,25,1,0.1751,1
0.1099,0.08991,0.4103,0.08338,0.6662,0.08143,NMC811,25,1,0.7631,1
0.03809,0.04565,0.151,0.2664,0.2996,0.2677,NMC111,25,1,0.1262,1
0.2205,0.02466,0.1986,0.1258,0.1175,0.1147,NMC111,25,1,0.1152,1
0.07697,0.009453,0.2055,0.4151,0.6917,0.2908,NMC523,25,1,1.398,1
0.144,0.04227,0.01352,0.5155,1.613,0.524,NMC622,25,1,0.1032,1
0.1209,0.07017,0.4233,0.9721,1.034,1.006,NMC111,25,1,1.416,1
0.08417,0.004487,0.1194,0.1492,0.1551,0.1397,NMC111,25,1,0.3335,1
0.1728,0.03659,0.4486,0.04593,0.06921,0.03158,NMC523,25,1,0.08625,1
0.05819,0.01231,0.2294,0.1436,0.4261,0.1371,NMC622,25,1,0.8106,1
0.01552,0.08372,0.1835,0.4746,1.39,0.7866,NMC532,25,1,0.9085,1
0.03651,0.07503,0.0969,0.7802,0.8683,0.9024,NMC111,25,1,0.05949,1
0.1204,0.04254,0.2075,0.6235,1.71,0.6192,NMC622,25,1,0.05586,1
0.1981,0.1092,0.1079,0.04943,0.3496,0.04669,NMC811,25,1,0.0227,1
0.09411,0.06818,0.154,0.3426,0.5473,0.2003,NMC523,25,1,0.207,1
0.1236,0.1072,0.3276,0.2708,0.4024,0.1747,NMC523,25,1,0.1271,1
0.14,0.03922,0.3858,0.3405,1.039,0.3224,NMC622,25,1,0.05088,1
0.1959,0.07639,0.07743,0.936,1.457,0.5548,NMC523,25,1,0.3147,1
0.1753,0.0521,0.393,0.1212,1.119,0.132,NMC811,25,1,0.05257,1
0.04989,0.1031,0.4487,0.08363,0.262,0.08859,NMC622,25,1,0.1657,1
0.1798,0.1087,0.2283,0.3743,0.3158,0.2862,NMC111,25,1,0.03327,1
0.1755,0.1054,0.1326,0.8849,0.8839,0.945,NMC111,25,1,0.9599,1
0.07793,0.05717,0.3513,0.01835,0.1566,0.02065,NMC811,25,1,0.2896,1
0.1328,0.02123,0.2051,0.06186,0.1891,0.06454,NMC622,25,1,0.4564,1
0.1475,0.09112,0.054,0.1698,1.245,0.1557,NMC811,25,1,0.2466,1
0.01187,0.05639,0.05027,0.103,0.2455,0.1523,NMC532,25,1,1.479,1
0.1188,0.06559,0.2533,0.5991,1.867,0.6227,NMC622,25,1,1.176,1
0.08658,0.04186,0.01405,0.6976,1.347,0.5007,NMC523,25,1,0.2338,1
0.004359,0.1018,0.2272,0.02194,0.05445,0.03138,NMC532,25,1,1.097,1
0.05141,0.09863,0.2495,0.4056,0.4448,0.3545,NMC111,25,1,0.05188,1
0.1375,0.05507,0.0268,0.4583,1.38,0.4588,NMC622,25,1,0.0386,1
0.208,0.06107,0.3911,0.05352,0.1547,0.05692,NMC622,25,1,0.167,1
0.006741,0.07781,0.1714,0.8356,1.488,0.6181,NMC523,25,1,0.02568,1
0.06248,0.1032,0.4315,0.3022,0.2738,0.2883,NMC111,25,1,0.02903,1
0.2093,0.003957,0.1078,0.4479,1.079,0.5828,NMC532,25,1,0.9752,1
0.1885,0.02433,0.0487,0.04626,0.124,0.04355,NMC622,25,1,0.5967,1
0.1822,0.05647,0.3979,0.5463,1.256,0.6888,NMC532,25,1,0.247,1
0.03856,0.009555,0.4037,0.6008,0.9224,0.3926,NMC523,25,1,0.4163,1
0.1495,0.01265,0.4548,0.2361,0.3608,0.1545,NMC523,25,1,0.6502,1
0.2063,0.02843,0.2276,0.0179,0.1373,0.01783,NMC811,25,1,0.1197,1
0.1642,0.04564,0.06286,0.08227,0.08709,0.08223,NMC111,25,1,0.02768,1
0.03667,0.0231,0.09749,0.1196,0.284,0.1641,NMC532,25,1,0.4103,1
0.1148,0.0988,0.2643,0.2644,0.7865,0.2601,NMC622,25,1,0.5247,1
0.122,0.01994,0.196,0.7938,1.3,0.5476,NMC523,25,1,0.6379,1
0.1419,0.06276,0.3433,0.2471,2.085,0.2612,NMC811,25,1,0.5846,1
0.09918,0.01731,0.06472,0.9111,1.481,0.586,NMC523,25,1,0.4342,1
0.05235,0.002193,0.3041,1.063,0.9808,1.022,NMC111,25,1,0.0385,1
0.1326,0.04141,0.214,0.5632,1.429,0.8569,NMC532,25,1,0.179,1
0.1955,0.08191,0.1819,0.5615,0.9154,0.3919,NMC523,25,1,0.2357,1
0.1754,0.07693,0.07255,0.04419,0.335,0.04344,NMC811,25,1,0.4724,1
0.2111,0.1016,0.2614,0.8303,0.7871,0.8044,NMC111,25,1,0.0352,1
0.2165,0.07156,0.03131,0.2262,1.99,0.2275,NMC811,25,1,0.07145,1
0.2208,0.05868,0.1157,0.03914,0.12,0.03864,NMC622,25,1,0.923,1
0.1947,0.006193,0.1958,0.5289,1.343,0.7884,NMC532,25,1,0.1001,1
0.01435,0.1093,0.4423,0.2255,0.656,0.225,NMC622,25,1,0.1655,1
0.01589,0.09168,0.2657,0.02782,0.06296,0.04236,NMC532,25,1,0.1635,1
0.1181,0.03785,0.1423,0.3053,0.424,0.2014,NMC523,25,1,0.5473,1
0.04469,0.05227,0.1642,0.3138,0.9128,0.299,NMC622,25,1,0.3953,1
0.09603,0.07657,0.09986,0.5205,0.517,0.4716,NMC111,25,1,0.1934,1
0.1625,0.09554,0.03598,0.2203,1.724,0.2272,NMC811,25,1,0.2854,1
0.1701,0.02379,0.2808,0.5597,0.9337,0.3535,NMC523,25,1,0.5284,1
0.1702,0.08013,0.05837,0.2076,1.785,0.2108,NMC811,25,1,0.8066,1
0.1059,0.05809,0.2303,0.1806,0.4494,0.2491,NMC532,25,1,0.1674,1
0.1056,0.00838,0.0821,0.2286,0.2226,0.2435,NMC111,25,1,0.02075,1
0.03084,0.1049,0.1538,0.06612,0.5438,0.06586,NMC811,25,1,0.05403,1
0.18,0.09538,0.1136,0.8199,1.52,0.6138,NMC523,25,1,0.9535,1
0.1827,0.07274,0.1142,0.1175,0.9829,0.1202,NMC811,25,1,1.211,1
0.1965,0.05755,0.1054,0.4084,0.9658,0.6504,NMC532,25,1,0.627,1
0.02338,0.02747,0.008154,0.5268,0.4735,0.521,NMC111,25,1,1.422,1
0.205,0.06696,0.3449,0.8491,0.7928,0.8128,NMC111,25,1,0.9608,1
0.09922,0.08403,0.02358,0.5835,1.285,0.9321,NMC532,25,1,0.5385,1
0.0457,0.06053,0.4301,0.7023,0.6436,0.6909,NMC111,25,1,0.2857,1
0.1571,0.008277,0.09008,0.08481,0.6793,0.08946,NMC811,25,1,0.1035,1
0.2173,0.02602,0.3383,0.02453,0.2043,0.02531,NMC811,25,1,1.379,1
0.04563,0.08714,0.3557,0.1059,0.2889,0.09172,NMC622,25,1,0.7731,1
0.05703,0.00398,0.3458,0.2668,0.2533,0.2578,NMC111,25,1,0.1216,1
0.07221,0.09176,0.389,0.3702,0.6574,0.2559,NMC523,25,1,0.137,1
0.2134,0.02451,0.277,0.2778,2.417,0.2983,NMC811,25,1,0.3622,1
0.0465,0.06735,0.2197,0.3753,0.4133,0.3846,NMC111,25,1,0.03674,1
0.03143,0.0216,0.05036,0.1584,0.3969,0.2415,NMC532,25,1,0.9715,1
0.1707,0.04259,0.3632,0.3743,0.6091,0.2541,NMC523,25,1,0.03006,1
0.06961,0.01455,0.2527,0.3835,0.8439,0.5077,NMC532,25,1,0.7012,1
0.2,0.02098,0.0327,0.7956,0.7583,0.8251,NMC111,25,1,0.04094,1
0.02118,0.009397,0.1433,0.08361,0.6762,0.0827,NMC811,25,1,0.02433,1
0.1957,0.01956,0.03037,0.4439,1.276,0.4483,NMC622,25,1,1.034,1
0.0535,0.03529,0.1298,0.3649,0.3937,0.4124,NMC111,25,1,0.4941,1
0.1192,0.08892,0.1488,1.03,0.9991,0.9322,NMC111,25,1,0.02265,1
0.09685,0.04519,0.2392,0.2127,1.666,0.2242,NMC811,25,1,0.02831,1
0.1869,0.06996,0.2581,0.4937,1.192,0.8047,NMC532,25,1,0.07043,1
0.01096,0.03246,0.3964,0.2382,1.982,0.234,NMC811,25,1,0.8486,1
0.05485,0.05703,0.2014,0.1113,0.3124,0.1114,NMC622,25,1,0.8343,1
0.143,0.08838,0.2301,0.4926,1.148,0.6893,NMC532,25,1,0.087,1
0.01705,0.04409,0.07989,0.1505,0.4275,0.1337,NMC622,25,1,0.4501,1
0.08603,0.00508,0.4255,0.7938,0.817,0.7646,NMC111,25,1,0.1688,1
0.07278,0.08814,0.05077,0.4462,0.798,0.3145,NMC523,25,1,0.8093,1
0.04966,0.07586,0.2145,0.9088,1.571,0.6087,NMC523,25,1,0.2608,1
0.1579,0.02107,0.1801,0.2872,2.264,0.326,NMC811,25,1,1.301,1
0.2197,0.08112,0.1805,0.7036,0.7604,0.7645,NMC111,25,1,0.03486,1
0.01069,0.02731,0.3405,0.207,1.705,0.2214,NMC811,25,1,0.6594,1
0.1079,0.005773,0.2507,0.7093,1.132,0.5212,NMC523,25,1,0.02557,1
0.05202,0.07406,0.221,0.2463,0.5849,0.3996,NMC532,25,1,0.268,1
0.06342,0.03164,0.1809,0.3473,0.7982,0.5875,NMC532,25,1,0.8895,1
0.04533,0.07387,0.2348,0.1075,0.1973,0.0745,NMC523,25,1,0.265,1
0.04746,0.04619,0.1248,0.6105,1.094,0.4218,NMC523,25,1,0.2654,1
0.2193,0.05735,0.1843,0.4761,1.459,0.4984,NMC622,25,1,0.2,1
0.1382,0.02536,0.1726,0.4001,0.6783,0.2644,NMC523,25,1,0.06783,1
0.1118,0.05986,0.2243,0.5305,0.8915,0.3835,NMC523,25,1,0.0343,1
0.01888,0.01395,0.27,0.3446,0.3088,0.3441,NMC111,25,1,0.4867,1
0.17,0.01825,0.3054,0.07637,0.5178,0.06686,NMC811,25,1,0.3707,1
0.08446,0.06736,0.1844,0.3104,1.012,0.3297,NMC622,25,1,0.0315,1
0.1016,0.05123,0.1409,0.2349,1.746,0.2133,NMC811,25,1,0.0264,1
0.1958,0.004138,0.05041,0.4007,0.6649,0.2355,NMC523,25,1,0.1206,1
0.03776,0.07449,0.1367,0.09518,0.7691,0.08771,NMC811,25,1,0.765,1
0.2161,0.0954,0.0364,0.07069,0.2527,0.07298,NMC622,25,1,0.4687,1
0.2059,0.007559,0.2992,0.5894,1.563,0.8487,NMC532,25,1,0.06844,1
0.1422,0.04973,0.05416,0.02129,0.1998,0.02718,NMC811,25,1,0.04806,1
0.2133,0.1112,0.1772,0.198,1.475,0.1818,NMC811,25,1,0.1376,1
0.05345,0.09206,0.1287,0.6118,0.5565,0.602,NMC111,25,1,1.394,1
0.01145,0.1107,0.302,0.2305,0.6128,0.3404,NMC532,25,1,0.02094,1
0.1133,0.09717,0.1991,0.1323,0.1279,0.1323,NMC111,25,1,0.2442,1
0.2195,0.004608,0.4192,0.2972,0.8364,0.2713,NMC622,25,1,0.5657,1
0.2061,0.07336,0.1165,0.03726,0.2833,0.03256,NMC811,25,1,0.1974,1
0.1604,0.02167,0.05992,0.2592,2.012,0.2454,NMC811,25,1,0.3947,1
0.06756,0.0389,0.1149,0.2454,0.6697,0.3561,NMC532,25,1,0.4634,1
0.08852,0.02843,0.0644,0.04884,0.4359,0.05333,NMC811,25,1,0.2977,1
0.08604,0.04715,0.1175,0.0471,0.08121,0.0345,NMC523,25,1,0.02648,1
0.1093,0.02578,0.3534,0.9241,0.9038,0.845,NMC111,25,1,1.479,1
0.088,0.02838,0.1738,0.253,1.907,0.2472,NMC811,25,1,0.5552,1
0.0219,0.03892,0.269,0.9479,0.8714,0.8612,NMC111,25,1,0.04094,1
0.1285,0.04858,0.04248,0.3878,0.9734,0.58,NMC532,25,1,0.02228,1
0.09199,0.05456,0.24,0.1255,0.2147,0.08861,NMC523,25,1,0.1738,1
0.1964,0.03759,0.1828,0.2799,0.3083,0.3106,NMC111,25,1,0.2314,1
0.1582,0.04541,0.4166,0.2548,0.6546,0.4118,NMC532,25,1,0.02284,1
0.1092,0.08477,0.05963,0.4396,1.076,0.7063,NMC532,25,1,0.05715,1
0.2182,0.09158,0.4133,0.2168,0.5779,0.3133,NMC532,25,1,0.1105,1
0.08085,0.08005,0.4097,0.6152,1.806,0.6316,NMC622,25,1,0.06681,1
0.09034,0.06667,0.123,0.2778,2.15,0.3026,NMC811,25,1,0.4109,1
0.1366,0.0427,0.05646,0.2176,1.845,0.2172,NMC811,25,1,0.05075,1
0.1505,0.107,0.391,0.1648,1.317,0.1509,NMC811,25,1,1.168,1
0.04715,0.0745,0.04353,0.1997,0.3402,0.1402,NMC523,25,1,1.323,1
0.09064,0.004743,0.1817,0.2928,0.3081,0.3163,NMC111,25,1,0.1465,1
0.2078,0.008045,0.03249,0.5303,0.5692,0.5556,NMC111,25,1,0.1851,1
0.0652,0.09353,0.2035,0.1388,0.1347,0.1432,NMC111,25,1,0.7697,1
0.06289,0.08283,0.1192,0.4588,1.266,0.4536,NMC622,25,1,0.03343,1
0.008673,0.002761,0.4102,0.7319,1.318,0.5358,NMC523,25,1,0.02183,1
0.1658,0.03585,0.3594,0.1813,0.2616,0.1239,NMC523,25,1,0.281,1
0.004797,0.09885,0.3434,0.9148,1.55,0.6229,NMC523,25,1,0.6605,1
0.08651,0.06733,0.1559,0.4045,0.394,0.4071,NMC111,25,1,0.5987,1
0.1553,0.1009,0.1931,0.5879,1.588,0.8311,NMC532,25,1,0.05271,1
0.09825,0.1011,0.0712,0.2482,1.898,0.2438,NMC811,25,1,1.466,1
0.01871,0.08645,0.07217,0.1653,0.5422,0.1535,NMC622,25,1,0.2424,1
0.1721,0.03057,0.422,0.266,0.7763,0.2763,NMC622,25,1,0.3406,1
0.1125,0.1035,0.2722,0.1224,1.056,0.1294,NMC811,25,1,0.07252,1
0.1946,0.0455,0.3637,0.3017,0.5751,0.2021,NMC523,25,1,0.05299,1
0.2146,0.1014,0.3312,0.9411,1.396,0.5523,NMC523,25,1,0.03975,1
0.1211,0.01406,0.1348,0.3218,1.061,0.3166,NMC622,25,1,0.1457,1
0.08072,0.03542,0.07803,0.08662,0.603,0.09268,NMC811,25,1,0.8956,1
0.1263,0.07479,0.2099,0.07509,0.2259,0.07458,NMC622,25,1,0.1174,1
0.196,0.05146,0.1725,0.0166,0.04319,0.02647,NMC532,25,1,0.4209,1
0.05596,0.005522,0.03013,0.9609,0.9952,1.101,NMC111,25,1,0.3219,1
0.1352,0.07326,0.2958,0.177,1.578,0.1826,NMC811,25,1,0.02745,1
0.0199,0.05716,0.2097,0.3691,0.4028,0.3478,NMC111,25,1,0.1229,1
0.1406,0.09997,0.2313,0.2741,0.6328,0.4045,NMC532,25,1,0.06965,1
0.1278,0.09511,0.2943,0.3313,0.303,0.2957,NMC111,25,1,0.07612,1
0.08946,0.03251,0.2972,0.1064,0.353,0.1153,NMC622,25,1,0.1047,1
0.06448,0.06449,0.2746,0.3507,0.8192,0.514,NMC532,25,1,0.314,1
0.1929,0.04112,0.02839,0.8178,1.214,0.4953,NMC523,25,1,0.06152,1
0.1322,0.05914,0.2206,0.2338,0.6417,0.2524,NMC622,25,1,0.2739,1
0.0104,0.01538,0.3589,0.89,0.8292,0.8352,NMC111,25,1,0.3627,1
0.01149,0.09607,0.4198,0.3178,0.9197,0.3056,NMC622,25,1,0.5155,1
0.2175,0.07099,0.3383,0.2582,2.077,0.2506,NMC811,25,1,0.2399,1
0.02413,0.1027,0.1498,0.2186,1.704,0.2178,NMC811,25,1,0.06339,1
0.08942,0.09213,0.2685,0.4501,0.708,0.2961,NMC523,25,1,0.03306,1
0.09907,0.0885,0.0801,0.218,0.6172,0.2054,NMC622,25,1,0.7907,1
0.1048,0.09438,0.06967,0.5841,0.9229,0.3838,NMC523,25,1,1.025,1
0.06472,0.01925,0.08613,0.3812,1.061,0.5601,NMC532,25,1,0.756,1
0.2084,0.04183,0.1649,0.06071,0.4881,0.05604,NMC811,25,1,0.2941,1
0.0443,0.02092,0.44,0.1208,0.9584,0.1039,NMC811,25,1,0.1521,1
0.1329,0.06379,0.02847,0.07364,0.6212,0.0741,NMC811,25,1,1.061,1
0.01332,0.05767,0.2713,0.4638,1.401,0.4719,NMC622,25,1,0.09145,1
0.1993,0.03961,0.2669,0.1571,0.2329,0.1069,NMC523,25,1,0.8381,1
0.1359,0.0997,0.07552,0.4967,1.439,0.4555,NMC622,25,1,0.1557,1
0.009836,0.02466,0.4198,0.1407,0.3897,0.2257,NMC532,25,1,0.5041,1
0.1858,0.06127,0.3178,0.689,0.794,0.7626,NMC111,25,1,1.007,1
0.08449,0.03948,0.3306,0.0334,0.104,0.03606,NMC622,25,1,0.9579,1
0.101,0.1037,0.02605,0.1972,0.5194,0.2929,NMC532,25,1,0.1104,1
0.05245,0.06107,0.09929,0.535,1.196,0.797,NMC532,25,1,0.8023,1
0.03892,0.03157,0.04758,0.06003,0.1676,0.06,NMC622,25,1,0.06059,1
0.1638,0.05781,0.3181,0.4656,1.367,0.4838,NMC622,25,1,0.03287,1
0.1726,0.1078,0.3464,0.49,0.4901,0.5316,NMC111,25,1,0.03123,1
0.1016,0.08001,0.2365,0.148,0.4385,0.1481,NMC622,25,1,0.02089,1
0.1495,0.06609,0.3869,0.3086,0.301,0.2761,NMC111,25,1,0.07005,1
0.04589,0.08996,0.2203,0.2797,0.4373,0.157,NMC523,25,1,0.09861,1
0.1366,0.009707,0.2268,0.5958,1.523,0.9058,NMC532,25,1,0.4872,1
0.1081,0.09014,0.2089,0.8578,0.9387,0.79,NMC111,25,1,1.33,1
0.1208,0.05268,0.1037,0.2106,2.031,0.2458,NMC811,25,1,0.0235,1
0.03875,0.07063,0.1431,0.6623,1.092,0.4279,NMC523,25,1,0.3543,1
0.009182,0.0848,0.4015,0.779,1.487,0.6014,NMC523,25,1,0.03097,1
0.1079,0.03565,0.2424,0.4505,1.568,0.4998,NMC622,25,1,0.1857,1
0.06622,0.06967,0.3711,0.1282,0.3322,0.2081,NMC532,25,1,0.09851,1
0.0255,0.08051,0.2059,0.1195,0.3519,0.1157,NMC622,25,1,0.5407,1
0.06776,0.08563,0.3846,0.4004,0.9654,0.5569,NMC532,25,1,1.003,1
0.1604,0.07154,0.187,0.5328,1.522,0.8632,NMC532,25,1,0.7427,1
0.1851,0.01744,0.3766,0.2927,2.439,0.3262,NMC811,25,1,1.427,1
0.02919,0.102,0.008373,0.3146,0.8823,0.3105,NMC622,25,1,0.1211,1
0.05927,0.004669,0.2291,0.8565,1.353,0.6164,NMC523,25,1,0.05522,1
0.1107,0.1013,0.1753,0.1817,1.542,0.1813,NMC811,25,1,0.6811,1
0.1734,0.003445,0.2174,0.0333,0.08598,0.05224,NMC532,25,1,0.3254,1
0.1511,0.02772,0.1087,0.2891,2.384,0.2781,NMC811,25,1,1.38,1
0.04277,0.03522,0.333,0.1329,1.025,0.1316,NMC811,25,1,0.4889,1
0.1512,0.04987,0.2591,0.3667,0.3665,0.3785,NMC111,25,1,0.3066,1
0.1537,0.07316,0.008593,0.3521,0.3608,0.3731,NMC111,25,1,0.7991,1
0.208,0.07033,0.1931,0.1697,1.526,0.1806,NMC811,25,1,0.7771,1
0.09075,0.002486,0.19,0.8364,1.549,0.6028,NMC523,25,1,0.0976,1
0.1439,0.06789,0.3268,1.092,0.9844,1.011,NMC111,25,1,0.03545,1
0.1723,0.03332,0.08646,0.2839,0.958,0.284,NMC622,25,1,0.1678,1
0.08729,0.0623,0.2474,0.3258,2.345,0.303,NMC811,25,1,0.2962,1
0.1868,0.02368,0.3954,0.8558,0.7941,0.8614,NMC111,25,1,0.04005,1
0.0173,0.03596,0.16,0.4105,0.6534,0.2645,NMC523,25,1,0.0383,1
0.03148,0.09883,0.3511,0.2453,0.6198,0.4068,NMC532,25,1,0.334,1
0.2162,0.00684,0.3232,0.3254,0.7467,0.4563,NMC532,25,1,0.2462,1
0.09189,0.07897,0.4524,1.031,0.9828,1.001,NMC111,25,1,0.02377,1
0.1506,0.004218,0.2692,0.2032,1.511,0.194,NMC811,25,1,0.5212,1
0.137,0.08818,0.3982,0.03992,0.04234,0.04545,NMC111,25,1,0.1216,1
0.2227,0.03199,0.07798,0.1921,1.43,0.2005,NMC811,25,1,0.266,1
0.04052,0.07777,0.3992,0.3721,1.08,0.5864,NMC532,25,1,0.1093,1
0.1962,0.1101,0.244,0.4495,0.4526,0.4172,NMC111,25,1,0.1874,1
0.2177,0.06206,0.4348,0.2606,1.922,0.2365,NMC811,25,1,0.05843,1
0.03064,0.1048,0.316,0.2853,0.3435,0.3107,NMC111,25,1,0.398,1
0.0222,0.03683,0.2185,0.1925,1.639,0.2051,NMC811,25,1,0.4009,1
0.04244,0.02585,0.2458,1.024,1.041,0.9104,NMC111,25,1,0.07183,1
0.1011,0.06018,0.05269,0.1062,0.2697,0.1637,NMC532,25,1,0.128,1
0.1313,0.1095,0.203,0.2479,0.2335,0.2607,NMC111,25,1,0.2635,1
0.2161,0.07594,0.1036,0.2276,0.5837,0.3851,NMC532,25,1,0.03952,1
0.05888,0.07491,0.08801,0.112,0.3516,0.1148,NMC622,25,1,0.9094,1
0.08124,0.04389,0.41,0.06313,0.5126,0.06673,NMC811,25,1,0.3104,1
0.1324,0.006539,0.3574,0.375,0.3978,0.4399,NMC111,25,1,0.132,1
0.1903,0.007736,0.03609,0.4761,0.8257,0.3375,NMC523,25,1,0.4598,1
0.1409,0.07845,0.02672,0.01008,0.07779,0.01013,NMC811,25,1,0.06183,1
0.063,0.08125,0.1538,0.2997,0.8169,0.4414,NMC532,25,1,0.2886,1
0.1772,0.07012,0.165,0.3709,0.9109,0.5287,NMC532,25,1,0.08673,1
0.2269,0.08585,0.1555,0.2657,0.6594,0.4016,NMC532,25,1,0.09463,1
0.09054,0.0161,0.3188,0.4724,0.8638,0.2794,NMC523,25,1,0.1509,1
0.1892,0.06485,0.3993,0.1629,1.325,0.1548,NMC811,25,1,0.1322,1
0.08104,0.09563,0.2405,0.6598,0.5848,0.5866,NMC111,25,1,1.103,1
0.05597,0.09987,0.4213,0.3095,2.277,0.3217,NMC811,25,1,0.9788,1
0.1095,0.04417,0.01927,0.07073,0.2047,0.06955,NMC622,25,1,0.4147,1
0.1415,0.01956,0.2816,0.04159,0.04389,0.04493,NMC111,25,1,0.134,1
0.1787,0.02576,0.2529,0.2553,1.993,0.2358,NMC811,25,1,0.4735,1
0.2032,0.06573,0.05489,0.05741,0.1823,0.05909,NMC622,25,1,0.09237,1
0.1344,0.008894,0.2848,0.2346,0.8318,0.2365,NMC622,25,1,0.02068,1
0.01078,0.05856,0.2905,0.09551,0.7736,0.09217,NMC811,25,1,0.154,1
0.06876,0.05554,0.1942,0.9284,0.8706,0.8563,NMC111,25,1,0.1035,1
0.0399,0.02638,0.06663,0.4208,0.9244,0.6689,NMC532,25,1,0.7021,1
0.157,0.009985,0.4194,0.9562,0.8003,0.8413,NMC111,25,1,0.09164,1
0.02799,0.03685,0.3496,0.1158,0.8486,0.1148,NMC811,25,1,0.1606,1
0.1296,0.03484,0.3155,0.06384,0.06183,0.05817,NMC111,25,1,0.7766,1
0.0737,0.01211,0.2559,0.1165,0.122,0.1135,NMC111,25,1,0.07285,1
0.1037,0.02452,0.1784,0.07,0.5397,0.06384,NMC811,25,1,0.1214,1
0.04376,0.07099,0.3411,0.4516,0.4816,0.4374,NMC111,25,1,0.03807,1
0.1412,0.06424,0.3721,0.1179,0.9508,0.1088,NMC811,25,1,0.02498,1
0.1111,0.07264,0.2269,0.1108,0.3189,0.1823,NMC532,25,1,0.8697,1
0.1336,0.02013,0.1254,0.1902,1.489,0.1698,NMC811,25,1,0.02405,1
0.06441,0.02061,0.1252,0.4616,1.186,0.7471,NMC532,25,1,0.6699,1
0.05643,0.04455,0.1268,0.1177,0.2689,0.168,NMC532,25,1,0.5303,1
0.01675,0.08699,0.398,0.3008,2.346,0.284,NMC811,25,1,0.2048,1
0.1555,0.02811,0.2315,0.8597,1.434,0.5852,NMC523,25,1,0.9553,1
0.04963,0.05789,0.3204,0.5226,0.5225,0.5534,NMC111,25,1,0.1082,1
0.09373,0.007418,0.4026,0.1639,1.347,0.1729,NMC811,25,1,0.1146,1
0.1547,0.04801,0.03332,0.2703,0.2804,0.3033,NMC111,25,1,0.4203,1
0.1111,0.09734,0.1055,0.2712,2.253,0.2907,NMC811,25,1,0.2788,1
0.0849,0.06761,0.09671,0.8403,1.563,0.6857,NMC523,25,1,0.8339,1
0.09044,0.04165,0.1659,0.05222,0.4742,0.06124,NMC811,25,1,0.0304,1
0.1298,0.03361,0.1828,0.2936,0.3164,0.3082,NMC111,25,1,0.05846,1
0.0471,0.02569,0.17,0.5574,1.447,0.8969,NMC532,25,1,0.8514,1
0.01721,0.0176,0.2655,0.01622,0.1475,0.01701,NMC811,25,1,0.04433,1
0.05013,0.07889,0.08003,0.1039,0.1102,0.1096,NMC111,25,1,0.02489,1
0.2128,0.05056,0.2027,0.3081,0.5113,0.2108,NMC523,25,1,0.9775,1
0.129,0.08247,0.3573,0.009185,0.07375,0.009543,NMC811,25,1,0.05964,1
0.0819,0.0827,0.3446,0.7559,0.7595,0.7123,NMC111,25,1,0.5106,1
0.06317,0.01477,0.2243,0.4521,1.102,0.5975,NMC532,25,1,0.08421,1
0.04834,0.1109,0.3821,0.5318,0.8873,0.3291,NMC523,25,1,1.455,1
0.01874,0.09184,0.08039,0.703,0.6972,0.6949,NMC111,25,1,0.03569,1
0.05883,0.002916,0.4305,0.1457,1.251,0.1608,NMC811,25,1,1.426,1
0.1009,0.1075,0.2776,0.1951,0.662,0.1997,NMC622,25,1,0.276,1
0.2075,0.01713,0.2102,0.5397,0.5375,0.5193,NMC111,25,1,0.117,1
0.1037,0.02268,0.2924,0.4364,0.7552,0.2942,NMC523,25,1,0.03417,1
0.02209,0.0169,0.4198,0.9086,1.491,0.6356,NMC523,25,1,0.02286,1
0.04034,0.05388,0.09136,0.5443,0.9562,0.3681,NMC523,25,1,0.07782,1
0.05882,0.01517,0.1688,0.08054,0.2342,0.09096,NMC622,25,1,0.08687,1
0.1352,0.04451,0.2748,0.2941,0.7995,0.4604,NMC532,25,1,0.5279,1
0.1065,0.05378,0.4392,0.4005,0.6095,0.2549,NMC523,25,1,0.9506,1
0.09917,0.07793,0.1661,0.4142,1.202,0.4004,NMC622,25,1,0.864,1
0.03257,0.0736,0.09181,0.05184,0.1207,0.07411,NMC532,25,1,0.6253,1
0.07772,0.00856,0.057,0.2343,0.6146,0.3449,NMC532,25,1,0.9664,1
0.02777,0.006654,0.3764,0.1607,0.1717,0.1473,NMC111,25,1,0.02331,1
0.2203,0.0265,0.4192,0.08541,0.7772,0.09235,NMC811,25,1,1.24,1
0.1175,0.1048,0.3028,0.3742,1.047,0.3547,NMC622,25,1,0.4582,1
0.21,0.05535,0.3969,0.5258,0.8957,0.3314,NMC523,25,1,0.09783,1
0.0952,0.03382,0.4072,0.2681,0.3691,0.1583,NMC523,25,1,0.07853,1
0.2255,0.05393,0.3837,0.2263,0.3642,0.1493,NMC523,25,1,0.02999,1
0.101,0.02803,0.247,0.6433,1.769,0.62,NMC622,25,1,0.02707,1
0.1664,0.05548,0.4546,0.1177,0.984,0.115,NMC811,25,1,0.149,1
0.2138,0.06668,0.3473,0.5936,1.553,0.902,NMC532,25,1,0.1168,1
0.07439,0.07103,0.3649,0.5732,1.512,0.8687,NMC532,25,1,0.09644,1
0.1871,0.04591,0.09427,0.367,0.9992,0.3829,NMC622,25,1,0.2908,1
0.0352,0.04828,0.2064,0.8624,0.7861,0.8619,NMC111,25,1,0.06512,1
0.02929,0.03873,0.2049,0.1413,1.133,0.1479,NMC811,25,1,0.09649,1
0.07387,0.09882,0.3045,0.5808,1.417,0.9485,NMC532,25,1,0.4027,1
0.02504,0.1017,0.1088,0.3511,0.3718,0.3444,NMC111,25,1,1.067,1
0.1689,0.07953,0.1868,0.09756,0.1549,0.06345,NMC523,25,1,0.3923,1
0.05619,0.1006,0.01198,0.2421,0.5703,0.3579,NMC532,25,1,0.2056,1
0.1836,0.09091,0.1982,0.2204,0.5734,0.3317,NMC532,25,1,0.1223,1
0.06638,0.04765,0.3153,0.03567,0.05565,0.02277,NMC523,25,1,0.2583,1
0.08632,0.09753,0.201,0.9879,1.045,1.007,NMC111,25,1,0.2371,1
0.2077,0.08484,0.3451,0.868,0.8486,0.8184,NMC111,25,1,0.2951,1
0.129,0.08009,0.3497,0.4436,1.148,0.6661,NMC532,25,1,0.3112,1
0.08671,0.03872,0.4124,0.4383,0.7146,0.3089,NMC523,25,1,0.02261,1
0.1987,0.1061,0.1815,0.282,0.2971,0.2691,NMC111,25,1,0.04257,1
0.1514,0.0775,0.3336,0.5882,0.542,0.5302,NMC111,25,1,0.7637,1
0.09114,0.09347,0.1324,0.3172,2.412,0.3276,NMC811,25,1,0.0355,1
0.1366,0.09571,0.00958,0.5589,1.764,0.5503,NMC622,25,1,0.1091,1
0.2234,0.1113,0.1134,0.6474,1.5,0.8228,NMC532,25,1,0.8323,1
0.04426,0.1069,0.2642,0.5947,0.6067,0.5446,NMC111,25,1,0.1357,1
0.1175,0.05315,0.3217,0.1208,0.9787,0.1227,NMC811,25,1,0.3824,1
0.2109,0.03228,0.4397,0.518,1.673,0.4569,NMC622,25,1,0.1222,1
0.1385,0.07382,0.02775,0.4441,1.221,0.6746,NMC532,25,1,0.2097,1
0.01179,0.03997,0.3445,0.1589,0.2568,0.1083,NMC523,25,1,0.07008,1
0.003794,0.02856,0.4154,0.141,1.063,0.1452,NMC811,25,1,0.1426,1
0.02325,0.02622,0.3014,0.05798,0.0931,0.03972,NMC523,25,1,0.1362,1
0.2049,0.07947,0.3396,0.2894,2.47,0.307,NMC811,25,1,0.9206,1
0.1903,0.01536,0.188,0.3986,0.3857,0.4461,NMC111,25,1,0.3677,1
0.1577,0.0353,0.07518,0.04519,0.1405,0.04559,NMC622,25,1,0.03748,1
0.04776,0.02059,0.139,0.5217,1.319,0.7399,NMC532,25,1,0.03379,1
0.2226,0.005778,0.06032,0.3027,0.2847,0.2906,NMC111,25,1,0.8372,1
0.1233,0.002536,0.09325,0.2414,2.038,0.2687,NMC811,25,1,0.1547,1
0.1902,0.01533,0.3037,0.2334,1.873,0.2566,NMC811,25,1,0.09511,1
0.1396,0.09102,0.3857,0.5171,0.8338,0.3458,NMC523,25,1,0.08268,1
0.1143,0.01711,0.4504,0.09281,0.2769,0.09157,NMC622,25,1,1.129,1
0.09135,0.1096,0.4244,0.07569,0.124,0.04845,NMC523,25,1,1.383,1
0.06645,0.07206,0.2148,0.2551,0.7494,0.2576,NMC622,25,1,0.06954,1
0.04744,0.01031,0.173,0.2013,0.5924,0.2211,NMC622,25,1,0.5825,1
0.02303,0.03377,0.3188,0.2897,0.6776,0.4198,NMC532,25,1,0.1235,1
0.142,0.03011,0.3851,0.6321,1.071,0.4405,NMC523,25,1,0.0257,1
0.2139,0.08741,0.05456,0.0716,0.5702,0.06177,NMC811,25,1,0.02375,1
0.00459,0.08019,0.03368,0.01022,0.03201,0.01049,NMC622,25,1,0.02484,1
0.08113,0.05831,0.07017,0.4101,1.27,0.4271,NMC622,25,1,0.2081,1
0.1793,0.02484,0.2585,0.2667,2.124,0.2681,NMC811,25,1,0.03838,1
0.0143,0.1065,0.3592,0.09326,0.1709,0.06872,NMC523,25,1,1.078,1
0.07045,0.05733,0.04664,0.9011,1.464,0.5885,NMC523,25,1,0.0231,1
0.11,0.06926,0.4478,0.2668,0.4469,0.1865,NMC523,25,1,0.02527,1
0.06985,0.03983,0.03918,0.3625,1.129,0.3387,NMC622,25,1,0.04063,1
0.1743,0.01824,0.3678,0.1804,1.485,0.1814,NMC811,25,1,0.02346,1
0.07874,0.007957,0.3238,0.2518,1.786,0.2429,NMC811,25,1,0.3868,1
0.1303,0.1042,0.09805,0.2215,0.3906,0.1476,NMC523,25,1,0.3352,1
0.1908,0.03714,0.04274,0.1902,0.33,0.1352,NMC523,25,1,0.04473,1
0.1818,0.09014,0.01395,0.2012,0.3546,0.1415,NMC523,25,1,0.2693,1
0.03241,0.004877,0.4511,0.1989,0.5302,0.2658,NMC532,25,1,0.1119,1
0.09551,0.006757,0.01499,0.4252,1.036,0.628,NMC532,25,1,0.02113,1
0.1762,0.05195,0.1935,0.05497,0.09823,0.03663,NMC523,25,1,0.5998,1
0.1069,0.02526,0.2189,0.7083,1.16,0.448,NMC523,25,1,0.02134,1
0.04612,0.03088,0.1362,0.5552,0.882,0.3351,NMC523,25,1,0.8127,1
0.193,0.02004,0.1798,0.07591,0.1854,0.1049,NMC532,25,1,0.939,1
0.08016,0.009134,0.01867,0.5576,1.706,0.6351,NMC622,25,1,0.1705,1
0.2259,0.0201,0.2403,0.7008,0.8374,0.7455,NMC111,25,1,0.9408,1
0.2148,0.1062,0.251,0.2262,0.6296,0.1992,NMC622,25,1,1.082,1
0.1064,0.03677,0.219,0.2058,1.695,0.2064,NMC811,25,1,1.437,1
0.1366,0.004672,0.1361,0.02085,0.06383,0.0217,NMC622,25,1,0.6035,1
0.01562,0.1051,0.2954,0.224,0.6092,0.3773,NMC532,25,1,0.7443,1
0.1478,0.08936,0.3452,0.373,0.8443,0.536,NMC532,25,1,0.8305,1
0.1666,0.1006,0.1706,0.8567,1.574,0.609,NMC523,25,1,1.064,1
0.1446,0.05059,0.3114,0.2354,1.922,0.2432,NMC811,25,1,0.1821,1
0.1633,0.07339,0.1889,0.2156,1.726,0.2166,NMC811,25,1,0.07712,1
0.1018,0.04155,0.08708,0.09435,0.8136,0.1011,NMC811,25,1,0.1976,1
0.1989,0.01158,0.124,0.7461,1.227,0.491,NMC523,25,1,0.02052,1
0.1854,0.05747,0.1823,0.3316,0.8694,0.5616,NMC532,25,1,0.9481,1
0.07414,0.08121,0.1052,0.4784,0.5573,0.4895,NMC111,25,1,0.2801,1
0.09701,0.05262,0.0464,0.5977,0.5379,0.6255,NMC111,25,1,0.06905,1
0.08259,0.005242,0.02316,0.114,0.1239,0.1089,NMC111,25,1,0.5864,1
0.07336,0.07321,0.2591,0.09956,0.2503,0.1413,NMC532,25,1,0.02556,1
0.1364,0.09512,0.4356,0.9665,1.006,1.029,NMC111,25,1,0.02537,1
0.00523,0.0752,0.02859,0.2381,0.566,0.3367,NMC532,25,1,0.09678,1
0.08959,0.1102,0.1498,0.316,2.173,0.3129,NMC811,25,1,0.2069,1
0.005331,0.02977,0.1323,0.02829,0.07721,0.04643,NMC532,25,1,0.1636,1
0.03114,0.02742,0.3683,0.2881,0.8584,0.2709,NMC622,25,1,1.045,1
0.1559,0.02641,0.3707,0.4964,0.4901,0.459,NMC111,25,1,0.04451,1
0.1785,0.07353,0.2361,0.2816,1.996,0.2657,NMC811,25,1,0.04903,1
0.09487,0.04852,0.2488,0.5257,1.773,0.5665,NMC622,25,1,0.03778,1
0.05027,0.02811,0.1892,0.9887,0.913,0.9556,NMC111,25,1,0.4752,1
0.1244,0.1007,0.1822,0.2421,0.7476,0.2551,NMC622,25,1,0.03373,1
0.08813,0.08378,0.4503,0.4734,0.7326,0.2995,NMC523,25,1,0.04063,1
0.1102,0.07525,0.1835,0.0255,0.07903,0.0276,NMC622,25,1,1.153,1
0.02914,0.09173,0.2004,0.1575,0.4071,0.1446,NMC622,25,1,0.07044,1
0.1063,0.09627,0.3356,0.4591,1.147,0.6872,NMC532,25,1,0.09536,1
0.1788,0.04418,0.2542,0.01883,0.02074,0.01988,NMC111,25,1,0.05296,1
0.1145,0.06566,0.4542,0.07528,0.2081,0.07891,NMC622,25,1,0.09853,1
0.006681,0.09826,0.3992,0.7146,1.247,0.4816,NMC523,25,1,0.08805,1
0.03864,0.07813,0.3202,0.694,1.195,0.4558,NMC523,25,1,0.3492,1
0.08489,0.07009,0.275,0.2224,0.6303,0.213,NMC622,25,1,0.03803,1
0.1278,0.009984,0.1569,0.05279,0.4562,0.05509,NMC811,25,1,0.05957,1
0.08626,0.09468,0.3502,0.187,0.5727,0.2007,NMC622,25,1,0.2215,1
0.1901,0.01873,0.2853,0.4758,0.5156,0.4805,NMC111,25,1,0.02566,1
0.1929,0.03408,0.2109,0.149,1.185,0.1395,NMC811,25,1,1.164,1
0.2069,0.0281,0.3958,0.9228,0.9094,0.9306,NMC111,25,1,1.269,1
0.2079,0.01087,0.4036,0.02776,0.02697,0.02597,NMC111,25,1,1.207,1
0.2207,0.07266,0.15,0.626,0.6208,0.5949,NMC111,25,1,0.03229,1
0.09912,0.08639,0.0215,0.9312,1.405,0.5415,NMC523,25,1,0.8598,1
0.1644,0.1039,0.2002,0.4997,0.4831,0.5501,NMC111,25,1,0.4107,1
0.1235,0.008372,0.3708,0.1921,1.466,0.188,NMC811,25,1,0.0426,1
0.1785,0.07745,0.2013,0.3686,0.3403,0.3628,NMC111,25,1,0.8294,1
0.1479,0.1063,0.1007,0.4846,1.353,0.7925,NMC532,25,1,1.111,1
0.01205,0.09614,0.1935,0.3479,0.9959,0.3652,NMC622,25,1,0.02914,1
0.06331,0.009212,0.2763,0.2345,0.6578,0.3736,NMC532,25,1,0.3093,1
0.124,0.09624,0.2721,0.4088,0.4179,0.4114,NMC111,25,1,0.07087,1
0.01895,0.1008,0.4253,0.1237,0.9881,0.129,NMC811,25,1,0.04232,1
0.2149,0.03997,0.02439,0.1657,0.5189,0.1655,NMC622,25,1,0.04085,1
0.1012,0.07596,0.2523,0.2494,2.076,0.2901,NMC811,25,1,0.2057,1
0.1906,0.02227,0.1455,0.5645,1.577,0.6139,NMC622,25,1,1.279,1
0.2122,0.07922,0.2818,0.2023,0.5307,0.3252,NMC532,25,1,0.07953,1
0.01376,0.08716,0.3726,0.5345,0.5157,0.5672,NMC111,25,1,0.5086,1
0.1843,0.0255,0.2054,0.6944,1.1,0.4528,NMC523,25,1,0.1128,1
0.06617,0.004327,0.4206,0.3332,1.013,0.3199,NMC622,25,1,0.8248,1
0.09443,0.0407,0.2127,0.05801,0.4777,0.06122,NMC811,25,1,0.06077,1
0.1061,0.08114,0.4016,0.3224,0.6773,0.4512,NMC532,25,1,0.3546,1
0.1823,0.07853,0.2238,0.4294,1.078,0.6045,NMC532,25,1,0.1426,1
0.03649,0.1097,0.2568,0.2187,1.708,0.2212,NMC811,25,1,0.06239,1
0.0625,0.02628,0.0247,0.98,0.9584,0.8784,NMC111,25,1,0.1567,1
0.2218,0.06658,0.2891,0.1033,0.2516,0.1483,NMC532,25,1,1.201,1
0.02569,0.03229,0.187,0.158,1.251,0.1723,NMC811,25,1,0.0306,1
0.1616,0.09667,0.01048,0.3096,2.405,0.325,NMC811,25,1,0.4091,1
0.05662,0.09001,0.2495,0.2909,2.474,0.2894,NMC811,25,1,0.0206,1
0.05424,0.05453,0.3007,0.8465,0.758,0.8327,NMC111,25,1,0.04875,1
0.06703,0.07273,0.2372,0.5693,1.206,0.7901,NMC532,25,1,0.02054,1
0.03246,0.08231,0.09638,0.09317,0.2204,0.1436,NMC532,25,1,0.1939,1
0.09586,0.01842,0.2974,0.3349,0.3702,0.3715,NMC111,25,1,1.161,1
0.1023,0.1014,0.2711,0.4069,0.9988,0.5435,NMC532,25,1,0.04685,1
0.02208,0.0251,0.2813,0.1321,0.3765,0.2157,NMC532,25,1,0.7177,1
0.004159,0.02119,0.2799,0.08853,0.2252,0.1392,NMC532,25,1,0.0287,1
0.1152,0.08802,0.127,0.1539,1.174,0.1535,NMC811,25,1,1.231,1
0.1186,0.07381,0.3312,0.3365,0.8414,0.4925,NMC532,25,1,0.1063,1
0.1348,0.06762,0.02381,0.4556,0.4495,0.447,NMC111,25,1,0.02232,1
0.1001,0.002454,0.3346,0.02745,0.0296,0.02818,NMC111,25,1,0.04729,1
0.1219,0.006785,0.04011,0.2122,0.3836,0.1598,NMC523,25,1,0.5332,1
0.1409,0.05726,0.3267,0.2194,1.7,0.2096,NMC811,25,1,0.6649,1
0.2203,0.09825,0.4554,0.8246,1.349,0.5618,NMC523,25,1,0.02823,1
0.03727,0.0215,0.2065,0.223,1.979,0.2416,NMC811,25,1,0.5113,1
0.1945,0.08989,0.2645,0.2785,2.143,0.2868,NMC811,25,1,0.05996,1
0.09963,0.01642,0.2531,0.2325,1.737,0.214,NMC811,25,1,0.06491,1
0.1906,0.1105,0.1507,0.5865,1.25,0.8383,NMC532,25,1,0.8797,1
0.00511,0.03273,0.2422,0.2092,0.5605,0.3409,NMC532,25,1,0.2044,1
0.1559,0.08117,0.3807,0.2195,0.2102,0.2043,NMC111,25,1,0.1958,1
0.2227,0.09505,0.2546,0.8146,1.455,0.4696,NMC523,25,1,0.07572,1
0.1017,0.08771,0.3421,0.7807,0.9219,0.8382,NMC111,25,1,0.6686,1
0.04185,0.009728,0.2296,0.5655,1.009,0.3934,NMC523,25,1,1.156,1
0.07355,0.04984,0.2854,0.5981,1.736,0.557,NMC622,25,1,0.1735,1
0.09554,0.01142,0.2701,0.4648,1.38,0.3853,NMC622,25,1,0.08038,1
0.1585,0.04376,0.06445,0.564,0.9225,0.3644,NMC523,25,1,0.04127,1
0.1759,0.009739,0.4379,0.4435,1.24,0.425,NMC622,25,1,0.2183,1
0.07315,0.02702,0.3655,0.4381,1.424,0.4303,NMC622,25,1,0.08821,1
0.2056,0.06841,0.06758,0.4691,1.267,0.7023,NMC532,25,1,0.1441,1
0.03497,0.07527,0.2582,0.1515,1.059,0.1414,NMC811,25,1,0.03999,1
0.1012,0.1039,0.295,0.5675,0.546,0.5476,NMC111,25,1,0.05248,1
0.1021,0.1082,0.06996,0.6859,0.7715,0.801,NMC111,25,1,1.081,1
0.176,0.003695,0.3681,0.4783,1.45,0.4629,NMC622,25,1,0.9728,1
0.08621,0.01193,0.4218,0.3495,0.8543,0.5379,NMC532,25,1,0.0633,1
0.01676,0.01368,0.1007,0.2776,0.2842,0.2964,NMC111,25,1,0.4582,1
0.0653,0.004184,0.4555,0.5768,1.761,0.6384,NMC622,25,1,0.3754,1
0.1367,0.01299,0.1281,0.1025,0.8722,0.1139,NMC811,25,1,0.06226,1
0.1567,0.09709,0.1383,0.02148,0.1631,0.02193,NMC811,25,1,0.8882,1
0.1367,0.03741,0.3018,0.403,0.7339,0.28,NMC523,25,1,1.418,1
0.1604,0.07247,0.3044,0.6935,1.275,0.4668,NMC523,25,1,0.8417,1
0.1173,0.05777,0.2527,0.3106,1.023,0.3212,NMC622,25,1,0.1477,1
0.05043,0.0893,0.249,0.7706,0.6462,0.7116,NMC111,25,1,0.8055,1
0.2056,0.08033,0.07567,0.5367,0.9627,0.3906,NMC523,25,1,0.04302,1
0.1906,0.08424,0.2658,0.138,1.094,0.1388,NMC811,25,1,0.1144,1
0.1484,0.05426,0.1103,0.03768,0.0973,0.05905,NMC532,25,1,0.03663,1
0.02733,0.0751,0.2644,0.4344,1.52,0.412,NMC622,25,1,0.3555,1
0.1958,0.06087,0.3829,0.8387,1.356,0.5547,NMC523,25,1,0.04368,1
0.187,0.03993,0.02275,0.2775,0.6394,0.4075,NMC532,25,1,0.7676,1
0.1336,0.05884,0.1697,0.9295,1.403,0.6266,NMC523,25,1,0.02169,1
0.08886,0.05737,0.07806,0.01299,0.1113,0.0139,NMC811,25,1,0.6426,1
0.1545,0.009183,0.1181,0.9369,1.013,0.9965,NMC111,25,1,0.1584,1
0.2041,0.05434,0.2721,0.1724,0.5315,0.1747,NMC622,25,1,0.6207,1
0.08326,0.04811,0.1105,0.0174,0.1464,0.01726,NMC811,25,1,0.545,1
0.1265,0.07342,0.09961,0.03538,0.0569,0.02027,NMC523,25,1,0.071,1
0.1805,0.00349,0.4126,0.243,1.83,0.235,NMC811,25,1,0.4471,1
0.06189,0.04117,0.2493,0.1192,0.2104,0.08624,NMC523,25,1,1.295,1
0.08704,0.04233,0.3886,0.1284,1.085,0.1401,NMC811,25,1,0.1249,1
0.08629,0.03959,0.3049,0.4232,1.272,0.4686,NMC622,25,1,0.6633,1
0.04872,0.09822,0.3108,0.8021,1.549,0.5757,NMC523,25,1,0.03634,1
0.156,0.055,0.07221,0.4758,1.425,0.4133,NMC622,25,1,0.1236,1
0.1901,0.06277,0.44,0.1576,0.4084,0.2426,NMC532,25,1,0.449,1
0.2027,0.01667,0.4307,0.3526,0.9459,0.5468,NMC532,25,1,1.218,1
0.14,0.08059,0.06669,0.211,0.3446,0.1513,NMC523,25,1,0.0345,1
0.1899,0.04914,0.06402,0.02423,0.05689,0.03739,NMC532,25,1,0.03037,1
0.04271,0.1054,0.1447,0.06695,0.2,0.06996,NMC622,25,1,0.3483,1
0.07906,0.007493,0.2614,0.5421,1.687,0.5619,NMC622,25,1,0.02423,1
0.1793,0.09627,0.1175,0.2544,0.8686,0.2445,NMC622,25,1,0.1593,1
0.05052,0.05663,0.41,0.1197,0.3649,0.1193,NMC622,25,1,0.5409,1
0.2247,0.07252,0.08651,0.03422,0.2775,0.03385,NMC811,25,1,0.0274,1
0.1052,0.04127,0.01009,0.5254,0.5394,0.5442,NMC111,25,1,1.28,1
0.02122,0.009128,0.1109,0.4026,1.124,0.4032,NMC622,25,1,0.04825,1
0.09774,0.02695,0.0472,0.5022,0.4469,0.4519,NMC111,25,1,0.05607,1
0.1275,0.02938,0.2833,0.4913,1.428,0.4901,NMC622,25,1,0.02533,1
0.1945,0.001943,0.1074,0.1442,0.3931,0.2364,NMC532,25,1,0.0271,1
0.1262,0.05574,0.2458,0.2609,0.2555,0.2649,NMC111,25,1,0.08133,1
0.05361,0.05323,0.4457,0.7815,1.398,0.5728,NMC523,25,1,0.07719,1
0.205,0.02327,0.4502,0.06163,0.1391,0.0784,NMC532,25,1,0.1823,1
0.1695,0.0634,0.1962,0.334,0.8594,0.4724,NMC532,25,1,0.02293,1
0.05381,0.1102,0.2179,0.6235,1.547,0.8593,NMC532,25,1,0.03212,1
0.1748,0.01642,0.3727,0.06694,0.5272,0.06445,NMC811,25,1,0.664,1
0.1164,0.1044,0.01117,0.9064,0.8489,0.8749,NMC111,25,1,0.6665,1
0.06118,0.02593,0.2831,0.6123,0.5659,0.6104,NMC111,25,1,1.32,1
0.1303,0.04614,0.4302,0.6136,1.465,0.8566,NMC532,25,1,0.08247,1
0.206,0.1047,0.1418,0.4078,0.7083,0.2726,NMC523,25,1,0.4753,1
0.1753,0.03489,0.4246,0.5573,0.5993,0.5915,NMC111,25,1,1.327,1
0.083,0.02387,0.0633,0.7181,1.101,0.4765,NMC523,25,1,0.08917,1
0.05299,0.009851,0.1029,0.6518,1.103,0.4491,NMC523,25,1,0.5056,1
0.1862,0.07106,0.431,0.9095,1.376,0.5824,NMC523,25,1,0.1392,1
0.2212,0.01801,0.2254,0.4249,1.163,0.4402,NMC622,25,1,0.06765,1
0.1316,0.03133,0.1578,0.2751,0.8046,0.2706,NMC622,25,1,0.0201,1
0.07693,0.04528,0.1737,0.6289,1.386,0.8768,NMC532,25,1,0.9918,1
0.1798,0.01625,0.08756,0.5354,1.36,0.924,NMC532,25,1,1.075,1
0.1001,0.09165,0.03856,0.9191,0.9293,0.9369,NMC111,25,1,0.06458,1
0.2064,0.04017,0.3748,0.9977,0.8287,0.9716,NMC111,25,1,0.09299,1
0.2188,0.04627,0.0351,0.0865,0.675,0.08689,NMC811,25,1,0.04035,1
0.03242,0.02715,0.009753,0.0454,0.1689,0.05188,NMC622,25,1,0.02086,1
0.1891,0.09702,0.1435,0.04231,0.03871,0.0411,NMC111,25,1,0.02495,1
0.2036,0.07408,0.0699,0.4367,1.381,0.3769,NMC622,25,1,0.7024,1
0.152,0.05021,0.4434,0.1487,0.3591,0.2047,NMC532,25,1,0.03584,1
0.1342,0.06062,0.275,0.0945,0.2839,0.09473,NMC622,25,1,0.1418,1
0.02546,0.06056,0.4137,0.7452,0.7298,0.7855,NMC111,25,1,1.093,1
0.143,0.09277,0.3736,0.1715,0.1421,0.1626,NMC111,25,1,0.2266,1
0.08318,0.05354,0.04084,0.7656,1.473,0.5253,NMC523,25,1,1.21,1
0.03381,0.09881,0.2083,0.1068,0.1058,0.09538,NMC111,25,1,0.03683,1
0.09643,0.04118,0.3209,0.1164,0.9262,0.1274,NMC811,25,1,0.5124,1
0.02767,0.01025,0.3145,0.6785,0.6968,0.6858,NMC111,25,1,0.9671,1
0.1266,0.05905,0.1101,0.3724,0.8021,0.5011,NMC532,25,1,0.1357,1
0.1927,0.04095,0.1033,0.04888,0.4086,0.05311,NMC811,25,1,0.08359,1
0.0398,0.06487,0.1345,0.1789,0.4871,0.2982,NMC532,25,1,0.1254,1
0.2064,0.06679,0.3626,0.1874,0.5628,0.1865,NMC622,25,1,0.04538,1
0.09752,0.08807,0.2534,0.1079,0.3046,0.1746,NMC532,25,1,0.8572,1
0.05506,0.03085,0.2306,0.03552,0.03788,0.0354,NMC111,25,1,0.05982,1
0.1181,0.06245,0.03125,0.03454,0.2779,0.03521,NMC811,25,1,0.2389,1
0.06119,0.03797,0.4416,0.2903,0.4364,0.2015,NMC523,25,1,1.061,1
0.0528,0.04144,0.3828,0.8026,1.259,0.5047,NMC523,25,1,0.07313,1
0.2005,0.03354,0.1938,0.2536,1.945,0.2376,NMC811,25,1,0.4305,1
0.1308,0.01772,0.09964,0.2933,0.9579,0.3405,NMC622,25,1,0.5029,1
0.05839,0.09266,0.2992,0.6208,1.036,0.4383,NMC523,25,1,0.4509,1
0.004535,0.09164,0.08559,0.3795,0.9358,0.6879,NMC532,25,1,0.1799,1
0.1688,0.09665,0.2026,0.1128,0.192,0.08494,NMC523,25,1,0.2585,1
0.1779,0.04166,0.1721,0.2881,0.9562,0.3004,NMC622,25,1,0.4073,1
0.01517,0.03883,0.2227,0.2404,0.5606,0.3169,NMC532,25,1,0.7794,1
0.03218,0.09512,0.0661,0.2389,1.911,0.211,NMC811,25,1,1.026,1
0.0417,0.05203,0.2182,0.09438,0.7603,0.09503,NMC811,25,1,0.02671,1
0.1174,0.02969,0.1484,0.4265,1.21,0.3971,NMC622,25,1,0.03398,1
0.1828,0.006139,0.4214,0.834,1.481,0.5356,NMC523,25,1,0.3536,1
0.1402,0.03655,0.2552,0.2657,2.441,0.2566,NMC811,25,1,0.06095,1
0.2089,0.06292,0.3409,0.021,0.166,0.02087,NMC811,25,1,0.1059,1
0.0732,0.03904,0.2415,0.6203,0.9055,0.3883,NMC523,25,1,0.5465,1
0.0932,0.05965,0.4003,0.5001,0.8348,0.3303,NMC523,25,1,1.061,1
0.2115,0.00926,0.009081,0.208,1.656,0.2021,NMC811,25,1,0.3957,1
0.1871,0.08688,0.2047,0.3747,0.4084,0.4108,NMC111,25,1,0.2754,1
0.2153,0.09944,0.2075,0.6349,0.5994,0.5687,NMC111,25,1,0.02259,1
0.2126,0.106,0.2876,0.287,2.257,0.2961,NMC811,25,1,0.02156,1
0.2033,0.04771,0.03326,0.2733,0.333,0.3184,NMC111,25,1,0.5543,1
0.214,0.07373,0.1164,0.7432,0.8075,0.7919,NMC111,25,1,0.09191,1
0.05714,0.1106,0.3973,0.3004,0.8258,0.3021,NMC622,25,1,0.7838,1
0.1475,0.02409,0.1217,0.5554,1.717,0.5453,NMC622,25,1,0.3945,1
0.1494,0.09088,0.2783,0.2882,0.8969,0.2829,NMC622,25,1,0.022,1
0.0798,0.08616,0.1958,0.3217,2.316,0.2969,NMC811,25,1,0.07344,1
0.0482,0.07646,0.2946,0.8497,1.455,0.5881,NMC523,25,1,0.1776,1
0.04168,0.06537,0.1972,0.3774,1.063,0.339,NMC622,25,1,0.02482,1
0.07369,0.111,0.4414,0.09712,0.7589,0.09223,NMC811,25,1,0.4207,1
0.1821,0.0891,0.3837,0.0783,0.6425,0.07865,NMC811,25,1,0.7958,1
0.1971,0.08244,0.0365,0.2117,0.4158,0.1632,NMC523,25,1,0.1925,1
0.1572,0.1028,0.09367,0.3154,0.305,0.3082,NMC111,25,1,0.2883,1
0.01669,0.107,0.355,0.1412,0.1235,0.1246,NMC111,25,1,0.3243,1
0.1182,0.09307,0.2265,0.1809,1.443,0.1482,NMC811,25,1,0.06475,1
0.1974,0.0449,0.05287,0.6901,1.12,0.4618,NMC523,25,1,0.05703,1
0.02113,0.0648,0.3822,0.01326,0.1052,0.01338,NMC811,25,1,0.4676,1
0.137,0.03135,0.1877,0.7397,0.731,0.7638,NMC111,25,1,0.2252,1
0.02163,0.08003,0.3714,0.06476,0.4549,0.05934,NMC811,25,1,0.288,1
0.01805,0.01158,0.1835,0.005813,0.04444,0.00576,NMC811,25,1,0.02364,1
0.02235,0.06473,0.2973,0.1832,1.656,0.1992,NMC811,25,1,0.44,1
0.1925,0.06814,0.2844,0.4269,0.4101,0.4151,NMC111,25,1,0.06798,1
0.1326,0.04761,0.3024,0.2848,0.6267,0.4034,NMC532,25,1,0.05629,1
0.05628,0.05015,0.08202,0.116,0.9506,0.1179,NMC811,25,1,0.2464,1
0.1495,0.03128,0.2509,0.4747,1.219,0.75,NMC532,25,1,0.6128,1
0.06238,0.07201,0.09461,0.0292,0.09232,0.03091,NMC622,25,1,0.3043,1
0.0686,0.005119,0.2109,0.5311,1.46,0.4636,NMC622,25,1,0.06708,1
0.1313,0.03437,0.199,0.4859,0.7709,0.3238,NMC523,25,1,0.1337,1
0.08149,0.03438,0.1026,0.2483,1.852,0.2334,NMC811,25,1,0.7239,1
0.1225,0.02353,0.2141,0.5884,0.5723,0.5885,NMC111,25,1,0.06616,1
0.1934,0.006545,0.2841,0.221,0.7405,0.2286,NMC622,25,1,1.263,1
0.2146,0.02935,0.07003,0.8095,1.268,0.5359,NMC523,25,1,0.08128,1
0.1765,0.07574,0.161,0.6163,0.592,0.5979,NMC111,25,1,0.02378,1
0.1058,0.02203,0.2709,0.0163,0.03057,0.01075,NMC523,25,1,0.4006,1
0.136,0.09668,0.1516,0.9225,0.9845,1.017,NMC111,25,1,0.03457,1
0.1368,0.03176,0.4478,0.4534,0.8115,0.3335,NMC523,25,1,0.06061,1
0.1784,0.01515,0.2765,0.2324,0.7285,0.2548,NMC622,25,1,0.07715,1
0.004669,0.07024,0.2097,0.2019,0.3096,0.1189,NMC523,25,1,0.07776,1
0.2114,0.1103,0.2073,0.582,0.9361,0.4024,NMC523,25,1,0.3909,1
0.03503,0.08638,0.2117,0.2345,0.5933,0.3847,NMC532,25,1,0.06525,1
0.1231,0.07634,0.1793,0.5119,0.8595,0.3503,NMC523,25,1,0.02849,1
0.06642,0.03003,0.4359,0.5283,1.402,0.8262,NMC532,25,1,0.147,1
0.172,0.0287,0.3236,0.07343,0.07321,0.07191,NMC111,25,1,0.3705,1
0.1564,0.08382,0.05174,0.5609,0.5771,0.5982,NMC111,25,1,0.0827,1
0.1776,0.03745,0.07923,0.02948,0.04818,0.02039,NMC523,25,1,0.4871,1
0.1252,0.1109,0.0784,0.478,0.5061,0.5292,NMC111,25,1,0.2467,1
0.2047,0.09438,0.2444,0.2641,0.3027,0.2858,NMC111,25,1,0.7186,1
0.1383,0.05895,0.307,0.3804,0.9427,0.5196,NMC532,25,1,0.1454,1
0.06452,0.06414,0.1985,0.2983,1.068,0.3527,NMC622,25,1,0.06288,1
0.09161,0.05312,0.02782,0.5599,1.554,0.5384,NMC622,25,1,0.1555,1
0.1583,0.006008,0.04919,0.05176,0.3943,0.05399,NMC811,25,1,0.125,1
0.07843,0.1027,0.4393,0.3946,0.9762,0.6263,NMC532,25,1,0.0303,1
0.02573,0.0552,0.4093,0.03653,0.2919,0.03278,NMC811,25,1,0.1022,1
0.1911,0.09003,0.3576,0.2795,0.2893,0.3132,NMC111,25,1,0.02248,1
0.004288,0.002775,0.3565,0.6112,0.9892,0.4008,NMC523,25,1,0.2432,1
0.07228,0.01208,0.2169,0.07148,0.6432,0.08502,NMC811,25,1,0.1009,1
0.227,0.0295,0.4555,0.02502,0.2037,0.02619,NMC811,25,1,0.03588,1
0.07106,0.02813,0.4062,0.3074,0.946,0.2964,NMC622,25,1,0.07242,1
0.1486,0.09646,0.2142,0.06838,0.4953,0.06067,NMC811,25,1,0.1662,1
0.1658,0.09487,0.2089,0.08797,0.2094,0.1227,NMC532,25,1,0.4376,1
0.1804,0.01077,0.3362,0.2807,2.197,0.2713,NMC811,25,1,0.6026,1
0.135,0.09846,0.3579,0.113,0.2954,0.09578,NMC622,25,1,0.6499,1
0.2216,0.06871,0.1973,0.5233,1.639,0.507,NMC622,25,1,0.3566,1
0.02459,0.06084,0.3463,0.3772,0.5987,0.2503,NMC523,25,1,0.22,1
0.1949,0.07281,0.3138,0.1982,0.1811,0.1886,NMC111,25,1,0.02817,1
0.1489,0.1104,0.05548,0.5093,1.284,0.6937,NMC532,25,1,0.8799,1
0.09536,0.08752,0.09025,0.06177,0.09941,0.04101,NMC523,25,1,0.6741,1
0.08372,0.07623,0.4345,0.3006,0.6679,0.3878,NMC532,25,1,0.1604,1
0.08068,0.1017,0.4095,0.1973,0.6302,0.2054,NMC622,25,1,0.03257,1
0.2237,0.07922,0.2748,0.122,1.043,0.1327,NMC811,25,1,0.1787,1
0.1201,0.005493,0.4551,0.2469,2.147,0.264,NMC811,25,1,1.157,1
0.06981,0.02587,0.3861,0.05669,0.1683,0.05631,NMC622,25,1,0.04327,1
0.1606,0.01791,0.2301,0.231,1.806,0.2283,NMC811,25,1,1.148,1
0.1799,0.06572,0.2004,0.2155,0.677,0.2313,NMC622,25,1,0.03011,1
0.03437,0.1026,0.3695,0.8262,1.448,0.5828,NMC523,25,1,1.46,1
0.1552,0.08648,0.4144,0.2019,0.4875,0.2821,NMC532,25,1,0.09196,1
0.172,0.03972,0.2978,0.8255,0.7738,0.8441,NMC111,25,1,0.02728,1
0.061,0.04196,0.1797,0.1175,0.2903,0.1704,NMC532,25,1,0.135,1
0.04755,0.08422,0.3459,0.1999,1.574,0.1879,NMC811,25,1,0.1336,1
0.2008,0.05603,0.09529,0.02698,0.04732,0.01968,NMC523,25,1,0.09648,1
0.1091,0.07379,0.128,0.2381,0.2251,0.2243,NMC111,25,1,0.1182,1
0.2097,0.05337,0.03678,0.03492,0.2946,0.03406,NMC811,25,1,0.3187,1
0.116,0.0277,0.3439,0.7417,0.7934,0.8484,NMC111,25,1,0.3505,1
0.1295,0.008838,0.2408,0.5936,1.449,0.8508,NMC532,25,1,0.1058,1
0.01883,0.02776,0.07999,0.0734,0.2379,0.07512,NMC622,25,1,0.2303,1
0.2216,0.07374,0.2499,0.8497,1.41,0.5839,NMC523,25,1,0.2267,1
0.1757,0.07538,0.1471,0.704,1.224,0.4659,NMC523,25,1,0.3055,1
0.09202,0.04896,0.283,0.04879,0.1633,0.05594,NMC622,25,1,0.4866,1
0.1999,0.03679,0.3744,0.8387,1.429,0.5126,NMC523,25,1,0.04634,1
0.1122,0.08874,0.2278,0.3717,0.3882,0.3737,NMC111,25,1,0.1189,1
0.1105,0.07541,0.3625,0.7064,0.6777,0.7213,NMC111,25,1,0.04929,1
0.07421,0.08403,0.1449,0.5193,1.522,0.5078,NMC622,25,1,0.3889,1
0.07183,0.02796,0.01982,0.4498,0.6988,0.2662,NMC523,25,1,0.2548,1
0.04421,0.08234,0.1426,0.6001,0.6167,0.6113,NMC111,25,1,0.03802,1
0.2252,0.04526,0.1866,0.02212,0.05132,0.03049,NMC532,25,1,0.254,1
0.1726,0.08513,0.175,0.01463,0.1393,0.01516,NMC811,25,1,1.242,1
0.2235,0.07885,0.2623,0.9227,1.381,0.6102,NMC523,25,1,0.9183,1
0.2123,0.07328,0.1598,0.6296,1.575,0.5839,NMC622,25,1,0.755,1
0.2237,0.11,0.216,0.5667,0.8848,0.3583,NMC523,25,1,0.03309,1
0.09125,0.08128,0.09406,0.3723,0.3825,0.3853,NMC111,25,1,0.06961,1
0.1358,0.03292,0.3769,0.4901,0.8804,0.3349,NMC523,25,1,0.1587,1
0.1942,0.1084,0.05706,0.03327,0.09519,0.03396,NMC622,25,1,0.1408,1
0.01815,0.01526,0.03497,0.3164,0.7631,0.4761,NMC532,25,1,0.891,1
0.06624,0.09373,0.3567,0.8854,1.38,0.5614,NMC523,25,1,0.04197,1
0.03935,0.03594,0.1132,0.5419,0.5134,0.5691,NMC111,25,1,0.03141,1
0.05593,0.0765,0.1289,0.4409,1.129,0.6941,NMC532,25,1,0.1318,1
0.01224,0.05901,0.1098,0.607,0.6501,0.6415,NMC111,25,1,0.8539,1
0.2043,0.06955,0.1585,0.3795,1.057,0.3931,NMC622,25,1,0.1358,1
0.08207,0.04046,0.3859,0.5358,1.567,0.5119,NMC622,25,1,0.23,1
0.02547,0.03026,0.1703,0.01983,0.0553,0.01599,NMC622,25,1,0.3973,1
0.1162,0.01664,0.3699,0.2928,0.274,0.2503,NMC111,25,1,0.5074,1
0.1195,0.07425,0.3393,0.2778,2.097,0.2831,NMC811,25,1,0.6222,1
0.07882,0.04149,0.2321,0.1462,0.3855,0.1325,NMC622,25,1,0.4495,1
0.1816,0.04375,0.03785,0.6769,0.6925,0.6866,NMC111,25,1,0.1411,1
0.1219,0.0915,0.2266,0.5121,1.302,0.8069,NMC532,25,1,0.02788,1
0.1228,0.07587,0.167,0.8878,1.369,0.5704,NMC523,25,1,0.4859,1
0.0818,0.09407,0.1756,0.223,1.985,0.2672,NMC811,25,1,0.349,1
0.01573,0.02555,0.1041,0.5027,1.441,0.7622,NMC532,25,1,0.1071,1
0.06383,0.1049,0.2306,0.5699,1.539,0.9014,NMC532,25,1,0.1805,1
0.03704,0.01489,0.2579,0.09004,0.7041,0.08046,NMC811,25,1,0.1047,1
0.1083,0.005806,0.05184,0.8364,1.234,0.509,NMC523,25,1,0.2181,1
0.1994,0.01048,0.1698,0.4435,0.7401,0.321,NMC523,25,1,1.424,1
0.1509,0.06772,0.0645,0.6353,1.557,0.872,NMC532,25,1,0.9703,1
0.07219,0.01489,0.04712,0.6348,0.5645,0.6405,NMC111,25,1,0.0309,1
0.09159,0.04046,0.3097,0.5337,0.4714,0.4543,NMC111,25,1,0.03289,1
0.06124,0.06502,0.1212,0.689,0.6372,0.659,NMC111,25,1,0.06103,1
0.01954,0.04427,0.09531,0.6353,0.6551,0.6616,NMC111,25,1,0.08656,1
0.0122,0.02835,0.1432,0.2752,0.7393,0.4006,NMC532,25,1,0.05832,1
0.1567,0.1092,0.1447,0.3093,0.7407,0.4384,NMC532,25,1,0.1178,1
0.08798,0.04217,0.2892,0.4079,0.7029,0.2649,NMC523,25,1,0.04669,1
0.1049,0.01821,0.3681,0.1952,0.6268,0.1979,NMC622,25,1,0.8744,1
0.01258,0.01348,0.4207,0.4335,1.165,0.7254,NMC532,25,1,0.03245,1
0.2012,0.09687,0.059,0.288,2.19,0.2448,NMC811,25,1,0.6554,1
0.1557,0.0932,0.1663,0.6116,0.6318,0.5952,NMC111,25,1,0.8854,1
0.2094,0.03235,0.2049,0.2009,1.635,0.2012,NMC811,25,1,0.301,1
0.1202,0.01301,0.2752,0.1394,0.4037,0.1567,NMC622,25,1,0.068,1
0.1639,0.01467,0.246,0.04254,0.1219,0.03621,NMC622,25,1,0.5177,1
0.05629,0.08109,0.09162,0.8412,1.477,0.5703,NMC523,25,1,0.9477,1
0.2122,0.06083,0.01872,0.4875,1.501,0.4672,NMC622,25,1,0.2568,1
0.091,0.02327,0.3686,0.6873,1.113,0.4408,NMC523,25,1,0.909,1
0.05703,0.04136,0.0398,0.0633,0.1072,0.04424,NMC523,25,1,0.1447,1
0.1184,0.0448,0.1365,0.2388,1.883,0.2275,NMC811,25,1,1.125,1
0.1581,0.09764,0.387,0.07732,0.608,0.07363,NMC811,25,1,0.1447,1
0.1777,0.1052,0.082,0.8907,0.8898,0.898,NMC111,25,1,0.2529,1
0.208,0.02454,0.3066,0.5276,0.5815,0.5079,NMC111,25,1,0.05443,1
0.1825,0.07438,0.3413,0.7167,1.192,0.4472,NMC523,25,1,0.1118,1
0.1405,0.07438,0.4007,0.1856,1.399,0.1789,NMC811,25,1,0.7641,1
0.01118,0.004989,0.2186,0.1362,0.3019,0.2128,NMC532,25,1,0.18,1
0.102,0.04461,0.06099,0.5454,1.826,0.5854,NMC622,25,1,0.02277,1
0.1267,0.08355,0.1559,0.09704,0.1589,0.06213,NMC523,25,1,0.02535,1
0.07134,0.09001,0.1165,0.3307,0.3145,0.3365,NMC111,25,1,0.3917,1
0.2197,0.04088,0.06123,0.05217,0.06174,0.06377,NMC111,25,1,1.402,1
0.1524,0.002889,0.02816,0.2008,0.1992,0.2048,NMC111,25,1,0.02186,1
0.1994,0.08887,0.1839,0.2724,0.6542,0.394,NMC532,25,1,0.03688,1
0.148,0.1047,0.407,0.1055,0.7837,0.09684,NMC811,25,1,0.07898,1
0.1811,0.07274,0.2912,0.9339,1.53,0.626,NMC523,25,1,0.04099,1
0.1871,0.03811,0.4357,0.5384,1.286,0.8345,NMC532,25,1,0.08466,1
0.2192,0.06026,0.4282,0.0625,0.1745,0.104,NMC532,25,1,0.1633,1
0.2243,0.05267,0.2766,0.9509,0.9639,0.8775,NMC111,25,1,0.4869,1
0.06107,0.08117,0.4514,0.2276,0.3677,0.1377,NMC523,25,1,0.3049,1
0.09774,0.07294,0.342,0.1947,0.1853,0.1928,NMC111,25,1,0.07554,1
0.2121,0.07333,0.1944,0.5723,1.786,0.6242,NMC622,25,1,0.05255,1
0.04282,0.09617,0.3405,0.1141,0.1074,0.1113,NMC111,25,1,0.08439,1
0.1949,0.1114,0.3004,0.7743,0.744,0.71,NMC111,25,1,0.6695,1
0.0143,0.1061,0.1026,0.7835,1.517,0.615,NMC523,25,1,0.03383,1
0.2004,0.01415,0.2027,0.1619,0.5424,0.1607,NMC622,25,1,0.3357,1
0.0349,0.0824,0.06622,1.005,0.9257,0.9987,NMC111,25,1,0.02299,1
0.2159,0.07427,0.1557,0.04345,0.3508,0.04807,NMC811,25,1,1.473,1
0.1292,0.008116,0.01135,0.08018,0.2489,0.07796,NMC622,25,1,0.3173,1
0.05949,0.005279,0.2369,0.09784,0.2442,0.1376,NMC532,25,1,0.1021,1
0.08629,0.055,0.3245,0.09173,0.2627,0.07954,NMC622,25,1,1.436,1
0.05161,0.06907,0.2541,0.4468,1.124,0.6746,NMC532,25,1,0.8866,1
0.1163,0.07778,0.3413,0.5194,1.597,0.5445,NMC622,25,1,0.1193,1
0.0654,0.08502,0.3107,0.2346,0.3685,0.155,NMC523,25,1,0.9244,1
0.1533,0.01278,0.09539,0.09502,0.7573,0.09656,NMC811,25,1,0.5214,1
0.1239,0.0342,0.1811,0.1188,0.3552,0.1186,NMC622,25,1,0.5937,1
0.199,0.05944,0.3972,0.9832,0.9752,1.099,NMC111,25,1,0.8221,1
0.2028,0.02587,0.3573,0.9791,0.9958,0.9747,NMC111,25,1,0.112,1
0.07558,0.04217,0.268,0.1068,0.808,0.1056,NMC811,25,1,0.7131,1
0.1774,0.06271,0.4049,0.1586,0.148,0.1528,NMC111,25,1,0.6536,1
0.1088,0.09103,0.108,0.3858,0.9223,0.5446,NMC532,25,1,0.2346,1
0.0412,0.03186,0.0286,0.5388,1.691,0.5204,NMC622,25,1,0.2534,1
0.1408,0.06304,0.09074,0.5865,1.552,0.5551,NMC622,25,1,0.07839,1
0.0745,0.08291,0.3241,0.04782,0.05313,0.04623,NMC111,25,1,1.341,1
0.1956,0.09574,0.4244,0.09524,0.2958,0.09681,NMC622,25,1,0.03823,1
0.03929,0.03046,0.1615,0.03239,0.0719,0.04299,NMC532,25,1,0.2721,1
0.04669,0.04607,0.07264,0.2235,1.814,0.2265,NMC811,25,1,0.03058,1
0.07037,0.07519,0.3645,0.0774,0.1878,0.1057,NMC532,25,1,0.1115,1
0.08216,0.09121,0.2059,0.6701,1.029,0.3977,NMC523,25,1,0.08578,1
0.2096,0.01062,0.3016,0.6387,1.116,0.395,NMC523,25,1,0.2646,1
0.1182,0.07714,0.4263,0.1208,0.3934,0.1215,NMC622,25,1,0.6312,1
0.128,0.105,0.2771,0.8797,0.8692,0.9583,NMC111,25,1,1.18,1
0.2062,0.0487,0.1687,0.0681,0.1508,0.09221,NMC532,25,1,0.2682,1
0.09348,0.05802,0.1403,0.3605,0.8716,0.5261,NMC532,25,1,0.172,1
0.2221,0.07582,0.4465,0.5229,1.527,0.4767,NMC622,25,1,1.274,1
0.09121,0.07669,0.06014,0.3953,1.142,0.4052,NMC622,25,1,0.2652,1
0.1009,0.04327,0.4541,0.2094,1.647,0.2251,NMC811,25,1,0.4565,1
0.2036,0.04716,0.2939,0.02552,0.1978,0.02615,NMC811,25,1,0.4529,1
0.1279,0.08137,0.3427,0.2382,1.817,0.2418,NMC811,25,1,0.03955,1
0.09253,0.06438,0.01627,0.08297,0.2439,0.08549,NMC622,25,1,0.0457,1
0.1243,0.01363,0.2724,0.169,0.5158,0.1743,NMC622,25,1,0.05029,1
0.1738,0.05372,0.03906,0.9131,0.9954,0.9644,NMC111,25,1,0.04156,1
0.1509,0.06976,0.03486,0.3846,1.077,0.6153,NMC532,25,1,0.4673,1
0.1018,0.04306,0.1567,0.4187,1.336,0.4158,NMC622,25,1,0.02123,1
0.1393,0.03508,0.3423,0.2349,1.563,0.2061,NMC811,25,1,0.217,1
0.005589,0.02389,0.101,0.3579,0.8913,0.5457,NMC532,25,1,0.1306,1
0.1068,0.01078,0.4438,0.3279,1.008,0.3247,NMC622,25,1,0.2054,1
0.02837,0.1038,0.3328,0.3854,1.046,0.3462,NMC622,25,1,0.1953,1
0.1299,0.06575,0.2193,0.201,0.5495,0.3148,NMC532,25,1,1.31,1
0.01342,0.09262,0.4299,0.8683,0.8868,0.8888,NMC111,25,1,0.5487,1
0.06556,0.09996,0.1713,0.4469,1.189,0.7177,NMC532,25,1,0.3228,1
0.1125,0.06256,0.1244,0.1528,1.16,0.1583,NMC811,25,1,0.1088,1
0.09728,0.08271,0.2828,0.2438,0.3947,0.1461,NMC523,25,1,0.04065,1
0.219,0.02945,0.1641,0.08069,0.1168,0.04568,NMC523,25,1,0.02114,1
0.05001,0.08292,0.01509,0.3056,0.7712,0.4814,NMC532,25,1,1.049,1
0.226,0.09636,0.08457,0.07213,0.6387,0.08164,NMC811,25,1,0.2253,1
0.1102,0.05164,0.4018,0.2681,2.173,0.2622,NMC811,25,1,0.2649,1
0.1449,0.05514,0.4061,0.5722,0.8656,0.3576,NMC523,25,1,0.5343,1
0.1612,0.0395,0.3417,0.8936,0.8963,0.8889,NMC111,25,1,0.5055,1
0.1123,0.01151,0.2626,0.6018,1.071,0.4049,NMC523,25,1,0.3419,1
0.08862,0.04927,0.2115,0.51,1.456,0.4935,NMC622,25,1,0.5125,1
0.0246,0.06844,0.2246,0.3321,0.982,0.3516,NMC622,25,1,0.9717,1
0.1731,0.04038,0.07536,0.2155,0.5326,0.3228,NMC532,25,1,0.02391,1
0.108,0.1044,0.1878,0.1732,1.406,0.1781,NMC811,25,1,0.1213,1
0.008041,0.08891,0.06851,0.1147,0.8397,0.1005,NMC811,25,1,0.07923,1
0.1398,0.1052,0.01045,0.1888,0.6069,0.2124,NMC622,25,1,0.1016,1
0.21,0.08747,0.05444,0.107,0.1022,0.1015,NMC111,25,1,0.02418,1
0.04488,0.03355,0.271,0.3792,1.191,0.3956,NMC622,25,1,0.02499,1
0.2251,0.08173,0.3255,0.5523,1.431,0.8153,NMC532,25,1,0.02662,1
0.03543,0.05837,0.1107,0.1896,0.2079,0.2049,NMC111,25,1,0.4403,1
0.2172,0.09967,0.3054,0.3904,0.9388,0.5736,NMC532,25,1,0.8412,1
0.196,0.01556,0.2416,0.2964,0.7861,0.4084,NMC532,25,1,0.03847,1
0.009016,0.03551,0.3377,0.3868,0.4103,0.3888,NMC111,25,1,0.1367,1
0.2263,0.01498,0.3338,0.2281,0.7874,0.2629,NMC622,25,1,0.2423,1
0.07657,0.05841,0.1575,0.8711,1.53,0.5614,NMC523,25,1,0.2835,1
0.203,0.06093,0.08209,0.1773,1.404,0.1838,NMC811,25,1,0.06678,1
0.1857,0.05684,0.131,0.319,0.3452,0.3103,NMC111,25,1,0.08567,1
0.1941,0.005829,0.1163,0.2227,1.763,0.1995,NMC811,25,1,0.02792,1
0.1283,0.06517,0.08449,0.6674,1.469,0.8217,NMC532,25,1,0.02602,1
0.1294,0.07795,0.2285,0.398,1.197,0.4062,NMC622,25,1,0.03948,1
0.05974,0.07257,0.44,0.02444,0.06845,0.02293,NMC622,25,1,0.208,1
0.01736,0.0191,0.02413,0.3457,0.9338,0.3552,NMC622,25,1,0.3454,1
0.01389,0.1105,0.01136,0.1883,1.36,0.1855,NMC811,25,1,0.7919,1
0.06854,0.1111,0.1708,0.4931,1.168,0.6832,NMC532,25,1,0.3333,1
0.06768,0.00789,0.3231,0.4346,1.159,0.7063,NMC532,25,1,0.6007,1
0.09185,0.1045,0.216,0.6554,1.103,0.4739,NMC523,25,1,0.0289,1
0.005578,0.02335,0.4139,0.24,0.6765,0.2342,NMC622,25,1,0.6337,1
0.1805,0.05717,0.1957,0.1422,0.4067,0.1557,NMC622,25,1,0.569,1
0.1264,0.05398,0.1275,0.532,1.168,0.7827,NMC532,25,1,0.4704,1
0.1469,0.01149,0.1825,0.5217,1.722,0.5856,NMC622,25,1,0.1192,1
0.05433,0.09321,0.1693,0.08815,0.2102,0.115,NMC532,25,1,0.6941,1
0.07152,0.0754,0.05783,0.2356,0.6062,0.3569,NMC532,25,1,0.1772,1
0.1247,0.1096,0.4142,0.2484,0.6398,0.3672,NMC532,25,1,0.09712,1
0.1051,0.08442,0.06762,0.2545,0.42,0.1594,NMC523,25,1,1.107,1
0.1323,0.05833,0.2602,0.34,0.9209,0.4922,NMC532,25,1,0.101,1
0.197,0.009478,0.05024,0.4442,1.462,0.5,NMC622,25,1,0.02575,1
0.1214,0.06643,0.07425,0.2755,0.28,0.2874,NMC111,25,1,0.0251,1
0.07335,0.06402,0.1688,0.8233,1.282,0.5086,NMC523,25,1,1.099,1
0.007159,0.05807,0.3976,0.2394,1.903,0.2277,NMC811,25,1,1.314,1
0.2093,0.05995,0.2447,0.1138,0.8887,0.1035,NMC811,25,1,0.1171,1
0.07178,0.0733,0.4116,0.1194,0.9244,0.1146,NMC811,25,1,1.156,1
0.1939,0.06311,0.04493,0.6048,1.387,0.9579,NMC532,25,1,0.3399,1
0.1613,0.0199,0.04553,0.05764,0.08857,0.03802,NMC523,25,1,0.3713,1
0.166,0.05278,0.08467,0.4531,1.152,0.6045,NMC532,25,1,0.4835,1
0.2195,0.09038,0.145,0.1086,0.8371,0.09909,NMC811,25,1,0.5012,1
0.1976,0.1055,0.06505,0.367,0.6683,0.2529,NMC523,25,1,0.08082,1
0.1253,0.01833,0.1682,0.4683,1.169,0.7167,NMC532,25,1,0.5876,1
0.1814,0.1059,0.02467,0.05234,0.0847,0.03269,NMC523,25,1,0.02016,1
0.1315,0.07727,0.4457,0.5115,1.278,0.766,NMC532,25,1,0.9263,1
0.176,0.0355,0.3281,0.8559,1.402,0.5477,NMC523,25,1,1.067,1
0.03785,0.01933,0.3572,0.3259,0.3318,0.3389,NMC111,25,1,0.03527,1
0.1966,0.1029,0.3532,0.06948,0.5183,0.06916,NMC811,25,1,0.05773,1
0.1375,0.008774,0.3678,0.3936,1.072,0.4033,NMC622,25,1,0.2899,1
0.195,0.03694,0.04738,0.2629,0.7191,0.3942,NMC532,25,1,0.0889,1
0.1697,0.05823,0.2993,0.01148,0.08634,0.01073,NMC811,25,1,1.169,1
0.07817,0.03272,0.3607,0.1134,0.3359,0.111,NMC622,25,1,0.0497,1
0.1693,0.04766,0.3207,0.2249,0.4538,0.3437,NMC532,25,1,1.015,1
0.06389,0.02238,0.2524,0.4434,0.7949,0.3149,NMC523,25,1,0.04868,1
0.09737,0.06704,0.3859,0.496,0.8625,0.356,NMC523,25,1,0.4898,1
0.03948,0.024,0.1971,0.4905,0.7921,0.3388,NMC523,25,1,0.1592,1
0.1355,0.08651,0.4192,0.1892,0.4672,0.2849,NMC532,25,1,0.2409,1
0.06811,0.09918,0.0605,0.1013,0.8088,0.1012,NMC811,25,1,0.03599,1
0.08794,0.07017,0.2826,0.1084,0.8189,0.1064,NMC811,25,1,0.3851,1
0.2147,0.07588,0.4526,0.2422,1.963,0.2516,NMC811,25,1,0.07026,1
0.1509,0.06148,0.3886,0.03871,0.07106,0.02395,NMC523,25,1,0.03483,1
0.0615,0.08232,0.0112,0.5862,0.9821,0.4028,NMC523,25,1,0.07321,1
0.06145,0.0987,0.07297,0.586,0.5914,0.6148,NMC111,25,1,0.4021,1
0.2038,0.08337,0.03604,0.2133,0.6178,0.1879,NMC622,25,1,0.1573,1
0.1858,0.02655,0.0994,0.4786,0.5242,0.5549,NMC111,25,1,0.04475,1
0.06966,0.05122,0.277,0.4322,1.04,0.6226,NMC532,25,1,0.8663,1
0.1623,0.0769,0.1316,0.5714,1.481,0.8099,NMC532,25,1,1.047,1
0.07299,0.05637,0.1526,0.1486,0.504,0.1473,NMC622,25,1,0.1859,1
0.0909,0.06685,0.2318,0.2412,1.801,0.2439,NMC811,25,1,0.6994,1
0.01186,0.06984,0.374,0.04309,0.1135,0.06629,NMC532,25,1,0.07317,1
0.1034,0.0811,0.2654,0.3501,0.9758,0.5833,NMC532,25,1,0.03202,1
0.01476,0.00259,0.06909,0.1093,0.2602,0.1803,NMC532,25,1,0.05021,1
0.1638,0.01149,0.2137,0.9444,1.47,0.6391,NMC523,25,1,0.2336,1
0.2188,0.1069,0.3248,0.8677,1.392,0.5892,NMC523,25,1,0.1977,1
0.07334,0.002781,0.3083,0.02929,0.09407,0.0309,NMC622,25,1,0.7251,1
0.1985,0.02284,0.3243,0.4111,1.217,0.4361,NMC622,25,1,0.8739,1
0.03315,0.09764,0.2504,0.4461,1.535,0.5106,NMC622,25,1,0.338,1
0.08121,0.005601,0.2833,0.9104,0.9751,1.001,NMC111,25,1,1.26,1
0.08351,0.07195,0.23,0.1976,0.1978,0.2013,NMC111,25,1,1.216,1
0.2231,0.04999,0.0181,0.05569,0.1575,0.05875,NMC622,25,1,0.05722,1
0.1545,0.05171,0.05833,0.06014,0.4408,0.06169,NMC811,25,1,0.05328,1
0.07058,0.005401,0.3683,0.4399,0.7026,0.2455,NMC523,25,1,0.0689,1
0.1302,0.03237,0.1268,0.1778,0.5751,0.1821,NMC622,25,1,0.2004,1
0.006316,0.003271,0.07969,0.502,1.25,0.7131,NMC532,25,1,1.003,1
0.03652,0.02866,0.1186,0.2308,0.3846,0.1536,NMC523,25,1,1.265,1
0.1418,0.008865,0.4175,0.07856,0.08094,0.07517,NMC111,25,1,0.08219,1
0.1956,0.01326,0.219,0.1063,0.3171,0.1092,NMC622,25,1,0.495,1
0.004546,0.02596,0.2634,0.09655,0.2403,0.1564,NMC532,25,1,0.1985,1
0.1783,0.003098,0.4052,0.8292,1.451,0.6205,NMC523,25,1,0.08897,1
0.2007,0.01546,0.08049,0.7623,1.265,0.4565,NMC523,25,1,0.07593,1
0.04177,0.03301,0.2637,0.0244,0.239,0.02603,NMC811,25,1,0.08172,1
0.2117,0.006788,0.02227,0.3789,1.094,0.3518,NMC622,25,1,0.02144,1
0.01766,0.003346,0.1441,0.1612,1.384,0.1569,NMC811,25,1,0.06141,1
0.109,0.03296,0.4457,0.2606,0.4348,0.1633,NMC523,25,1,0.197,1
0.02647,0.102,0.3819,0.985,1.022,1.084,NMC111,25,1,0.5718,1
0.1267,0.02732,0.2935,0.4551,0.7587,0.306,NMC523,25,1,0.2625,1
0.1016,0.05955,0.1601,0.2467,0.6494,0.3898,NMC532,25,1,0.5225,1
0.1067,0.07745,0.3427,0.01048,0.03383,0.01159,NMC622,25,1,0.04709,1
0.1513,0.08805,0.2634,0.3709,0.9011,0.5626,NMC532,25,1,0.06062,1
0.05119,0.02982,0.1152,0.3939,0.9032,0.5565,NMC532,25,1,0.1546,1
0.08711,0.06275,0.01347,0.2912,0.6861,0.4144,NMC532,25,1,0.5202,1
0.1163,0.1113,0.4362,0.2487,0.2626,0.2495,NMC111,25,1,0.03558,1
0.2166,0.07885,0.4224,0.1879,0.2173,0.2129,NMC111,25,1,0.6784,1
0.1556,0.01688,0.06967,0.1105,0.2979,0.1735,NMC532,25,1,0.02501,1
0.07766,0.08982,0.2,0.2435,1.782,0.2354,NMC811,25,1,0.07219,1
0.05135,0.08419,0.202,0.6973,1.185,0.4929,NMC523,25,1,0.07773,1
0.141,0.05038,0.258,0.2153,0.3138,0.1423,NMC523,25,1,0.0641,1
0.1704,0.06121,0.3651,0.03569,0.03679,0.03595,NMC111,25,1,0.03445,1
0.06686,0.07262,0.1536,0.5107,1.233,0.7461,NMC532,25,1,0.1449,1
0.08613,0.02361,0.0779,0.2931,0.6646,0.4382,NMC532,25,1,0.5302,1
0.02144,0.007531,0.1172,0.3778,0.812,0.4995,NMC532,25,1,0.2516,1
0.0245,0.07017,0.03549,0.07429,0.07991,0.08031,NMC111,25,1,0.07943,1
0.2193,0.04923,0.2447,0.1093,0.3518,0.1102,NMC622,25,1,0.02538,1
0.03706,0.0166,0.09248,0.4975,0.7898,0.2919,NMC523,25,1,0.3671,1
0.08425,0.004756,0.0731,0.5977,1.838,0.5671,NMC622,25,1,1,1
0.1357,0.1097,0.1429,0.4381,1.218,0.6866,NMC532,25,1,0.04206,1
0.07653,0.04055,0.3438,0.2203,0.5012,0.2744,NMC532,25,1,0.05366,1
0.0529,0.04162,0.3821,0.1698,0.3567,0.2193,NMC532,25,1,0.04758,1
0.0672,0.05492,0.1655,0.5726,1.026,0.4188,NMC523,25,1,0.5365,1
0.1304,0.0602,0.2098,0.04291,0.3495,0.04557,NMC811,25,1,0.03121,1
0.04347,0.09437,0.1172,0.06399,0.4846,0.06488,NMC811,25,1,0.03475,1
0.1527,0.01039,0.3343,0.4821,0.4618,0.5083,NMC111,25,1,0.09405,1
0.2274,0.06492,0.1824,0.05899,0.1424,0.08562,NMC532,25,1,0.1374,1
0.06997,0.06223,0.1436,0.7262,1.325,0.4818,NMC523,25,1,0.1191,1
0.1386,0.08548,0.1707,0.2083,0.5106,0.3443,NMC532,25,1,1.048,1
0.0186,0.05751,0.1289,0.6981,0.9769,0.4378,NMC523,25,1,0.07654,1
0.06735,0.0701,0.433,0.5427,0.8623,0.3528,NMC523,25,1,0.59,1
0.1369,0.01766,0.1485,0.1483,0.4324,0.1552,NMC622,25,1,0.1003,1
0.2132,0.01395,0.1258,0.848,0.849,0.9138,NMC111,25,1,0.08383,1
0.01634,0.04777,0.2316,0.9344,0.8752,0.8572,NMC111,25,1,0.1191,1
0.007892,0.06118,0.02984,0.4309,1.08,0.3802,NMC622,25,1,0.05081,1
0.1618,0.07823,0.04192,0.05624,0.1402,0.08345,NMC532,25,1,0.9544,1
0.02369,0.02871,0.4083,0.2892,0.8255,0.2595,NMC622,25,1,0.7116,1
0.05715,0.08013,0.1718,0.4426,0.7906,0.2969,NMC523,25,1,0.4019,1
0.1771,0.1025,0.2351,0.03447,0.3086,0.03436,NMC811,25,1,0.1261,1
0.01427,0.06802,0.3904,0.3594,0.3423,0.3564,NMC111,25,1,0.4505,1
0.1426,0.01767,0.1858,0.08258,0.2063,0.1268,NMC532,25,1,0.03679,1
0.118,0.02017,0.3738,0.3854,1.212,0.3988,NMC622,25,1,0.07441,1
0.07504,0.06119,0.4559,0.9309,1.503,0.5956,NMC523,25,1,0.1011,1
0.1535,0.0123,0.2098,0.6245,0.5994,0.6393,NMC111,25,1,0.9372,1
0.2179,0.01914,0.2597,0.3525,0.8771,0.5609,NMC532,25,1,0.6636,1
0.006575,0.04709,0.2746,0.1974,1.627,0.1868,NMC811,25,1,0.2204,1
0.04327,0.1108,0.04691,0.07708,0.5394,0.07134,NMC811,25,1,0.9385,1
0.165,0.0769,0.2424,0.2587,0.448,0.1714,NMC523,25,1,0.6587,1
0.01973,0.07137,0.1709,0.2772,0.7213,0.4162,NMC532,25,1,0.7112,1
0.1367,0.11,0.04337,0.5749,0.912,0.3706,NMC523,25,1,0.4629,1
0.1334,0.01687,0.4017,0.2099,0.6887,0.2118,NMC622,25,1,0.7171,1
0.2047,0.09714,0.4261,0.3154,0.8232,0.5421,NMC532,25,1,0.5395,1
0.2222,0.02288,0.007817,0.2418,1.822,0.237,NMC811,25,1,0.2092,1
0.0854,0.007259,0.02463,0.1052,0.3301,0.1143,NMC622,25,1,0.4101,1
0.0756,0.02685,0.2995,0.03208,0.2693,0.03342,NMC811,25,1,0.05602,1
0.08001,0.04069,0.07994,0.2582,0.682,0.3532,NMC532,25,1,0.877,1
0.2017,0.02968,0.08962,0.5306,0.4869,0.5313,NMC111,25,1,0.1342,1
0.1341,0.03678,0.2663,0.3745,1.111,0.3973,NMC622,25,1,0.2887,1
0.1533,0.02165,0.3015,0.3908,0.3647,0.376,NMC111,25,1,0.09845,1
0.07877,0.02916,0.2311,0.6616,0.6765,0.6902,NMC111,25,1,1.068,1
0.1167,0.1023,0.1855,0.8165,1.406,0.5246,NMC523,25,1,0.2434,1
0.01147,0.04937,0.352,0.1689,1.285,0.1587,NMC811,25,1,0.1597,1
0.1801,0.0431,0.3207,0.1546,1.263,0.1727,NMC811,25,1,0.1084,1
0.06296,0.008828,0.3047,0.406,0.9941,0.5162,NMC532,25,1,0.1018,1
0.05769,0.007301,0.3958,0.1822,1.813,0.202,NMC811,25,1,0.3256,1
0.1068,0.004047,0.1138,0.05682,0.4717,0.06104,NMC811,25,1,0.134,1
0.1482,0.09025,0.1702,0.4513,0.7985,0.3374,NMC523,25,1,0.1403,1
0.1515,0.1097,0.4283,0.5535,1.852,0.6161,NMC622,25,1,1.404,1
0.06417,0.1064,0.2214,0.02046,0.03663,0.01444,NMC523,25,1,0.07211,1
0.1863,0.07944,0.03341,0.09145,0.2658,0.08978,NMC622,25,1,0.1866,1
0.203,0.04193,0.3449,0.9347,1.504,0.5943,NMC523,25,1,0.04434,1
0.05551,0.09465,0.098,0.09188,0.8043,0.1002,NMC811,25,1,0.1242,1
0.116,0.04619,0.01152,0.809,1.475,0.5666,NMC523,25,1,0.1976,1
0.03839,0.01075,0.2109,0.7995,1.211,0.5087,NMC523,25,1,0.02994,1
0.2038,0.07082,0.415,0.01474,0.03769,0.02238,NMC532,25,1,0.05828,1
0.1358,0.01573,0.1468,0.2644,2.242,0.2634,NMC811,25,1,0.03103,1
0.08054,0.03268,0.2847,0.2104,1.562,0.1903,NMC811,25,1,0.02992,1
0.05852,0.1108,0.3596,0.2128,0.336,0.1371,NMC523,25,1,0.794,1
0.02987,0.09206,0.05566,0.06053,0.155,0.09038,NMC532,25,1,1.429,1
0.1237,0.06505,0.119,0.2385,0.588,0.3473,NMC532,25,1,0.02367,1
0.1101,0.08737,0.02106,0.9389,0.8802,0.9279,NMC111,25,1,0.02981,1
0.1755,0.01538,0.264,0.7272,1.232,0.5475,NMC523,25,1,0.9575,1
0.1185,0.06237,0.2975,0.4967,1.37,0.7566,NMC532,25,1,0.08557,1
0.01716,0.1094,0.1501,0.3372,0.6151,0.2391,NMC523,25,1,0.1696,1
0.0819,0.02764,0.1325,0.1952,0.4483,0.2869,NMC532,25,1,0.06283,1
0.132,0.06889,0.09803,0.7329,0.7572,0.765,NMC111,25,1,0.2815,1
0.1387,0.02879,0.4385,0.3434,0.5999,0.244,NMC523,25,1,0.08507,1
0.1354,0.03701,0.1929,0.4646,1.125,0.722,NMC532,25,1,0.2431,1
0.2213,0.09393,0.1943,0.136,0.4345,0.1332,NMC622,25,1,0.03295,1
0.09261,0.08739,0.2132,0.6176,1.42,0.8527,NMC532,25,1,0.6492,1
0.01129,0.07137,0.008699,0.1864,0.5036,0.2842,NMC532,25,1,0.2122,1
0.0839,0.03458,0.2999,0.09697,0.7924,0.09953,NMC811,25,1,0.1754,1
0.2032,0.06516,0.3064,0.4022,0.7002,0.2751,NMC523,25,1,0.02692,1
0.1351,0.07035,0.4514,0.1262,0.3736,0.1286,NMC622,25,1,0.5884,1
0.1333,0.109,0.2421,0.9117,0.9561,1.039,NMC111,25,1,0.6262,1
0.1498,0.06469,0.2494,0.4056,1.376,0.4462,NMC622,25,1,0.0504,1
0.2264,0.02322,0.2924,0.2934,0.7783,0.2879,NMC622,25,1,0.02227,1
0.1626,0.009319,0.2479,1.035,0.8978,1.037,NMC111,25,1,0.5016,1
0.06598,0.03161,0.1673,0.7165,1.242,0.4468,NMC523,25,1,0.02703,1
0.0912,0.02584,0.09671,0.05217,0.4604,0.05251,NMC811,25,1,0.05529,1
0.08145,0.0342,0.1039,0.2717,2.461,0.2901,NMC811,25,1,0.5715,1
0.227,0.0681,0.1698,0.1558,0.1428,0.1395,NMC111,25,1,0.04471,1
0.04296,0.05337,0.3976,0.3373,0.3417,0.3431,NMC111,25,1,0.02805,1
0.1362,0.04171,0.3783,0.3997,1.26,0.4144,NMC622,25,1,0.25,1
0.07242,0.02465,0.3554,0.5407,0.4882,0.5735,NMC111,25,1,0.7035,1
0.04567,0.05241,0.1942,0.3088,1.01,0.3352,NMC622,25,1,0.03635,1
0.1906,0.1004,0.06759,0.6153,1.769,0.581,NMC622,25,1,1.17,1
0.1023,0.04393,0.4343,0.06091,0.1737,0.05886,NMC622,25,1,0.1785,1
0.2267,0.009925,0.08646,0.3113,0.334,0.3015,NMC111,25,1,0.03197,1
0.08201,0.08322,0.1106,0.1958,1.521,0.1964,NMC811,25,1,0.03498,1
0.1962,0.02016,0.1041,0.4869,1.584,0.4998,NMC622,25,1,0.1434,1
0.139,0.007599,0.4576,0.5632,0.9715,0.367,NMC523,25,1,0.8243,1
0.107,0.05521,0.3866,0.02361,0.06017,0.0355,NMC532,25,1,0.2129,1
0.1183,0.08976,0.06928,0.06733,0.1743,0.1045,NMC532,25,1,0.183,1
0.1744,0.04385,0.2868,0.05858,0.05676,0.06126,NMC111,25,1,0.02609,1
0.07602,0.002128,0.1822,0.04831,0.3905,0.05252,NMC811,25,1,0.7833,1
0.1683,0.06623,0.3529,0.04221,0.1293,0.04319,NMC622,25,1,0.31,1
0.02222,0.1049,0.04184,0.4309,1.14,0.6874,NMC532,25,1,0.0872,1
0.08878,0.01824,0.3434,0.6943,1.157,0.4149,NMC523,25,1,0.2597,1
0.03692,0.08368,0.1438,0.1956,0.4952,0.2683,NMC532,25,1,0.2096,1
0.1954,0.04645,0.0331,0.2279,1.761,0.1965,NMC811,25,1,1.446,1
0.09512,0.0522,0.2143,0.3192,0.3034,0.2981,NMC111,25,1,0.4657,1
0.06308,0.005453,0.2331,0.8387,1.371,0.549,NMC523,25,1,0.04727,1
0.06433,0.08063,0.3656,0.3224,0.329,0.3114,NMC111,25,1,0.2582,1
0.02358,0.06257,0.09111,0.3795,0.4254,0.4097,NMC111,25,1,0.7961,1
0.1591,0.1021,0.3454,0.3048,0.9495,0.2958,NMC622,25,1,0.1377,1
0.06654,0.01174,0.02467,0.231,0.6965,0.2258,NMC622,25,1,0.2968,1
0.04286,0.03785,0.02901,0.3028,0.7685,0.4349,NMC532,25,1,0.0339,1
0.1427,0.06399,0.07059,0.1142,0.1896,0.07852,NMC523,25,1,0.3585,1
0.1833,0.006419,0.414,0.235,0.5708,0.3413,NMC532,25,1,1.021,1
0.0403,0.03235,0.4481,0.3946,1.143,0.3761,NMC622,25,1,0.09939,1
0.1853,0.06515,0.3633,0.3685,0.5577,0.2382,NMC523,25,1,0.1783,1
0.07302,0.08028,0.3311,0.6258,0.6164,0.5967,NMC111,25,1,0.241,1
0.08785,0.005934,0.1724,0.07694,0.1696,0.1082,NMC532,25,1,0.07395,1
0.2056,0.06234,0.07121,0.8851,0.9273,0.9508,NMC111,25,1,0.186,1
0.09549,0.0968,0.2114,0.1908,0.4833,0.2938,NMC532,25,1,0.02235,1
0.005444,0.05631,0.1132,0.1443,0.223,0.09819,NMC523,25,1,0.08569,1
0.05696,0.06422,0.1095,0.008088,0.05975,0.007867,NMC811,25,1,0.1741,1
0.1219,0.05021,0.449,0.3068,2.45,0.3063,NMC811,25,1,0.0993,1
0.1457,0.0875,0.1368,0.248,2.219,0.2734,NMC811,25,1,0.1304,1
0.01803,0.03924,0.08033,0.2831,2.306,0.2625,NMC811,25,1,0.1174,1
0.2236,0.07007,0.1804,0.2617,2.029,0.2554,NMC811,25,1,0.3758,1
0.2258,0.08419,0.05013,0.01128,0.02917,0.0172,NMC532,25,1,0.5265,1
0.1955,0.08034,0.1843,0.3918,0.6007,0.2699,NMC523,25,1,1.009,1
0.08905,0.04051,0.1982,0.5286,1.631,0.5156,NMC622,25,1,0.1192,1
0.207,0.04944,0.3804,0.2726,0.2394,0.2686,NMC111,25,1,0.09608,1
0.06905,0.08737,0.338,0.2276,1.735,0.2301,NMC811,25,1,0.2564,1
0.1824,0.00929,0.1575,0.2237,1.746,0.2135,NMC811,25,1,0.1947,1
0.1492,0.05943,0.06685,0.09208,0.2412,0.141,NMC532,25,1,0.9654,1
0.1437,0.07174,0.01405,0.623,0.943,0.3724,NMC523,25,1,0.1671,1
0.2103,0.02332,0.4457,0.5028,0.4939,0.4927,NMC111,25,1,0.4408,1
0.0459,0.08083,0.05121,0.159,0.4444,0.2373,NMC532,25,1,1.491,1
0.1406,0.08735,0.2111,0.1881,1.442,0.1835,NMC811,25,1,0.457,1
0.1247,0.09482,0.1986,0.3408,1.052,0.3101,NMC622,25,1,0.02722,1
0.2091,0.01148,0.2726,1.035,1.016,1.027,NMC111,25,1,0.02819,1
0.03109,0.003077,0.1539,0.412,1.067,0.6184,NMC532,25,1,0.5116,1
0.1874,0.01966,0.1099,0.3093,0.9099,0.2843,NMC622,25,1,0.02627,1
0.172,0.02828,0.4435,0.4213,1.068,0.5859,NMC532,25,1,0.8612,1
0.01222,0.08304,0.2456,0.3685,0.9026,0.4797,NMC532,25,1,0.1612,1
0.1824,0.03021,0.113,0.06723,0.5378,0.06688,NMC811,25,1,0.06669,1
0.2248,0.021,0.292,0.2211,1.644,0.2184,NMC811,25,1,0.5798,1
0.00546,0.04034,0.1432,0.3488,0.3848,0.3771,NMC111,25,1,0.8548,1
0.1049,0.04861,0.1375,0.2238,1.847,0.2275,NMC811,25,1,0.4448,1
0.1077,0.01804,0.4347,0.4676,0.4475,0.4629,NMC111,25,1,0.1689,1
0.2188,0.04839,0.368,0.1483,1.146,0.1587,NMC811,25,1,0.2615,1
0.09674,0.01858,0.1432,0.8637,0.8886,0.9123,NMC111,25,1,0.2826,1
0.1201,0.07729,0.3045,0.7912,0.8069,0.8075,NMC111,25,1,0.9468,1
0.1906,0.02699,0.09772,0.5384,1.531,0.4754,NMC622,25,1,0.06229,1
0.01461,0.02561,0.4498,0.3739,0.6163,0.2266,NMC523,25,1,1.015,1
0.09816,0.01017,0.2153,0.5692,0.9753,0.3583,NMC523,25,1,0.419,1
0.108,0.03202,0.08902,0.3377,0.5164,0.2,NMC523,25,1,0.0632,1
0.119,0.05507,0.06858,0.09081,0.2805,0.09287,NMC622,25,1,0.05664,1
0.1499,0.08664,0.128,0.2538,2.187,0.2498,NMC811,25,1,1.425,1
0.127,0.06747,0.3252,0.9391,1.106,1.025,NMC111,25,1,0.7106,1
0.05276,0.06511,0.08143,0.5312,0.8633,0.3758,NMC523,25,1,0.08426,1
0.1714,0.09881,0.3081,0.03066,0.2294,0.02934,NMC811,25,1,1.042,1
0.1056,0.03448,0.3591,0.2514,0.7888,0.2505,NMC622,25,1,0.408,1
0.127,0.04896,0.44,0.4832,0.8653,0.3516,NMC523,25,1,0.08493,1
0.09644,0.04147,0.3136,0.01723,0.1699,0.01928,NMC811,25,1,0.05701,1
0.2244,0.106,0.1948,0.1924,1.421,0.2048,NMC811,25,1,0.04846,1
0.2192,0.1054,0.3836,0.7693,1.449,0.5522,NMC523,25,1,0.7984,1
0.1538,0.09132,0.3598,0.5992,1.309,0.7504,NMC532,25,1,1.096,1
0.1072,0.08477,0.3406,0.8752,0.9369,0.9204,NMC111,25,1,0.2454,1
0.09599,0.05749,0.3476,0.3171,0.8165,0.5162,NMC532,25,1,1.075,1
0.01224,0.07635,0.06352,0.3395,0.8333,0.5296,NMC532,25,1,0.2159,1
0.09635,0.06885,0.3699,0.3174,2.287,0.2902,NMC811,25,1,0.02812,1
0.04577,0.01899,0.04213,0.2783,2.034,0.2745,NMC811,25,1,0.5612,1
0.02531,0.004304,0.08649,0.3143,0.9293,0.3262,NMC622,25,1,0.2197,1
0.2221,0.04214,0.03633,0.1806,0.5684,0.1847,NMC622,25,1,0.3067,1
0.2121,0.06392,0.1764,0.07864,0.1964,0.1147,NMC532,25,1,0.1549,1
0.1381,0.1079,0.01209,0.4929,0.7617,0.3444,NMC523,25,1,0.6824,1
0.08256,0.07193,0.3649,0.1162,0.8929,0.1161,NMC811,25,1,0.896,1
0.09652,0.09141,0.2866,0.09944,0.8464,0.1074,NMC811,25,1,0.05264,1
0.1113,0.07728,0.2799,0.4953,1.284,0.7574,NMC532,25,1,0.04697,1
0.02202,0.05783,0.2761,0.5559,1.31,0.7515,NMC532,25,1,0.03224,1
0.2086,0.02713,0.3589,0.0394,0.2925,0.04056,NMC811,25,1,0.4068,1
0.01192,0.009666,0.3372,0.1387,0.2375,0.09745,NMC523,25,1,0.04506,1
0.2205,0.09598,0.3311,0.3434,0.8108,0.5294,NMC532,25,1,0.1251,1
0.02491,0.09281,0.1115,0.8423,0.8175,0.8696,NMC111,25,1,0.05557,1
0.2166,0.01349,0.01291,0.6513,1.193,0.4341,NMC523,25,1,0.06026,1
0.1807,0.06201,0.3758,0.6169,0.598,0.6862,NMC111,25,1,0.03842,1
0.005321,0.06571,0.1968,0.2777,0.485,0.1883,NMC523,25,1,0.1024,1
0.0411,0.01193,0.2995,0.2864,0.9023,0.2911,NMC622,25,1,0.0289,1
0.07566,0.05398,0.02133,0.9264,0.9427,0.8745,NMC111,25,1,0.02726,1
0.01241,0.06017,0.3536,0.2517,0.5226,0.3763,NMC532,25,1,0.0212,1
0.1317,0.09301,0.08186,0.1083,0.2786,0.1613,NMC532,25,1,0.3828,1
0.008383,0.0134,0.03281,0.1661,1.273,0.168,NMC811,25,1,0.1008,1
0.2274,0.004802,0.3725,0.3494,0.9899,0.3484,NMC622,25,1,0.09335,1
0.01329,0.09917,0.1261,0.3213,0.3242,0.295,NMC111,25,1,0.8827,1
0.07014,0.0651,0.4184,0.5064,0.5418,0.5131,NMC111,25,1,0.2665,1
0.2247,0.03553,0.1618,0.4061,1.336,0.4851,NMC622,25,1,0.09476,1
0.1744,0.0846,0.4055,0.138,1.095,0.1345,NMC811,25,1,0.8831,1
0.1724,0.05533,0.2473,0.5237,1.27,0.8406,NMC532,25,1,0.1401,1
0.1598,0.06492,0.3671,0.2989,0.9186,0.3026,NMC622,25,1,1.343,1
0.08026,0.1085,0.03555,0.3382,0.8169,0.5338,NMC532,25,1,0.2957,1
0.2054,0.00647,0.352,0.5759,0.8621,0.3873,NMC523,25,1,0.02471,1
0.1971,0.04401,0.2856,0.5079,1.658,0.5234,NMC622,25,1,0.03296,1
0.1957,0.09955,0.2427,0.09381,0.1606,0.05979,NMC523,25,1,0.1564,1
0.1325,0.03347,0.01661,0.6008,1.408,0.8802,NMC532,25,1,1.178,1
0.09507,0.06328,0.3821,0.4951,1.171,0.7358,NMC532,25,1,0.2551,1
0.02338,0.08825,0.43,0.2733,2.183,0.2652,NMC811,25,1,0.1011,1
0.05345,0.07472,0.2538,0.1824,1.344,0.1671,NMC811,25,1,0.2333,1
0.17,0.04782,0.2032,0.5199,0.5101,0.4885,NMC111,25,1,0.07468,1
0.04481,0.06941,0.4397,0.1141,0.8509,0.1161,NMC811,25,1,0.02828,1
0.2263,0.05807,0.1811,0.2473,0.7306,0.2596,NMC622,25,1,0.03064,1
0.0942,0.1087,0.1278,0.4321,1.294,0.422,NMC622,25,1,0.07866,1
0.1806,0.05134,0.3612,0.5946,1.823,0.6243,NMC622,25,1,0.3135,1
0.1635,0.03718,0.1496,0.9216,0.8857,1.002,NMC111,25,1,0.04989,1
0.1253,0.06132,0.36,0.8976,1.366,0.5429,NMC523,25,1,0.7193,1
0.04544,0.00335,0.04825,0.1764,1.488,0.1829,NMC811,25,1,1.407,1
0.1602,0.01225,0.4547,0.1084,0.1845,0.07374,NMC523,25,1,0.09153,1
0.03931,0.05581,0.1928,0.3686,0.8547,0.5381,NMC532,25,1,0.09959,1
0.2152,0.0408,0.05225,0.2521,0.4522,0.1813,NMC523,25,1,0.5676,1
0.09108,0.06074,0.1268,0.1912,1.539,0.1895,NMC811,25,1,1.185,1
0.2215,0.02688,0.4113,0.3279,0.3433,0.3419,NMC111,25,1,1.277,1
0.01254,0.06446,0.4007,0.9015,0.9478,0.9213,NMC111,25,1,0.3719,1
0.1526,0.07403,0.02419,0.1218,1.019,0.1307,NMC811,25,1,0.8781,1
0.01102,0.0874,0.3869,1.079,1.018,0.9671,NMC111,25,1,0.8952,1
0.07025,0.04664,0.02382,0.1621,1.279,0.1593,NMC811,25,1,0.8219,1
0.005837,0.07134,0.2419,0.8734,1.457,0.5742,NMC523,25,1,0.06735,1
0.1671,0.03114,0.3999,0.377,0.3994,0.4014,NMC111,25,1,0.1698,1
0.09191,0.02761,0.08235,0.8303,0.9161,0.8644,NMC111,25,1,0.5959,1
0.1712,0.05288,0.1692,0.1881,0.1741,0.172,NMC111,25,1,0.1201,1
0.1495,0.09668,0.269,0.2216,1.754,0.2108,NMC811,25,1,1.058,1
0.0981,0.03888,0.03209,0.4648,0.4828,0.4668,NMC111,25,1,0.0376,1
0.1652,0.05878,0.2098,0.01779,0.01703,0.01899,NMC111,25,1,0.1899,1
0.08303,0.031,0.08652,0.1216,0.1823,0.07709,NMC523,25,1,0.03192,1
0.09781,0.03482,0.3929,0.1072,0.1814,0.07405,NMC523,25,1,0.416,1
0.1744,0.104,0.1587,0.5453,1.547,0.5406,NMC622,25,1,0.1723,1
0.007587,0.1027,0.04646,0.2056,0.6123,0.1996,NMC622,25,1,0.2478,1
0.1983,0.01974,0.1397,0.2859,0.4984,0.2009,NMC523,25,1,0.04012,1
0.06595,0.04069,0.00727,0.1886,0.5739,0.1961,NMC622,25,1,0.1309,1
0.01886,0.00916,0.1621,0.2439,0.4437,0.173,NMC523,25,1,0.2512,1
0.0997,0.09964,0.2218,0.3507,0.8554,0.4792,NMC532,25,1,0.6322,1
0.1208,0.1015,0.1549,0.0783,0.7006,0.08691,NMC811,25,1,0.1545,1
0.1057,0.03744,0.1758,0.5966,1.453,0.9581,NMC532,25,1,0.0215,1
0.01441,0.0749,0.02061,0.5523,0.86,0.354,NMC523,25,1,1.428,1
0.2107,0.09903,0.1291,0.1583,0.486,0.1404,NMC622,25,1,0.3403,1
0.03388,0.06311,0.2278,0.6476,1.138,0.4561,NMC523,25,1,0.1921,1
0.02116,0.01855,0.2959,0.06624,0.5315,0.06658,NMC811,25,1,0.07564,1
0.1942,0.03822,0.2619,0.3036,2.437,0.2874,NMC811,25,1,1.189,1
0.02474,0.01718,0.07597,0.6727,1.174,0.4142,NMC523,25,1,0.05302,1
0.08816,0.02811,0.2456,0.5367,0.4281,0.4472,NMC111,25,1,0.2414,1
0.03703,0.0931,0.4087,0.1068,0.1755,0.07093,NMC523,25,1,0.2802,1
0.1053,0.01551,0.05404,0.3554,1.102,0.3684,NMC622,25,1,0.04657,1
0.02839,0.1084,0.2494,0.02012,0.06062,0.02006,NMC622,25,1,0.03581,1
0.162,0.01837,0.1089,0.1588,0.2273,0.09634,NMC523,25,1,0.08613,1
0.207,0.009484,0.2064,0.3585,1.073,0.3371,NMC622,25,1,0.02411,1
0.05933,0.1047,0.305,0.2796,0.2727,0.2517,NMC111,25,1,0.1718,1
0.1855,0.07922,0.3011,0.1952,0.5193,0.3058,NMC532,25,1,0.1109,1
0.0191,0.1095,0.3927,0.2083,0.1859,0.178,NMC111,25,1,0.02303,1
0.1805,0.0804,0.2681,0.4999,1.578,0.5235,NMC622,25,1,0.03608,1
0.05501,0.05254,0.207,0.6847,1.76,0.5876,NMC622,25,1,0.02025,1
0.1152,0.08178,0.4002,0.05088,0.1712,0.0517,NMC622,25,1,0.1879,1
0.08212,0.05151,0.1885,0.08905,0.6996,0.08609,NMC811,25,1,0.2929,1
0.2214,0.0753,0.2671,0.1714,0.6001,0.2117,NMC622,25,1,0.1579,1
0.04972,0.09743,0.2644,0.06912,0.1964,0.06832,NMC622,25,1,0.02784,1
0.112,0.06579,0.3885,0.4631,0.745,0.2945,NMC523,25,1,0.2055,1
0.1218,0.08159,0.2964,0.8758,1.571,0.5813,NMC523,25,1,0.06094,1
0.05861,0.07535,0.2968,0.2873,2.257,0.2777,NMC811,25,1,0.07268,1
0.03157,0.1098,0.1082,0.2323,1.852,0.2319,NMC811,25,1,0.02721,1
0.1493,0.1026,0.1985,0.05895,0.4977,0.05529,NMC811,25,1,0.1744,1
0.06378,0.02205,0.1998,0.3009,0.9935,0.3427,NMC622,25,1,0.2515,1
0.1362,0.05703,0.1968,0.7385,0.762,0.7964,NMC111,25,1,0.02467,1
0.1635,0.09383,0.2092,0.2372,0.6995,0.223,NMC622,25,1,0.3149,1
0.2205,0.07666,0.2879,0.1382,1.095,0.1355,NMC811,25,1,0.04251,1
0.06811,0.07693,0.4059,0.2925,0.6452,0.42,NMC532,25,1,0.1772,1
0.0105,0.08844,0.2289,0.3529,0.6553,0.2408,NMC523,25,1,0.9494,1
0.1707,0.0606,0.2881,0.3175,0.8618,0.3025,NMC622,25,1,0.08023,1
0.1244,0.002799,0.4076,0.3172,1.073,0.3491,NMC622,25,1,0.2117,1
0.03677,0.06121,0.4118,0.03006,0.2298,0.02917,NMC811,25,1,0.09662,1
0.08973,0.07746,0.2914,0.2061,0.2161,0.2106,NMC111,25,1,0.546,1
0.02433,0.05376,0.1496,0.2822,0.6721,0.4335,NMC532,25,1,0.4697,1
0.06979,0.01941,0.2664,0.2783,0.2882,0.2961,NMC111,25,1,0.07875,1
0.03673,0.05297,0.1669,0.4678,1.317,0.8253,NMC532,25,1,0.1312,1
0.1661,0.06229,0.1277,0.5161,0.5061,0.5225,NMC111,25,1,0.0489,1
0.1138,0.04077,0.04324,0.126,0.3636,0.2197,NMC532,25,1,1.296,1
0.213,0.07256,0.2024,0.9462,1.378,0.5522,NMC523,25,1,1.335,1
0.1014,0.06525,0.3418,0.4659,1.256,0.4059,NMC622,25,1,0.6654,1
0.1509,0.07739,0.04215,0.9965,1.002,1.067,NMC111,25,1,0.3951,1
0.06191,0.05781,0.3528,0.496,1.42,0.8395,NMC532,25,1,0.1554,1
0.1381,0.05783,0.4127,0.1554,0.3654,0.2076,NMC532,25,1,0.1734,1
0.1108,0.08534,0.09663,0.09937,0.2707,0.1649,NMC532,25,1,0.05635,1
0.1545,0.0821,0.3489,0.3278,0.5919,0.2269,NMC523,25,1,0.02989,1
0.1096,0.04344,0.2633,0.08783,0.7987,0.08977,NMC811,25,1,0.2547,1
0.1465,0.09511,0.156,0.5371,1.406,0.766,NMC532,25,1,1.249,1
0.09009,0.07666,0.3985,0.36,0.894,0.5668,NMC532,25,1,0.04744,1
0.1658,0.02676,0.3183,0.03725,0.1171,0.03691,NMC622,25,1,0.466,1
0.07668,0.0368,0.2431,0.2107,1.607,0.2073,NMC811,25,1,0.06495,1
0.105,0.03547,0.2931,0.279,0.6364,0.4262,NMC532,25,1,1.012,1
0.08998,0.01821,0.1374,0.4527,1.276,0.6787,NMC532,25,1,0.0494,1
0.1297,0.0241,0.14,0.1707,1.474,0.1789,NMC811,25,1,0.02772,1
0.0813,0.01335,0.3435,0.1604,0.3564,0.2323,NMC532,25,1,0.1542,1
0.1341,0.004959,0.03048,0.1002,0.236,0.1455,NMC532,25,1,0.06184,1
0.08353,0.1112,0.1051,0.2131,0.7104,0.2417,NMC622,25,1,0.1519,1
0.03259,0.002185,0.2906,0.1214,0.3521,0.1131,NMC622,25,1,1.385,1
0.006627,0.009383,0.1898,0.2694,1.929,0.2623,NMC811,25,1,0.375,1
0.1399,0.03768,0.1735,0.01008,0.07674,0.01056,NMC811,25,1,0.538,1
0.1146,0.09517,0.01544,0.0806,0.5677,0.07477,NMC811,25,1,0.9081,1
0.1416,0.05384,0.177,0.01849,0.1405,0.01955,NMC811,25,1,1.196,1
0.2049,0.1041,0.1678,0.5358,1.522,0.8496,NMC532,25,1,0.03038,1
0.04167,0.1028,0.4011,0.456,0.4586,0.4268,NMC111,25,1,0.04174,1
0.1919,0.04188,0.4547,0.07856,0.5934,0.0759,NMC811,25,1,0.1073,1
0.09443,0.005549,0.3896,0.2926,0.7719,0.4245,NMC532,25,1,0.1379,1
0.2063,0.06473,0.03109,0.00815,0.06244,0.008724,NMC811,25,1,0.2017,1
0.006933,0.03823,0.2173,0.01883,0.04683,0.02683,NMC532,25,1,0.3038,1
0.07907,0.06214,0.1535,0.3661,1.125,0.3732,NMC622,25,1,0.2333,1
0.01719,0.07057,0.362,0.4665,1.131,0.6843,NMC532,25,1,0.4235,1
0.1455,0.04243,0.03653,0.914,1.015,1.018,NMC111,25,1,0.7566,1
0.1628,0.08538,0.1544,0.02709,0.2266,0.02977,NMC811,25,1,0.2818,1
0.07489,0.108,0.05808,0.05281,0.1143,0.07123,NMC532,25,1,0.1968,1
0.2053,0.05171,0.2988,0.2423,0.7136,0.2384,NMC622,25,1,0.8985,1
0.2068,0.01444,0.1189,0.3417,1.129,0.3803,NMC622,25,1,0.0227,1
0.2174,0.0746,0.2692,0.6007,1.566,0.8815,NMC532,25,1,0.1277,1
0.0605,0.09561,0.1864,0.1262,0.3947,0.132,NMC622,25,1,0.8367,1
0.1687,0.07744,0.07185,0.1674,0.4083,0.2642,NMC532,25,1,0.02583,1
0.09067,0.03674,0.1238,0.03087,0.2673,0.0314,NMC811,25,1,0.0785,1
0.1528,0.003865,0.04297,0.04814,0.3646,0.04463,NMC811,25,1,1.304,1
0.1172,0.07389,0.3368,0.7667,1.256,0.551,NMC523,25,1,0.08813,1
0.09047,0.07943,0.4092,0.3232,0.8438,0.2753,NMC622,25,1,0.3281,1
0.08576,0.004778,0.2974,0.2376,0.7463,0.2439,NMC622,25,1,1.094,1
0.07587,0.1095,0.07963,0.5904,1.814,0.5431,NMC622,25,1,0.9626,1
0.04916,0.1059,0.1466,0.09091,0.09338,0.08929,NMC111,25,1,0.06878,1
0.1767,0.05488,0.3204,0.2582,0.7439,0.2756,NMC622,25,1,0.3389,1
0.2163,0.101,0.2701,0.076,0.6113,0.08083,NMC811,25,1,0.2942,1
0.005261,0.09541,0.2202,0.4411,0.4781,0.445,NMC111,25,1,0.0479,1
0.07011,0.06118,0.09775,0.1806,0.4976,0.1743,NMC622,25,1,0.1005,1
0.07093,0.003863,0.2568,0.2023,1.792,0.2299,NMC811,25,1,0.08918,1
0.1015,0.02566,0.2029,0.0129,0.0344,0.01867,NMC532,25,1,0.02099,1
0.01457,0.04552,0.3775,0.0596,0.09543,0.03993,NMC523,25,1,0.06656,1
0.1568,0.01157,0.2192,0.09722,0.2236,0.1315,NMC532,25,1,0.3132,1
0.01714,0.0761,0.2177,0.2378,0.5892,0.3677,NMC532,25,1,0.9339,1
0.03319,0.03117,0.1393,0.229,0.5738,0.3414,NMC532,25,1,0.06833,1
0.02051,0.01118,0.4055,0.3583,0.8827,0.5569,NMC532,25,1,0.2737,1
0.151,0.1058,0.01849,0.488,1.195,0.7708,NMC532,25,1,0.4987,1
0.04924,0.1067,0.4334,0.04658,0.1154,0.06311,NMC532,25,1,0.06791,1
0.222,0.1047,0.3801,0.6234,1.717,0.6025,NMC622,25,1,0.9851,1
0.03381,0.04489,0.4268,0.325,0.9587,0.3084,NMC622,25,1,0.9958,1
0.2196,0.0876,0.4316,0.4808,1.367,0.7788,NMC532,25,1,0.08207,1
0.2206,0.03021,0.3883,0.6491,1.465,0.9488,NMC532,25,1,0.2152,1
0.08338,0.007898,0.08406,0.5112,0.7946,0.3386,NMC523,25,1,0.06127,1
0.1126,0.09326,0.31,0.5223,0.564,0.5701,NMC111,25,1,0.04461,1
0.1511,0.04651,0.09205,0.2249,1.683,0.213,NMC811,25,1,0.02603,1
0.1748,0.04866,0.3644,0.03376,0.1093,0.03387,NMC622,25,1,0.02208,1
0.2036,0.0889,0.1112,0.1999,0.62,0.2198,NMC622,25,1,0.1867,1
0.1206,0.1023,0.1064,0.4759,1.263,0.7378,NMC532,25,1,0.5265,1
0.1847,0.04701,0.3136,0.2097,1.698,0.2172,NMC811,25,1,0.1949,1
0.1445,0.04746,0.1883,0.02519,0.1903,0.02134,NMC811,25,1,0.08194,1
0.03879,0.03617,0.03965,0.1095,0.893,0.1081,NMC811,25,1,0.4878,1
0.1093,0.009097,0.07162,0.19,0.1833,0.1937,NMC111,25,1,0.2785,1
0.2257,0.05464,0.3143,0.1893,1.408,0.1735,NMC811,25,1,1.457,1
0.02682,0.0393,0.031,0.3106,0.9092,0.3162,NMC622,25,1,0.02087,1
0.2095,0.05617,0.07133,0.7881,0.782,0.8525,NMC111,25,1,1.134,1
0.106,0.01668,0.3224,0.3679,0.6575,0.2712,NMC523,25,1,0.07947,1
0.2256,0.08829,0.4562,0.1149,0.2731,0.1632,NMC532,25,1,0.08733,1
0.07856,0.06499,0.2643,0.2903,0.2762,0.2664,NMC111,25,1,0.1658,1
0.151,0.08399,0.1244,0.1653,0.1971,0.1687,NMC111,25,1,0.6487,1
0.1789,0.08789,0.3065,0.6553,1.431,0.9354,NMC532,25,1,0.03243,1
0.09223,0.03047,0.45,0.2794,0.4266,0.1571,NMC523,25,1,0.2567,1
0.2125,0.08544,0.343,0.1658,1.362,0.1667,NMC811,25,1,0.06752,1
0.2239,0.06294,0.02487,1.042,0.9806,0.899,NMC111,25,1,0.03276,1
0.167,0.1025,0.1883,0.2503,0.3776,0.1659,NMC523,25,1,0.07293,1
0.03565,0.1107,0.1611,0.3731,1.136,0.3969,NMC622,25,1,0.1046,1
0.03677,0.05202,0.2096,0.3078,2.375,0.2882,NMC811,25,1,0.8558,1
0.09631,0.03948,0.2144,0.09292,0.1579,0.06334,NMC523,25,1,0.02934,1
0.06758,0.0722,0.3206,0.9477,1.075,0.8735,NMC111,25,1,0.08858,1
0.02377,0.07167,0.4448,0.2058,0.653,0.2262,NMC622,25,1,0.05987,1
0.01467,0.07045,0.4466,0.01958,0.1515,0.01774,NMC811,25,1,1.339,1
0.02215,0.06003,0.4348,0.1403,1.181,0.147,NMC811,25,1,0.4668,1
0.0979,0.07291,0.03879,0.4493,0.7681,0.3177,NMC523,25,1,0.04939,1
0.204,0.05579,0.1122,0.585,1.02,0.4099,NMC523,25,1,0.07323,1
0.1677,0.02229,0.3613,0.435,0.7946,0.3575,NMC523,25,1,0.02525,1
0.1919,0.08254,0.4502,0.04973,0.3794,0.04521,NMC811,25,1,0.7948,1
0.07093,0.02142,0.2521,0.193,0.3038,0.131,NMC523,25,1,0.03963,1
0.04141,0.01951,0.02753,0.5844,0.9018,0.356,NMC523,25,1,0.4954,1
0.06851,0.07697,0.175,0.7584,0.8203,0.8139,NMC111,25,1,0.6616,1
0.1629,0.0596,0.3009,0.7196,1.2,0.5003,NMC523,25,1,0.08844,1
0.1821,0.01386,0.2716,0.03227,0.2713,0.03203,NMC811,25,1,0.04682,1
0.1927,0.1068,0.05855,0.7531,1.276,0.5236,NMC523,25,1,0.02012,1
0.08098,0.05265,0.008735,0.9665,0.9378,1.016,NMC111,25,1,0.1479,1
0.01297,0.07573,0.2339,0.2622,0.7065,0.2315,NMC622,25,1,0.09676,1
0.1032,0.107,0.3216,0.3918,0.7249,0.295,NMC523,25,1,0.1671,1
0.03025,0.06276,0.2734,0.1697,1.267,0.178,NMC811,25,1,0.5298,1
0.07279,0.07454,0.1408,0.9173,1.546,0.5936,NMC523,25,1,0.1408,1
0.08901,0.01997,0.04068,0.3152,2.405,0.2883,NMC811,25,1,0.2202,1
0.1193,0.06945,0.1575,0.1728,0.596,0.1773,NMC622,25,1,0.02103,1
0.1113,0.007017,0.3857,0.4732,1.299,0.4439,NMC622,25,1,1.458,1
0.01165,0.04055,0.2315,0.4821,1.249,0.6988,NMC532,25,1,1.484,1
0.1928,0.1102,0.4421,0.1556,1.134,0.1317,NMC811,25,1,0.03996,1
0.07033,0.005264,0.3426,0.8604,0.7189,0.8498,NMC111,25,1,0.08157,1
0.03582,0.07127,0.2592,0.9221,0.9617,0.9508,NMC111,25,1,0.0415,1
0.09917,0.04586,0.04965,0.9027,0.9019,0.9587,NMC111,25,1,0.04766,1
0.1579,0.02097,0.456,0.04497,0.1311,0.04067,NMC622,25,1,0.0402,1
0.1789,0.06302,0.4211,0.3054,0.8104,0.3128,NMC622,25,1,0.5324,1
0.05705,0.1063,0.1818,0.2031,1.637,0.212,NMC811,25,1,0.04297,1
0.1967,0.002742,0.3,0.07658,0.6407,0.07469,NMC811,25,1,0.8096,1
0.1684,0.08943,0.127,0.2301,0.6384,0.3898,NMC532,25,1,0.2436,1
0.2269,0.08707,0.3974,0.01357,0.04474,0.01259,NMC622,25,1,0.0234,1
0.05884,0.03203,0.2764,0.08073,0.1922,0.1269,NMC532,25,1,0.06486,1
0.135,0.0227,0.2577,0.4792,1.501,0.4731,NMC622,25,1,0.0342,1
0.2068,0.1104,0.1984,0.3605,0.3585,0.314,NMC111,25,1,0.05208,1
0.1849,0.06224,0.02888,0.4104,0.3917,0.3733,NMC111,25,1,0.131,1
0.09712,0.09144,0.05933,0.06562,0.1005,0.04268,NMC523,25,1,0.1254,1
0.2094,0.1037,0.1266,0.2354,0.5084,0.3356,NMC532,25,1,0.2174,1
0.1956,0.09158,0.2764,0.4586,0.6924,0.3015,NMC523,25,1,0.03774,1
0.1743,0.02542,0.2275,0.5083,0.4996,0.5209,NMC111,25,1,0.1494,1
0.1304,0.0095,0.2648,0.09994,0.815,0.09757,NMC811,25,1,0.03592,1
0.1972,0.1049,0.2842,0.6154,1.48,0.9698,NMC532,25,1,0.02923,1
0.05247,0.02238,0.2526,0.2862,0.694,0.41,NMC532,25,1,0.8111,1
0.1985,0.1048,0.2715,0.6101,0.6077,0.6801,NMC111,25,1,0.1859,1
0.07141,0.0473,0.2285,0.1253,0.9965,0.1431,NMC811,25,1,0.1004,1
0.09244,0.05445,0.3945,0.2147,1.722,0.2343,NMC811,25,1,0.6867,1
0.159,0.003373,0.4352,0.9663,1.002,1.046,NMC111,25,1,0.03735,1
0.1089,0.06765,0.4366,0.8647,0.8883,0.8722,NMC111,25,1,0.05203,1
0.05297,0.04991,0.1904,0.1425,0.2233,0.09493,NMC523,25,1,0.03116,1
0.01775,0.0678,0.388,0.1375,0.2257,0.09076,NMC523,25,1,0.3366,1
0.1983,0.02799,0.1712,0.431,1.281,0.4117,NMC622,25,1,0.2012,1
0.1721,0.09309,0.4072,0.4702,1.5,0.5116,NMC622,25,1,0.6517,1
0.1466,0.07532,0.1628,0.2695,2.281,0.262,NMC811,25,1,0.7593,1
0.1249,0.05132,0.3467,0.01183,0.09449,0.01116,NMC811,25,1,0.3744,1
0.06873,0.01805,0.3441,0.2152,0.5524,0.3256,NMC532,25,1,0.04205,1
0.05228,0.002996,0.3485,0.6279,1.837,0.5695,NMC622,25,1,0.04396,1
0.1567,0.1057,0.1467,0.05093,0.1342,0.08025,NMC532,25,1,0.06501,1
0.04722,0.08092,0.3238,0.6728,1.107,0.4992,NMC523,25,1,0.5603,1
0.06721,0.07534,0.4292,0.1898,0.4408,0.2489,NMC532,25,1,0.04848,1
0.008929,0.01118,0.4346,0.09151,0.6718,0.08422,NMC811,25,1,0.4475,1
0.1153,0.08455,0.009238,0.1904,1.503,0.1973,NMC811,25,1,0.5414,1
0.04875,0.08094,0.2922,0.1189,0.2187,0.08516,NMC523,25,1,0.2172,1
0.1945,0.04891,0.3075,0.1197,1.002,0.1288,NMC811,25,1,0.2738,1
0.2056,0.004824,0.2034,0.4413,1.059,0.6061,NMC532,25,1,0.1726,1
0.04459,0.06795,0.1745,0.1454,0.363,0.2169,NMC532,25,1,1.33,1
0.07922,0.02384,0.325,0.123,0.1104,0.1122,NMC111,25,1,0.07703,1
0.1565,0.08695,0.1263,0.2702,2.158,0.2414,NMC811,25,1,0.1307,1
0.03326,0.1018,0.2226,0.428,1.31,0.4617,NMC622,25,1,1.245,1
0.1192,0.04797,0.05035,0.1235,0.128,0.1215,NMC111,25,1,0.0683,1
0.1243,0.02394,0.007532,0.102,0.2295,0.1558,NMC532,25,1,0.0301,1
0.2088,0.0707,0.336,0.1268,0.3677,0.1221,NMC622,25,1,0.3892,1
0.1346,0.08359,0.3527,0.2496,0.2294,0.2381,NMC111,25,1,0.02142,1
0.08386,0.1044,0.3539,0.234,1.829,0.2054,NMC811,25,1,0.02807,1
0.1142,0.002497,0.3416,0.6107,0.5851,0.6008,NMC111,25,1,0.3738,1
0.1986,0.02594,0.263,0.419,1.004,0.6264,NMC532,25,1,0.05053,1
0.1187,0.09469,0.457,0.2612,0.4776,0.1766,NMC523,25,1,0.05117,1
0.1535,0.1107,0.251,0.6037,1.057,0.3931,NMC523,25,1,0.396,1
0.1683,0.01733,0.2427,0.6278,0.9446,0.4012,NMC523,25,1,0.04695,1
0.2235,0.05199,0.377,0.2084,0.2273,0.2414,NMC111,25,1,1.006,1
0.1954,0.09121,0.4315,0.2708,0.7738,0.2508,NMC622,25,1,0.03217,1
0.2057,0.08639,0.4435,0.4293,0.7549,0.3067,NMC523,25,1,0.02771,1
0.2129,0.07457,0.2198,0.6785,1.187,0.4951,NMC523,25,1,0.1736,1
0.174,0.05425,0.3296,0.7386,0.707,0.7781,NMC111,25,1,0.1925,1
0.125,0.06565,0.3887,0.4317,0.4744,0.479,NMC111,25,1,0.02176,1
0.02609,0.1075,0.1126,0.3853,0.5946,0.2281,NMC523,25,1,0.1723,1
0.1925,0.06009,0.02664,0.4381,1.101,0.6614,NMC532,25,1,0.02972,1
0.07939,0.04007,0.04087,0.2206,0.352,0.1377,NMC523,25,1,0.03401,1
0.03595,0.03844,0.06787,0.537,1.677,0.541,NMC622,25,1,0.5668,1
0.062,0.09552,0.0282,0.03225,0.2378,0.0267,NMC811,25,1,0.2862,1
0.1972,0.08306,0.1896,0.1425,1.237,0.1539,NMC811,25,1,0.08773,1
0.01035,0.05689,0.04858,0.1235,0.2734,0.1768,NMC532,25,1,0.03115,1
0.1712,0.006261,0.3199,0.5922,0.98,0.4052,NMC523,25,1,0.1615,1
0.115,0.03374,0.2255,0.8813,0.9226,0.8894,NMC111,25,1,1.16,1
0.0273,0.09227,0.1127,0.6434,0.705,0.6203,NMC111,25,1,0.9144,1
0.07298,0.09178,0.215,0.07466,0.2161,0.06704,NMC622,25,1,0.2402,1
0.1478,0.0205,0.2907,0.3408,0.9955,0.3277,NMC622,25,1,1.297,1
0.1392,0.09914,0.3036,0.5717,1.471,0.8208,NMC532,25,1,0.4541,1
0.00523,0.008601,0.3801,0.1428,0.239,0.09687,NMC523,25,1,0.1389,1
0.09254,0.07132,0.2924,0.2148,1.776,0.2053,NMC811,25,1,0.05597,1
0.05551,0.06101,0.387,0.8275,0.9088,0.9115,NMC111,25,1,0.4263,1
0.1205,0.05163,0.3594,0.5489,0.8753,0.3828,NMC523,25,1,0.9057,1
0.1607,0.08651,0.3225,0.4757,1.373,0.4603,NMC622,25,1,0.7239,1
0.01395,0.04721,0.129,0.7091,0.7007,0.6414,NMC111,25,1,0.05707,1
0.06794,0.09985,0.01782,0.09896,0.7712,0.09928,NMC811,25,1,0.05687,1
0.06742,0.05689,0.302,0.3151,2.368,0.3192,NMC811,25,1,0.6904,1
0.1458,0.1019,0.01986,0.1856,0.3255,0.1219,NMC523,25,1,0.4741,1
0.06722,0.03481,0.1806,0.1289,1.096,0.1423,NMC811,25,1,0.06875,1
0.1766,0.0173,0.2335,0.1336,0.2064,0.08424,NMC523,25,1,0.1152,1
0.003904,0.04772,0.257,0.1121,0.3224,0.09918,NMC622,25,1,0.07224,1
0.1228,0.05387,0.4103,0.01299,0.04221,0.0144,NMC622,25,1,1.432,1
0.1648,0.1105,0.1673,0.8139,0.7579,0.7595,NMC111,25,1,0.1291,1
0.2259,0.01366,0.02125,0.5032,1.526,0.5683,NMC622,25,1,0.02736,1
0.2087,0.03843,0.1393,0.1702,0.1718,0.1593,NMC111,25,1,0.04715,1
0.01899,0.05207,0.3283,0.2581,2.264,0.2762,NMC811,25,1,0.5858,1
0.1497,0.04071,0.04824,0.7599,1.303,0.4843,NMC523,25,1,0.03696,1
0.05117,0.07066,0.3501,0.483,1.193,0.7061,NMC532,25,1,0.1203,1
0.04326,0.1071,0.2848,0.2439,1.766,0.2238,NMC811,25,1,1.145,1
0.05648,0.0131,0.286,0.4754,1.224,0.8209,NMC532,25,1,0.3549,1
0.02291,0.1082,0.1818,0.432,0.412,0.4091,NMC111,25,1,0.04503,1
0.007879,0.09812,0.1428,0.3162,0.9311,0.3182,NMC622,25,1,0.2672,1
0.01879,0.01101,0.385,0.01677,0.04769,0.01697,NMC622,25,1,0.4032,1
0.1987,0.02791,0.2073,0.2761,0.4457,0.1831,NMC523,25,1,1.046,1
0.04504,0.03943,0.2126,0.291,2.257,0.2908,NMC811,25,1,1.289,1
0.0657,0.09593,0.3147,0.4021,0.632,0.2625,NMC523,25,1,0.9219,1
0.1157,0.07179,0.2968,0.5882,1.469,0.8639,NMC532,25,1,0.03709,1
0.03842,0.09716,0.4306,0.281,0.7981,0.2904,NMC622,25,1,1.017,1
0.1798,0.06168,0.09047,0.2813,0.782,0.291,NMC622,25,1,0.04076,1
0.04546,0.04563,0.4058,0.5568,1.304,0.7145,NMC532,25,1,0.3264,1
0.08223,0.01365,0.09345,0.4725,1.094,0.6997,NMC532,25,1,1.345,1
0.167,0.006055,0.1339,0.1381,0.4254,0.1376,NMC622,25,1,0.03977,1
0.1346,0.09025,0.2282,0.6993,1.093,0.5062,NMC523,25,1,0.2323,1
0.1038,0.04275,0.2261,0.5117,1.221,0.7549,NMC532,25,1,0.3007,1
0.1253,0.0666,0.1109,0.2569,0.7688,0.2606,NMC622,25,1,0.1171,1
0.1026,0.1079,0.2858,0.4994,0.7827,0.3405,NMC523,25,1,0.03797,1
0.00637,0.01571,0.4109,0.2436,0.5904,0.3593,NMC532,25,1,0.02237,1
0.03296,0.00787,0.4131,0.2636,0.6601,0.3641,NMC532,25,1,0.02688,1
0.1164,0.05124,0.3083,0.2196,0.2441,0.239,NMC111,25,1,0.9225,1
0.1604,0.03412,0.01997,0.9768,0.8808,0.9397,NMC111,25,1,0.1538,1
0.118,0.07161,0.2743,0.4681,1.126,0.7624,NMC532,25,1,0.1957,1
0.1949,0.1073,0.007477,0.6895,1.167,0.4677,NMC523,25,1,0.1182,1
0.09707,0.1105,0.3375,0.657,0.6983,0.6783,NMC111,25,1,0.5278,1
0.05467,0.002315,0.2808,0.2297,0.3959,0.1685,NMC523,25,1,0.2861,1
0.1025,0.04633,0.3181,0.4497,1.099,0.6885,NMC532,25,1,0.5673,1
0.2035,0.01272,0.2695,0.6898,0.709,0.7625,NMC111,25,1,0.04227,1
0.0443,0.03115,0.1313,0.2829,2.313,0.2875,NMC811,25,1,0.7681,1
0.1393,0.1095,0.1026,0.5675,1.366,0.9205,NMC532,25,1,0.5927,1
0.07493,0.02715,0.1342,0.3271,0.8849,0.5123,NMC532,25,1,0.04547,1
0.004006,0.08826,0.1062,0.1197,0.276,0.1859,NMC532,25,1,0.7144,1
0.1761,0.1045,0.2591,0.631,1.041,0.4046,NMC523,25,1,0.4758,1
0.12,0.03692,0.3331,0.3423,0.5827,0.2276,NMC523,25,1,0.2804,1
0.227,0.1076,0.1547,0.2165,0.2107,0.1961,NMC111,25,1,0.4085,1
0.1517,0.09566,0.03233,0.2293,1.857,0.2208,NMC811,25,1,0.07579,1
0.1663,0.001828,0.3586,0.426,1.329,0.4703,NMC622,25,1,0.181,1
0.1906,0.05279,0.3146,0.5632,1.872,0.6248,NMC622,25,1,0.06531,1
0.004621,0.01673,0.05631,0.1415,0.3683,0.2187,NMC532,25,1,0.828,1
0.03948,0.04214,0.401,0.2579,0.3915,0.1807,NMC523,25,1,1.202,1
0.105,0.0944,0.2369,0.1085,0.2416,0.1573,NMC532,25,1,0.06467,1
0.1544,0.01512,0.1725,0.2386,0.7258,0.2486,NMC622,25,1,1.315,1
0.0424,0.0622,0.2238,0.07158,0.6081,0.07681,NMC811,25,1,0.02451,1
0.0714,0.07868,0.06278,0.03759,0.285,0.03555,NMC811,25,1,0.02444,1
0.2059,0.02985,0.3116,0.1271,1.052,0.1212,NMC811,25,1,0.5288,1
0.03287,0.02295,0.2869,0.6385,0.5781,0.6029,NMC111,25,1,0.3429,1
0.1964,0.06941,0.1898,0.267,0.4471,0.181,NMC523,25,1,0.2329,1
0.01001,0.09666,0.385,0.6809,1.108,0.4592,NMC523,25,1,0.1232,1
0.1485,0.07614,0.1517,0.2298,0.3937,0.168,NMC523,25,1,0.2249,1
0.1744,0.09656,0.1588,0.2599,1.935,0.2578,NMC811,25,1,0.1098,1
0.08686,0.04287,0.05132,0.525,0.9108,0.3584,NMC523,25,1,0.04252,1
0.1554,0.0286,0.01463,0.5042,1.571,0.5664,NMC622,25,1,0.1459,1
0.04829,0.01954,0.2836,0.9919,1.001,0.9339,NMC111,25,1,0.04394,1
0.1006,0.07492,0.3776,0.469,0.6828,0.303,NMC523,25,1,0.06377,1
0.02688,0.09585,0.1221,0.6075,0.9839,0.4128,NMC523,25,1,0.2775,1
0.2149,0.02979,0.1501,0.1191,0.2697,0.1828,NMC532,25,1,0.3428,1
0.1259,0.07349,0.4549,0.2401,0.7117,0.2128,NMC622,25,1,0.02645,1
0.2218,0.01712,0.093,0.7419,1.276,0.424,NMC523,25,1,0.06541,1
0.02931,0.0486,0.1241,0.1058,0.2442,0.1613,NMC532,25,1,0.8742,1
0.1512,0.106,0.3223,0.6646,1.784,0.5839,NMC622,25,1,0.2904,1
0.1828,0.07547,0.06645,0.3149,0.5678,0.2334,NMC523,25,1,0.14,1
0.116,0.1031,0.3911,0.4265,1.031,0.6263,NMC532,25,1,0.1343,1
0.06497,0.0241,0.4472,0.09472,0.7844,0.09821,NMC811,25,1,0.3114,1
0.1249,0.06892,0.0865,0.3387,0.6271,0.245,NMC523,25,1,1.409,1
0.1259,0.01002,0.05231,0.5647,1.793,0.6332,NMC622,25,1,0.6963,1
0.1464,0.1,0.4551,0.555,1.357,0.7792,NMC532,25,1,0.05657,1
0.1562,0.08427,0.01292,0.3754,1.001,0.6258,NMC532,25,1,1.369,1
0.02691,0.03868,0.412,0.5089,1.444,0.8133,NMC532,25,1,0.2335,1
0.1953,0.03077,0.3786,0.07046,0.5352,0.06966,NMC811,25,1,0.2446,1
0.0285,0.06338,0.3193,0.1133,0.8647,0.1027,NMC811,25,1,0.05777,1
0.05608,0.02775,0.4461,0.06563,0.06446,0.06725,NMC111,25,1,0.04586,1
0.1644,0.08563,0.4342,0.184,1.7,0.1889,NMC811,25,1,0.04773,1
0.1962,0.02002,0.2632,0.5668,0.5151,0.5876,NMC111,25,1,0.1397,1
0.1048,0.03264,0.05801,0.4175,1.121,0.3938,NMC622,25,1,0.04101,1
0.1824,0.004709,0.4076,0.1351,1.13,0.1258,NMC811,25,1,0.1862,1
0.01886,0.06392,0.3014,0.0331,0.07491,0.04382,NMC532,25,1,0.6219,1
0.1914,0.007931,0.352,0.2757,0.6668,0.4109,NMC532,25,1,0.7215,1
0.1169,0.0789,0.1689,0.141,0.4116,0.2146,NMC532,25,1,0.5958,1
0.179,0.005923,0.2881,0.228,0.2296,0.221,NMC111,25,1,1.292,1
0.03249,0.06567,0.3698,0.2165,0.6025,0.229,NMC622,25,1,0.02844,1
0.0703,0.06986,0.3514,0.1582,1.156,0.1571,NMC811,25,1,0.03693,1
0.2107,0.09981,0.3518,0.5501,1.625,0.5259,NMC622,25,1,0.3195,1
0.05546,0.03387,0.1386,0.3264,0.5636,0.215,NMC523,25,1,0.3473,1
0.2159,0.02316,0.1212,0.8694,0.9723,0.8926,NMC111,25,1,0.172,1
0.0703,0.1081,0.3335,0.7112,0.6626,0.6016,NMC111,25,1,0.1074,1
0.2027,0.08692,0.2107,0.7944,1.241,0.6074,NMC523,25,1,1.15,1
0.04781,0.03153,0.3487,0.4028,1.08,0.6779,NMC532,25,1,0.05913,1
0.1867,0.0127,0.02294,0.6866,0.6772,0.7115,NMC111,25,1,0.6914,1
0.04786,0.04194,0.3439,0.01159,0.09909,0.01269,NMC811,25,1,0.05999,1
0.1898,0.0466,0.1867,0.1358,1.23,0.142,NMC811,25,1,0.3246,1
0.1716,0.0336,0.2561,0.3709,1.022,0.3325,NMC622,25,1,0.06268,1
0.1366,0.0958,0.4118,0.1257,0.1249,0.1289,NMC111,25,1,0.2135,1
0.1098,0.01914,0.2964,0.4186,0.9174,0.538,NMC532,25,1,0.02699,1
0.1492,0.04691,0.1643,0.3304,0.8659,0.5406,NMC532,25,1,0.1893,1
0.1586,0.0772,0.08757,0.8234,1.315,0.5555,NMC523,25,1,0.8255,1
0.1253,0.0548,0.451,0.3063,0.9111,0.3105,NMC622,25,1,0.4089,1
0.1487,0.02896,0.1413,0.6301,0.6778,0.5806,NMC111,25,1,0.2978,1
0.1603,0.07537,0.1657,0.3074,2.465,0.2979,NMC811,25,1,0.3967,1
0.01673,0.06517,0.1482,0.9787,0.9748,1.047,NMC111,25,1,0.02896,1
0.09799,0.08265,0.1201,0.9584,1.436,0.6709,NMC523,25,1,1.381,1
0.2115,0.07365,0.3554,0.8471,1.438,0.5778,NMC523,25,1,0.8705,1
0.04719,0.0508,0.3988,0.1796,0.572,0.1828,NMC622,25,1,1.22,1
0.2049,0.03486,0.1415,0.2058,1.529,0.2027,NMC811,25,1,0.8802,1
0.1407,0.06579,0.04081,0.1333,0.3282,0.1951,NMC532,25,1,1.272,1
0.167,0.02882,0.142,0.4163,0.7391,0.2769,NMC523,25,1,0.1561,1
0.1548,0.07225,0.07214,0.257,0.7845,0.2865,NMC622,25,1,0.05993,1
0.2073,0.0937,0.4109,0.7536,1.321,0.4823,NMC523,25,1,0.04213,1
0.005699,0.06282,0.2459,0.3648,0.6031,0.239,NMC523,25,1,0.517,1
0.01754,0.06164,0.2603,0.013,0.121,0.01361,NMC811,25,1,0.06014,1
0.03358,0.08843,0.417,0.2726,2.264,0.2969,NMC811,25,1,1.203,1
0.03119,0.003123,0.2277,0.0254,0.2172,0.02645,NMC811,25,1,0.9309,1
0.1106,0.03403,0.3182,0.3487,0.9291,0.5338,NMC532,25,1,0.03496,1
0.1487,0.04895,0.2872,0.175,0.4584,0.286,NMC532,25,1,0.3425,1
0.1304,0.09803,0.2571,0.2799,0.9188,0.2743,NMC622,25,1,0.09243,1
0.134,0.01715,0.2598,0.9001,0.8194,0.8697,NMC111,25,1,0.6093,1
0.01795,0.06018,0.2872,0.09774,0.1525,0.06969,NMC523,25,1,0.02487,1
0.04658,0.09385,0.3554,0.2717,2.059,0.2296,NMC811,25,1,0.07676,1
0.08795,0.09416,0.1675,0.5128,1.524,0.846,NMC532,25,1,0.1793,1
0.06541,0.01082,0.0669,0.6535,1.138,0.4675,NMC523,25,1,0.05073,1
0.1379,0.02219,0.4447,0.1721,0.5622,0.1709,NMC622,25,1,0.02428,1
0.1082,0.078,0.1587,0.2269,0.2195,0.214,NMC111,25,1,0.4734,1
0.2151,0.08585,0.07297,0.7127,1.407,0.5268,NMC523,25,1,0.5166,1
0.03037,0.09477,0.07999,0.9311,1.349,0.5788,NMC523,25,1,0.5975,1
0.0141,0.0562,0.3313,0.5717,1.408,0.922,NMC532,25,1,0.2355,1
0.03681,0.03082,0.1881,0.2282,1.867,0.2156,NMC811,25,1,0.9587,1
0.2082,0.05746,0.3417,0.01929,0.1381,0.01971,NMC811,25,1,0.02835,1
0.1125,0.1064,0.1222,0.07118,0.5779,0.06215,NMC811,25,1,1.472,1
0.005782,0.07706,0.4463,0.2685,0.4613,0.171,NMC523,25,1,0.02967,1
0.02171,0.1054,0.06383,0.1127,0.3614,0.1116,NMC622,25,1,1.218,1
0.07632,0.01219,0.09113,0.01034,0.08011,0.009462,NMC811,25,1,0.7677,1
0.2097,0.06659,0.09257,0.1929,0.4775,0.3284,NMC532,25,1,0.05413,1
0.2102,0.04869,0.1156,0.4126,1.259,0.405,NMC622,25,1,0.02599,1
0.09811,0.01779,0.2129,0.5523,0.9588,0.3912,NMC523,25,1,0.5889,1
0.07655,0.07209,0.1157,0.2867,2.451,0.2944,NMC811,25,1,0.09526,1
0.01488,0.1009,0.0982,0.117,0.1989,0.07859,NMC523,25,1,0.04009,1
0.1486,0.03895,0.02696,0.9477,0.9524,1,NMC111,25,1,0.2662,1
0.01938,0.01959,0.2427,0.1934,0.2023,0.2044,NMC111,25,1,0.03343,1
0.0364,0.01643,0.02134,0.3283,0.9247,0.5755,NMC532,25,1,0.7477,1
0.219,0.02377,0.1175,0.5369,1.163,0.7326,NMC532,25,1,0.02132,1
0.1577,0.004827,0.1702,0.361,1.055,0.3426,NMC622,25,1,1.247,1
0.06798,0.08509,0.4402,0.9572,0.9408,0.9288,NMC111,25,1,0.1008,1
0.08979,0.1061,0.2488,0.07414,0.6459,0.08384,NMC811,25,1,0.02746,1
0.1329,0.0711,0.1326,0.2302,1.633,0.2391,NMC811,25,1,0.3983,1
0.004719,0.004811,0.4398,0.159,0.4751,0.1577,NMC622,25,1,1.399,1
0.1761,0.0209,0.3012,0.1443,0.2376,0.09971,NMC523,25,1,0.04092,1
0.02712,0.09186,0.3962,0.5725,1.571,0.6248,NMC622,25,1,0.1485,1
0.2173,0.02667,0.2389,0.1553,0.4065,0.2499,NMC532,25,1,0.02655,1
0.04591,0.0101,0.1055,0.5037,1.65,0.5296,NMC622,25,1,0.4393,1
0.2105,0.1094,0.3398,0.4387,1.126,0.3906,NMC622,25,1,0.8408,1
0.01431,0.08227,0.2013,0.7901,1.494,0.5916,NMC523,25,1,0.03571,1
0.1379,0.0516,0.1144,0.6554,0.616,0.7294,NMC111,25,1,0.09778,1
0.03692,0.06184,0.3606,0.02819,0.02803,0.02606,NMC111,25,1,0.02543,1
0.08073,0.08495,0.3821,0.693,0.7083,0.6672,NMC111,25,1,0.1282,1
0.181,0.009543,0.4548,0.0763,0.1244,0.05246,NMC523,25,1,0.05183,1
0.08819,0.07983,0.2359,0.2318,1.864,0.2368,NMC811,25,1,0.3752,1
0.05698,0.05202,0.1576,0.2727,0.678,0.3895,NMC532,25,1,0.07653,1
0.08303,0.03816,0.1369,0.2756,0.2663,0.2755,NMC111,25,1,0.05941,1
0.1394,0.02919,0.2509,0.09454,0.2794,0.08422,NMC622,25,1,0.2715,1
0.08596,0.07971,0.4524,0.6583,0.678,0.6751,NMC111,25,1,0.4938,1
0.1803,0.02199,0.2307,0.4201,1.03,0.5722,NMC532,25,1,0.8606,1
0.164,0.1096,0.1164,0.4528,0.8251,0.3164,NMC523,25,1,0.2155,1
0.2185,0.004477,0.2315,0.1567,1.304,0.1563,NMC811,25,1,0.06429,1
0.133,0.07331,0.1874,0.5061,0.4991,0.4956,NMC111,25,1,0.465,1
0.05863,0.02692,0.07574,0.06099,0.5026,0.06953,NMC811,25,1,0.2623,1
0.02893,0.07695,0.1063,0.04364,0.1149,0.07919,NMC532,25,1,0.4444,1
0.02456,0.03185,0.4294,0.3458,0.5591,0.2153,NMC523,25,1,0.7393,1
0.01096,0.07562,0.1934,0.2018,1.733,0.2151,NMC811,25,1,0.07094,1
0.1316,0.09068,0.1822,0.3152,2.277,0.2907,NMC811,25,1,0.06661,1
0.1427,0.1109,0.3074,0.08392,0.6941,0.0782,NMC811,25,1,0.3457,1
0.02657,0.09134,0.06741,0.1679,1.294,0.1617,NMC811,25,1,0.2742,1
0.04362,0.07051,0.3678,0.2682,0.6297,0.3769,NMC532,25,1,0.1489,1
0.0367,0.07077,0.3161,0.3895,0.3405,0.3422,NMC111,25,1,0.452,1
0.2031,0.04292,0.2359,0.4422,0.7581,0.2853,NMC523,25,1,0.1796,1
0.16,0.03005,0.07909,0.02624,0.2026,0.02503,NMC811,25,1,0.1097,1
0.09666,0.0328,0.03538,0.2378,1.713,0.2234,NMC811,25,1,0.2323,1
0.1056,0.03056,0.1465,0.2442,0.6713,0.3913,NMC532,25,1,0.1126,1
0.07232,0.06934,0.2033,0.8069,1.449,0.5799,NMC523,25,1,0.4114,1
0.05402,0.04591,0.3911,0.0453,0.07826,0.02887,NMC523,25,1,0.1384,1
0.05743,0.1049,0.03805,0.0334,0.2943,0.03347,NMC811,25,1,0.02232,1
0.2053,0.03105,0.07386,0.3629,0.9242,0.5083,NMC532,25,1,0.3305,1
0.1241,0.03451,0.2196,0.3556,1.114,0.38,NMC622,25,1,0.2536,1
0.1685,0.06639,0.1015,0.4664,1.399,0.4475,NMC622,25,1,0.1113,1
0.18,0.01462,0.06916,0.1123,0.3249,0.1155,NMC622,25,1,0.1314,1
0.07589,0.006312,0.02256,0.9371,0.9565,1.064,NMC111,25,1,0.1077,1
0.05676,0.1044,0.1889,0.2022,0.2287,0.2006,NMC111,25,1,0.3208,1
0.1511,0.02949,0.2683,0.1824,0.2739,0.1205,NMC523,25,1,1.09,1
0.0851,0.03817,0.3902,0.3788,0.9613,0.5713,NMC532,25,1,0.1425,1
0.1081,0.06763,0.3334,0.4514,1.16,0.6802,NMC532,25,1,0.2092,1
0.1075,0.04049,0.1396,1.033,0.9195,0.9914,NMC111,25,1,0.02548,1
0.03522,0.1074,0.01195,0.3581,1.069,0.3519,NMC622,25,1,1.148,1
0.05167,0.07952,0.3834,0.1157,0.1181,0.1211,NMC111,25,1,0.06045,1
0.142,0.06419,0.3327,0.3011,0.521,0.1842,NMC523,25,1,0.2914,1
0.1662,0.09101,0.2182,0.1515,1.206,0.1409,NMC811,25,1,0.212,1
0.1345,0.09824,0.2856,0.5448,0.5652,0.5496,NMC111,25,1,0.04535,1
0.1188,0.1091,0.2827,0.1638,0.535,0.1674,NMC622,25,1,0.7157,1
0.09955,0.0662,0.0624,0.2269,1.822,0.2259,NMC811,25,1,0.03066,1
0.04058,0.06802,0.1455,0.5073,0.5313,0.497,NMC111,25,1,0.6623,1
0.1511,0.01921,0.1913,0.1845,0.4971,0.183,NMC622,25,1,0.02226,1
0.04412,0.01057,0.4357,0.611,1.155,0.4739,NMC523,25,1,1.27,1
0.1069,0.07143,0.1441,0.8541,1.604,0.5781,NMC523,25,1,0.0346,1
0.0242,0.03983,0.04031,0.3761,1.132,0.397,NMC622,25,1,0.1722,1
0.1492,0.03765,0.2117,0.9844,0.9747,0.9644,NMC111,25,1,0.08156,1
0.2256,0.07641,0.299,0.04922,0.3786,0.04731,NMC811,25,1,0.02182,1
0.09602,0.003314,0.4494,0.5335,1.455,0.9101,NMC532,25,1,0.162,1
0.1523,0.03023,0.1661,0.05072,0.08577,0.03162,NMC523,25,1,0.7977,1
0.02752,0.08692,0.2524,0.3534,1.022,0.3505,NMC622,25,1,1.334,1
0.09853,0.03227,0.2533,0.09046,0.2845,0.0974,NMC622,25,1,0.04726,1
0.164,0.008195,0.2552,0.3871,0.6916,0.2713,NMC523,25,1,0.02785,1
0.05017,0.1089,0.0473,0.7106,1.185,0.4712,NMC523,25,1,0.05979,1
0.0559,0.05007,0.3877,0.157,0.1506,0.1535,NMC111,25,1,0.134,1
0.1542,0.06315,0.4424,0.2101,0.5734,0.2025,NMC622,25,1,0.09412,1
0.02074,0.05814,0.4038,0.2926,2.475,0.2932,NMC811,25,1,0.02757,1
0.01946,0.1004,0.2346,0.04658,0.3756,0.04901,NMC811,25,1,0.1444,1
0.1123,0.004006,0.3329,0.2887,0.4166,0.1743,NMC523,25,1,0.3563,1
0.1854,0.06874,0.107,0.5377,1.582,0.555,NMC622,25,1,0.6722,1
0.1056,0.05021,0.2601,0.9137,1.447,0.5673,NMC523,25,1,0.949,1
0.2229,0.01131,0.2657,0.3918,0.9291,0.536,NMC532,25,1,0.1548,1
0.1828,0.07936,0.3258,0.2213,0.2282,0.2036,NMC111,25,1,0.0537,1
0.1184,0.05247,0.4379,0.08818,0.767,0.09991,NMC811,25,1,0.06638,1
0.1579,0.08879,0.1659,0.5888,0.6074,0.5665,NMC111,25,1,0.05066,1
0.2254,0.03766,0.02486,0.549,1.556,0.8992,NMC532,25,1,0.02051,1
0.05534,0.02471,0.2797,0.05878,0.4377,0.05923,NMC811,25,1,0.0286,1
0.1863,0.005096,0.3803,0.4454,0.9657,0.5929,NMC532,25,1,0.3447,1
0.1155,0.06767,0.3048,0.1999,0.1931,0.2305,NMC111,25,1,0.03899,1
0.08483,0.03862,0.2356,0.03841,0.2847,0.03852,NMC811,25,1,0.3545,1
0.222,0.08029,0.3534,0.2652,0.4187,0.1599,NMC523,25,1,0.06911,1
0.05923,0.0169,0.03902,0.5764,0.6348,0.5713,NMC111,25,1,0.09913,1
0.09777,0.02882,0.3022,0.01119,0.0288,0.01758,NMC532,25,1,0.02233,1
0.1473,0.01926,0.4022,0.3276,0.5313,0.2004,NMC523,25,1,1.164,1
0.2184,0.003545,0.3876,0.4181,1.326,0.386,NMC622,25,1,0.2113,1
0.04838,0.06166,0.01393,0.5703,1.676,0.5655,NMC622,25,1,0.04994,1
0.0696,0.056,0.2916,0.352,1.153,0.3781,NMC622,25,1,0.5732,1
0.08764,0.04978,0.0522,0.2062,1.696,0.224,NMC811,25,1,0.8191,1
0.1656,0.004913,0.06729,0.1371,0.4686,0.1352,NMC622,25,1,0.8715,1
0.03849,0.02407,0.2208,0.5301,0.9169,0.3289,NMC523,25,1,0.1825,1
0.1302,0.0872,0.3491,0.5305,0.8907,0.3535,NMC523,25,1,0.07203,1
0.006608,0.06711,0.3733,0.1943,1.561,0.1888,NMC811,25,1,0.02453,1
0.07094,0.07886,0.1908,0.4925,1.582,0.5607,NMC622,25,1,0.5396,1
0.01103,0.0585,0.3386,0.3656,0.403,0.3698,NMC111,25,1,0.1158,1
0.1825,0.07809,0.3972,0.386,0.9493,0.5983,NMC532,25,1,0.06837,1
0.03759,0.05828,0.4096,0.2676,0.6909,0.4032,NMC532,25,1,0.554,1
0.07467,0.1011,0.01391,0.347,1.032,0.3407,NMC622,25,1,1.068,1
0.1162,0.03611,0.409,0.2442,0.6418,0.3848,NMC532,25,1,0.1208,1
0.0768,0.06667,0.1077,0.4319,1.328,0.4179,NMC622,25,1,0.0225,1
0.06632,0.0925,0.1206,0.857,0.7654,0.6489,NMC111,25,1,0.08529,1
0.2052,0.05034,0.01613,0.229,2.128,0.2525,NMC811,25,1,0.03168,1
0.1923,0.07141,0.242,0.3586,1.103,0.4256,NMC622,25,1,0.9977,1
0.02873,0.03158,0.2551,0.2232,1.796,0.2224,NMC811,25,1,0.2851,1
0.02287,0.005681,0.04058,0.4912,1.166,0.699,NMC532,25,1,1.018,1
0.1643,0.08659,0.3741,0.1451,0.4421,0.1351,NMC622,25,1,0.5239,1
0.08423,0.02637,0.3033,0.8978,1.242,0.5518,NMC523,25,1,1.226,1
0.1318,0.06432,0.3118,0.4893,1.509,0.5284,NMC622,25,1,0.03455,1
0.0411,0.08999,0.3862,0.4101,1.121,0.6473,NMC532,25,1,0.2734,1
0.06337,0.05041,0.06364,0.1056,0.7367,0.1011,NMC811,25,1,0.6458,1
0.2091,0.02033,0.1789,0.1595,0.1598,0.165,NMC111,25,1,1.02,1
0.147,0.01146,0.3739,0.1089,0.9456,0.129,NMC811,25,1,0.2991,1
0.1141,0.004412,0.09791,0.6483,1.054,0.4392,NMC523,25,1,0.1481,1
0.2105,0.04716,0.2582,0.2883,0.8524,0.2871,NMC622,25,1,0.02415,1
0.04093,0.08784,0.2787,0.1006,0.8543,0.09658,NMC811,25,1,0.09547,1
0.1977,0.06045,0.3938,0.3619,0.9065,0.5415,NMC532,25,1,0.4134,1
0.1088,0.05842,0.1192,0.6798,0.6324,0.6805,NMC111,25,1,0.04524,1
0.08661,0.09944,0.2835,0.5305,1.387,0.4764,NMC622,25,1,0.2794,1
0.1091,0.09826,0.4577,0.5779,0.8867,0.3656,NMC523,25,1,0.09903,1
0.1168,0.03224,0.1005,0.2721,0.7663,0.2809,NMC622,25,1,0.7018,1
0.07444,0.0601,0.2107,0.03973,0.03979,0.04296,NMC111,25,1,0.09901,1
0.1441,0.003664,0.2888,0.2951,2.274,0.2853,NMC811,25,1,1.056,1
0.003879,0.06215,0.1617,0.1691,0.2915,0.1238,NMC523,25,1,0.06225,1
0.2152,0.1049,0.1959,0.7963,1.363,0.5026,NMC523,25,1,0.05181,1
0.2232,0.08101,0.3787,0.9029,1.505,0.5681,NMC523,25,1,0.02222,1
0.2085,0.06196,0.359,0.2466,0.5962,0.3824,NMC532,25,1,0.8993,1
0.2182,0.003202,0.2546,0.0422,0.04502,0.04227,NMC111,25,1,0.07067,1
0.01665,0.005741,0.3989,0.2822,0.6603,0.4096,NMC532,25,1,0.6065,1
0.07447,0.08761,0.3788,0.6926,1.223,0.4561,NMC523,25,1,0.8548,1
0.1257,0.1021,0.07586,0.6073,1.576,0.8726,NMC532,25,1,0.09926,1
0.2122,0.09292,0.1185,0.2109,1.65,0.2037,NMC811,25,1,0.02008,1
0.1635,0.1041,0.03837,0.6472,0.6838,0.6869,NMC111,25,1,0.3353,1
0.2003,0.08236,0.2984,0.02618,0.06346,0.03721,NMC532,25,1,0.1583,1
0.03214,0.06363,0.3274,0.2093,0.3431,0.1334,NMC523,25,1,1.336,1
0.1193,0.04931,0.3962,0.661,1.047,0.3974,NMC523,25,1,0.07768,1
0.09839,0.06554,0.435,0.4679,0.4369,0.4808,NMC111,25,1,0.06642,1
0.07049,0.1105,0.3014,0.08921,0.2808,0.09304,NMC622,25,1,1.128,1
0.1642,0.01499,0.4562,0.2319,1.779,0.2109,NMC811,25,1,0.1676,1
0.1181,0.01388,0.333,0.8939,0.8335,0.8717,NMC111,25,1,0.0204,1
0.04452,0.05128,0.08677,0.02073,0.05814,0.01981,NMC622,25,1,0.1287,1
0.1225,0.06517,0.2544,0.4754,0.7681,0.3181,NMC523,25,1,0.05641,1
0.1981,0.002093,0.3903,0.123,0.224,0.0792,NMC523,25,1,0.07605,1
0.02335,0.01973,0.2155,0.1198,0.8511,0.1217,NMC811,25,1,0.04738,1
0.1213,0.06952,0.4064,0.3224,0.8886,0.5183,NMC532,25,1,0.1066,1
0.1946,0.1041,0.2242,0.6777,1.082,0.4389,NMC523,25,1,0.02044,1
0.08677,0.02082,0.4183,0.08228,0.6188,0.07153,NMC811,25,1,0.7342,1
0.05917,0.01612,0.04601,0.3012,2.452,0.31,NMC811,25,1,0.4045,1
0.08741,0.02815,0.09968,0.5575,1.775,0.5589,NMC622,25,1,0.03361,1
0.1022,0.03223,0.4244,0.3712,0.4041,0.4164,NMC111,25,1,0.7726,1
0.2065,0.09203,0.1929,0.4296,1.165,0.7346,NMC532,25,1,0.05095,1
0.05251,0.05603,0.2815,0.2912,2.396,0.2775,NMC811,25,1,0.3628,1
0.2157,0.01044,0.3843,0.8643,0.8188,0.9009,NMC111,25,1,0.09321,1
0.06394,0.01798,0.01384,0.1267,1.016,0.1374,NMC811,25,1,0.03001,1
0.1419,0.0119,0.2537,0.2911,0.839,0.2977,NMC622,25,1,0.1306,1
0.09351,0.05724,0.1482,0.1466,0.1354,0.1566,NMC111,25,1,0.03515,1
0.1973,0.03992,0.01662,0.302,0.7257,0.4738,NMC532,25,1,0.1981,1
0.1705,0.1097,0.4143,0.3645,0.8996,0.5623,NMC532,25,1,0.2381,1
0.2006,0.04705,0.2532,0.5571,1.633,0.546,NMC622,25,1,0.04177,1
0.03985,0.09462,0.1997,0.01789,0.02044,0.01989,NMC111,25,1,1.463,1
0.08451,0.06788,0.398,0.08429,0.6658,0.08609,NMC811,25,1,0.9434,1
0.05979,0.08261,0.4547,0.1784,0.458,0.2547,NMC532,25,1,0.3894,1
0.164,0.06823,0.3233,0.4424,1.088,0.6293,NMC532,25,1,0.2694,1
0.08205,0.02018,0.1715,0.1019,0.8216,0.09683,NMC811,25,1,0.05201,1
0.1274,0.09454,0.1738,0.1884,0.4878,0.2748,NMC532,25,1,0.08405,1
0.0707,0.0348,0.21,0.2173,0.2131,0.2355,NMC111,25,1,1.4,1
0.1444,0.02583,0.4002,0.2997,2.31,0.2636,NMC811,25,1,0.4287,1
0.1313,0.09005,0.3157,0.3476,0.6157,0.2368,NMC523,25,1,0.4322,1
0.08996,0.09308,0.3008,0.4878,1.254,0.672,NMC532,25,1,0.117,1
0.08477,0.01767,0.2329,0.2581,0.8213,0.2621,NMC622,25,1,0.4686,1
0.1858,0.07552,0.2352,0.02268,0.1798,0.01996,NMC811,25,1,0.328,1
0.1904,0.1032,0.4566,0.2681,0.2713,0.2806,NMC111,25,1,1.471,1
0.1997,0.0293,0.1978,0.8027,0.8556,0.8005,NMC111,25,1,0.115,1
0.04309,0.02792,0.3424,0.6286,1.505,0.8468,NMC532,25,1,0.03283,1
0.1213,0.04975,0.4164,0.1859,0.3252,0.1342,NMC523,25,1,0.7389,1
0.1164,0.0766,0.254,0.181,0.5831,0.1867,NMC622,25,1,0.09878,1
0.1564,0.02705,0.08465,0.03975,0.3227,0.04286,NMC811,25,1,0.8135,1
0.1122,0.08168,0.2209,0.3039,0.3019,0.2755,NMC111,25,1,0.8758,1
0.1391,0.04766,0.3284,0.7534,0.8597,0.8589,NMC111,25,1,0.1076,1
0.04935,0.06858,0.1366,0.3491,1.116,0.3341,NMC622,25,1,0.1666,1
0.04881,0.01415,0.1038,0.1956,0.3545,0.126,NMC523,25,1,0.199,1
0.01479,0.05073,0.1697,0.08359,0.7008,0.08564,NMC811,25,1,0.1786,1
0.01697,0.006947,0.3318,0.4207,1.169,0.6791,NMC532,25,1,0.0252,1
0.05276,0.09935,0.4512,0.3765,0.8228,0.5201,NMC532,25,1,0.5738,1
0.07691,0.06963,0.3364,0.1426,1.115,0.1487,NMC811,25,1,0.04221,1
0.03994,0.05119,0.1574,0.2952,0.5303,0.2024,NMC523,25,1,0.1087,1
0.09844,0.09029,0.4164,0.1553,0.4684,0.2776,NMC532,25,1,0.1124,1
0.09897,0.0663,0.1545,0.03838,0.2804,0.03618,NMC811,25,1,0.3296,1
0.2187,0.05415,0.2652,0.03219,0.2523,0.03023,NMC811,25,1,0.02765,1
0.004744,0.01472,0.04272,0.7051,1.214,0.4363,NMC523,25,1,0.04841,1
0.04147,0.05491,0.1555,0.3564,1.102,0.3796,NMC622,25,1,0.8903,1
0.05361,0.008551,0.1027,0.01794,0.1252,0.01794,NMC811,25,1,0.07168,1
0.1404,0.09856,0.009333,0.3089,1.047,0.3284,NMC622,25,1,1.203,1
0.08058,0.09151,0.1714,0.07431,0.1994,0.07476,NMC622,25,1,0.05047,1
0.188,0.05646,0.1229,0.2943,0.7718,0.4457,NMC532,25,1,0.03269,1
0.0331,0.03458,0.09862,0.546,0.905,0.3805,NMC523,25,1,0.1765,1
0.04817,0.02469,0.009239,0.03449,0.1154,0.03644,NMC622,25,1,1.427,1
0.2255,0.02648,0.2293,0.9018,0.8295,0.8585,NMC111,25,1,0.1381,1
0.1293,0.05905,0.359,0.5467,0.9181,0.3665,NMC523,25,1,0.1321,1
0.06621,0.1051,0.3864,0.838,1.383,0.5225,NMC523,25,1,0.4802,1
0.1033,0.01157,0.4351,0.4183,1.035,0.5936,NMC532,25,1,0.1942,1
0.2144,0.0743,0.02054,0.02861,0.06523,0.04098,NMC532,25,1,0.307,1
0.1184,0.05999,0.2085,0.2999,2.122,0.2665,NMC811,25,1,0.1117,1
0.07955,0.06489,0.3638,0.288,2.225,0.2915,NMC811,25,1,0.03945,1
0.1197,0.04945,0.2508,0.7168,1.391,0.5204,NMC523,25,1,0.4086,1
0.2221,0.08393,0.1016,0.06479,0.5811,0.06812,NMC811,25,1,0.1077,1
0.1342,0.002327,0.08618,0.441,0.4227,0.4023,NMC111,25,1,0.3056,1
0.2141,0.01269,0.07483,0.5859,1.1,0.4362,NMC523,25,1,0.7464,1
0.158,0.08894,0.2826,0.2867,0.5035,0.2151,NMC523,25,1,0.02847,1
0.05881,0.09697,0.1407,0.1662,0.181,0.1583,NMC111,25,1,0.02723,1
0.1801,0.07729,0.05771,0.1622,0.4529,0.2436,NMC532,25,1,0.8204,1
0.1444,0.006601,0.2151,0.3195,0.77,0.4138,NMC532,25,1,1.125,1
0.03917,0.001841,0.1159,0.5186,0.8491,0.3147,NMC523,25,1,0.06406,1
0.2218,0.05137,0.09922,0.5918,0.593,0.6326,NMC111,25,1,0.1433,1
0.1071,0.00256,0.4131,0.3889,1.204,0.406,NMC622,25,1,0.1699,1
0.224,0.09132,0.1362,0.1732,0.264,0.1057,NMC523,25,1,0.462,1
0.08212,0.05706,0.427,0.6073,1.302,0.9215,NMC532,25,1,0.05104,1
0.06437,0.04624,0.1967,0.4176,1.381,0.3991,NMC622,25,1,0.03636,1
0.04314,0.04098,0.381,0.2002,1.474,0.1964,NMC811,25,1,0.09343,1
0.08581,0.06278,0.371,0.5946,0.5723,0.622,NMC111,25,1,0.04632,1
0.1939,0.01272,0.01362,0.2858,2.077,0.2648,NMC811,25,1,0.4675,1
0.01293,0.05521,0.1954,0.4418,0.7088,0.2718,NMC523,25,1,1.03,1
0.1355,0.0689,0.08358,0.8786,1.413,0.5504,NMC523,25,1,0.8583,1
0.06062,0.07205,0.07408,0.1222,0.896,0.12,NMC811,25,1,0.1332,1
0.1083,0.01305,0.4232,0.5685,1.381,0.8456,NMC532,25,1,0.04207,1
0.1568,0.02514,0.1589,0.106,0.1059,0.1171,NMC111,25,1,0.02174,1
0.05933,0.08096,0.2576,0.2134,0.5084,0.2888,NMC532,25,1,0.08411,1
0.1511,0.1092,0.3212,0.2897,0.6957,0.4845,NMC532,25,1,0.03049,1
0.2225,0.07417,0.1028,0.416,1.266,0.424,NMC622,25,1,0.1063,1
0.03299,0.09726,0.1306,0.1594,0.1563,0.1651,NMC111,25,1,1.098,1
0.1424,0.1072,0.06743,0.8243,0.8452,0.8621,NMC111,25,1,0.04338,1
0.2217,0.02522,0.4148,0.2145,0.6454,0.2133,NMC622,25,1,0.07532,1
0.06894,0.03001,0.3537,0.06287,0.5189,0.06867,NMC811,25,1,0.08884,1
0.06525,0.009548,0.1037,0.4648,0.4617,0.4527,NMC111,25,1,0.3887,1
0.0523,0.002986,0.4014,0.2955,2.038,0.2404,NMC811,25,1,0.02395,1
0.1152,0.04113,0.1999,0.1043,0.8554,0.119,NMC811,25,1,0.1135,1
0.03292,0.1105,0.1418,0.9451,1.448,0.5731,NMC523,25,1,0.4189,1
0.09803,0.08517,0.4548,0.9333,1.496,0.5863,NMC523,25,1,0.2526,1
0.2153,0.08861,0.07089,0.8888,0.8674,0.8567,NMC111,25,1,0.03328,1
0.1221,0.08615,0.2138,0.2024,1.781,0.1994,NMC811,25,1,0.821,1
0.1023,0.05727,0.3284,0.8587,1.355,0.5727,NMC523,25,1,0.09533,1
0.1226,0.02021,0.3953,0.0652,0.1857,0.06197,NMC622,25,1,0.2238,1
0.1781,0.03034,0.2335,0.02678,0.2254,0.02823,NMC811,25,1,0.1371,1
0.1672,0.05486,0.288,0.5351,1.653,0.5741,NMC622,25,1,0.3391,1
0.1561,0.02749,0.1223,0.2429,0.6207,0.3745,NMC532,25,1,0.9915,1
0.1389,0.03212,0.3003,0.05673,0.4466,0.05626,NMC811,25,1,0.08323,1
0.02381,0.04622,0.1563,0.143,1.193,0.1421,NMC811,25,1,0.04259,1
0.1109,0.07107,0.1693,0.2042,1.607,0.1959,NMC811,25,1,0.6226,1
0.01013,0.06727,0.4458,0.4942,1.241,0.7502,NMC532,25,1,0.5815,1
0.226,0.006207,0.1594,0.7131,1.261,0.4832,NMC523,25,1,0.4133,1
0.1508,0.01369,0.4205,0.1155,0.2732,0.1621,NMC532,25,1,0.2031,1
0.01011,0.01161,0.1423,0.1058,0.2802,0.1788,NMC532,25,1,0.1371,1
0.1036,0.06194,0.08352,0.1084,0.8271,0.1044,NMC811,25,1,0.3535,1
0.1486,0.07074,0.4397,0.08949,0.6996,0.1014,NMC811,25,1,0.2231,1
0.1463,0.1052,0.3996,0.5393,1.41,0.5079,NMC622,25,1,0.5571,1
0.1584,0.008381,0.05954,0.391,0.6716,0.2741,NMC523,25,1,0.3589,1
0.0219,0.09973,0.05837,0.03736,0.3134,0.03925,NMC811,25,1,0.08989,1
0.1874,0.07513,0.2915,0.09976,0.157,0.07138,NMC523,25,1,0.09682,1
0.1785,0.1048,0.06208,0.2737,0.7652,0.2826,NMC622,25,1,0.04878,1
0.1139,0.09227,0.3459,0.1026,0.321,0.1176,NMC622,25,1,0.7504,1
0.1888,0.04895,0.13,0.3306,0.7357,0.5275,NMC532,25,1,0.06915,1
0.1756,0.06582,0.3806,0.2749,1.892,0.2229,NMC811,25,1,0.2302,1
0.116,0.04313,0.4384,0.2909,2.413,0.308,NMC811,25,1,0.7172,1
0.1923,0.03125,0.2705,0.843,1.4,0.5811,NMC523,25,1,0.04857,1
0.07139,0.04558,0.1832,0.3514,1.094,0.3749,NMC622,25,1,0.1326,1
0.02262,0.03774,0.3286,0.3875,0.6583,0.2621,NMC523,25,1,1.127,1
0.1654,0.01744,0.009049,0.3165,0.9709,0.3266,NMC622,25,1,0.8499,1
0.08189,0.06104,0.08648,0.5004,0.9797,0.3399,NMC523,25,1,0.05548,1
0.009457,0.09905,0.04623,0.06417,0.5846,0.06676,NMC811,25,1,0.07825,1
0.02209,0.06556,0.2092,0.5475,1.437,0.8118,NMC532,25,1,0.6365,1
0.09397,0.03109,0.3588,0.2631,2.106,0.2429,NMC811,25,1,0.9892,1
0.08182,0.07157,0.3393,0.03448,0.09506,0.0355,NMC622,25,1,0.1559,1
0.1593,0.0411,0.3955,0.02088,0.0357,0.01367,NMC523,25,1,0.02632,1
0.1999,0.03609,0.2959,0.4732,0.4735,0.4688,NMC111,25,1,0.1013,1
0.006706,0.02179,0.3243,0.3187,0.8363,0.3108,NMC622,25,1,0.3393,1
0.2075,0.02374,0.08279,0.1001,0.7939,0.0974,NMC811,25,1,0.2426,1
0.0673,0.009182,0.3113,0.72,0.6906,0.7208,NMC111,25,1,0.2164,1
0.2224,0.03271,0.1839,0.1779,0.5721,0.2003,NMC622,25,1,0.238,1
0.01658,0.09874,0.04347,0.1515,0.432,0.1425,NMC622,25,1,0.9277,1
0.1667,0.01319,0.0154,0.4935,0.4919,0.4523,NMC111,25,1,0.04413,1
0.06247,0.04118,0.3074,0.9693,0.9522,1.035,NMC111,25,1,0.2618,1
0.1975,0.06436,0.4433,0.04465,0.3632,0.04585,NMC811,25,1,1.389,1
0.02772,0.01172,0.3283,0.1658,0.4271,0.2762,NMC532,25,1,0.109,1
0.07828,0.06412,0.3265,0.1779,0.2658,0.1271,NMC523,25,1,0.03107,1
0.175,0.06888,0.2144,0.5109,0.7737,0.325,NMC523,25,1,0.03021,1
0.194,0.03313,0.4169,0.07897,0.6278,0.07954,NMC811,25,1,0.4043,1
0.02727,0.005648,0.4167,0.3841,0.7914,0.5074,NMC532,25,1,1.286,1
0.05205,0.009136,0.4136,0.5088,0.4985,0.4999,NMC111,25,1,0.9154,1
0.134,0.1057,0.0439,0.453,0.8081,0.3233,NMC523,25,1,0.1537,1
0.09833,0.09414,0.1493,0.2612,1.914,0.2432,NMC811,25,1,0.292,1
0.11,0.06759,0.2638,0.1508,1.212,0.1483,NMC811,25,1,0.1474,1
0.1467,0.08276,0.441,0.428,1.172,0.3692,NMC622,25,1,0.05313,1
0.04144,0.1043,0.1784,0.3996,0.4114,0.397,NMC111,25,1,1.233,1
0.2149,0.003354,0.4225,0.5181,0.5342,0.5282,NMC111,25,1,0.0981,1
0.05875,0.09856,0.05285,0.01312,0.03881,0.01553,NMC622,25,1,0.1422,1
0.0173,0.02016,0.351,0.1485,0.3648,0.22,NMC532,25,1,0.07366,1
0.0294,0.05564,0.1026,0.1149,0.8461,0.1122,NMC811,25,1,0.06165,1
0.09155,0.07172,0.4069,0.03886,0.07095,0.02668,NMC523,25,1,0.1729,1
0.04951,0.004615,0.06218,0.5668,1.778,0.6291,NMC622,25,1,0.5479,1
0.1916,0.05939,0.2024,0.5337,1.621,0.5607,NMC622,25,1,0.4014,1
0.1142,0.07349,0.2893,0.1151,0.1206,0.1191,NMC111,25,1,0.7247,1
0.2218,0.03402,0.2055,0.5273,1.525,0.5093,NMC622,25,1,0.03491,1
0.2002,0.0345,0.2741,0.1668,1.527,0.1826,NMC811,25,1,0.06033,1
0.1655,0.05388,0.3438,0.3833,0.7384,0.2525,NMC523,25,1,0.04923,1
0.02884,0.08772,0.3619,0.4488,0.447,0.4804,NMC111,25,1,0.02907,1
0.03864,0.03787,0.4469,0.2795,0.8632,0.3181,NMC622,25,1,0.04896,1
0.02891,0.03052,0.2893,0.1286,0.9891,0.1179,NMC811,25,1,0.4523,1
0.1304,0.07487,0.2628,0.3597,0.3691,0.3499,NMC111,25,1,1.069,1
0.02575,0.07645,0.07193,0.5675,1.494,0.8039,NMC532,25,1,0.02354,1
0.1282,0.06665,0.04612,0.6473,0.6901,0.6595,NMC111,25,1,0.04796,1
0.1384,0.07336,0.1144,0.2989,0.8977,0.3244,NMC622,25,1,1.205,1
0.1707,0.07091,0.1125,0.8978,1.431,0.6894,NMC523,25,1,0.03219,1
0.1022,0.1086,0.3139,0.2729,0.675,0.3964,NMC532,25,1,0.3988,1
0.191,0.02948,0.3963,0.5782,0.6583,0.6566,NMC111,25,1,1.091,1
0.02796,0.08905,0.02784,0.4911,1.321,0.4513,NMC622,25,1,0.1209,1
0.1239,0.05571,0.03532,0.8217,1.307,0.5326,NMC523,25,1,0.04765,1
0.1161,0.0123,0.2319,0.5207,0.5449,0.5471,NMC111,25,1,0.08606,1
0.2069,0.02158,0.3191,0.06935,0.09771,0.0435,NMC523,25,1,0.04685,1
0.04559,0.1085,0.1215,0.7253,1.165,0.4526,NMC523,25,1,1.126,1
0.2155,0.004073,0.1104,0.8152,1.275,0.5005,NMC523,25,1,0.225,1
0.2071,0.08682,0.15,0.1372,1.162,0.1531,NMC811,25,1,0.1855,1
0.1714,0.08274,0.1553,0.4838,0.7432,0.3254,NMC523,25,1,1.452,1
0.1037,0.05512,0.4562,0.05835,0.4603,0.06048,NMC811,25,1,0.1968,1
0.08164,0.0908,0.07158,0.07855,0.6195,0.07768,NMC811,25,1,0.0405,1
0.127,0.09721,0.09047,0.2113,0.5374,0.3654,NMC532,25,1,0.5067,1
0.1406,0.03284,0.3766,0.2097,1.861,0.2164,NMC811,25,1,0.1311,1
0.1725,0.07291,0.4292,0.2926,2.191,0.2685,NMC811,25,1,0.9128,1
0.07837,0.02308,0.0453,1.021,0.8704,0.8648,NMC111,25,1,0.07475,1
0.1294,0.0294,0.4119,0.679,0.7197,0.7438,NMC111,25,1,0.438,1
0.1188,0.09183,0.4299,1.005,0.8867,1.037,NMC111,25,1,0.1064,1
0.06626,0.08425,0.21,0.592,1.409,0.9088,NMC532,25,1,0.4609,1
0.04729,0.1054,0.2815,0.2171,0.6335,0.3817,NMC532,25,1,0.3902,1
0.01688,0.06344,0.04875,0.4217,1.351,0.4409,NMC622,25,1,1.227,1
0.0353,0.08231,0.1756,0.1383,0.3668,0.2065,NMC532,25,1,0.02804,1
0.06303,0.03801,0.01326,0.2669,0.7084,0.2701,NMC622,25,1,0.2832,1
0.1319,0.1088,0.2421,0.1661,0.5043,0.1577,NMC622,25,1,0.03768,1
0.1356,0.04387,0.4483,0.2338,1.983,0.2671,NMC811,25,1,0.1627,1
0.04378,0.03342,0.341,0.2199,0.3576,0.127,NMC523,25,1,1.206,1
0.1501,0.1048,0.4507,0.343,0.9397,0.5543,NMC532,25,1,1.436,1
0.1792,0.04201,0.248,0.1436,0.4259,0.1312,NMC622,25,1,1.348,1
0.1925,0.02295,0.4109,0.2174,1.823,0.2539,NMC811,25,1,0.8618,1
0.1346,0.01825,0.1176,0.7621,1.275,0.4918,NMC523,25,1,0.08819,1
0.133,0.05093,0.0233,0.7768,0.6542,0.7773,NMC111,25,1,0.6049,1
0.07525,0.07143,0.3616,0.05725,0.05509,0.06129,NMC111,25,1,0.05543,1
0.1461,0.1099,0.3109,0.1217,0.9314,0.1206,NMC811,25,1,1.108,1
0.01949,0.104,0.3769,0.4524,1.452,0.4533,NMC622,25,1,0.07047,1
0.1898,0.05669,0.09354,0.4757,1.403,0.5099,NMC622,25,1,0.4712,1
0.1658,0.0573,0.4115,0.493,1.15,0.7209,NMC532,25,1,1.386,1
0.1036,0.0967,0.3339,0.165,1.501,0.1764,NMC811,25,1,0.02049,1
0.08573,0.02778,0.02136,0.06267,0.2042,0.06345,NMC622,25,1,0.2897,1
0.07581,0.05363,0.189,0.3723,1.016,0.3614,NMC622,25,1,0.02833,1
0.008719,0.04438,0.2758,0.1087,0.8771,0.112,NMC811,25,1,0.03743,1
0.1989,0.1109,0.1149,0.144,0.5057,0.1502,NMC622,25,1,0.1353,1
0.224,0.1069,0.247,0.1458,0.9323,0.1294,NMC811,25,1,0.3583,1
0.1471,0.02357,0.1681,0.07524,0.1723,0.101,NMC532,25,1,0.29,1
0.1515,0.07731,0.05103,0.5939,1.787,0.6441,NMC622,25,1,0.05546,1
0.03635,0.08962,0.3496,0.03314,0.2523,0.03289,NMC811,25,1,0.4441,1
0.2102,0.003076,0.3394,0.008292,0.07442,0.008765,NMC811,25,1,0.1826,1
0.1718,0.08983,0.242,0.3562,0.3599,0.3649,NMC111,25,1,0.02158,1
0.1994,0.01179,0.1927,0.7421,1.063,0.4727,NMC523,25,1,0.02357,1
0.08271,0.05371,0.2593,0.3916,0.6503,0.2682,NMC523,25,1,0.03871,1
0.09513,0.06694,0.143,0.1379,0.3208,0.1854,NMC532,25,1,0.0451,1
0.02758,0.03111,0.4396,0.2583,0.6886,0.2353,NMC622,25,1,0.06068,1
0.09621,0.003861,0.3197,0.3064,2.29,0.3264,NMC811,25,1,0.07411,1
0.1358,0.05253,0.4525,0.3068,1.916,0.2823,NMC811,25,1,0.04159,1
0.04265,0.05924,0.4496,0.1091,0.1972,0.06693,NMC523,25,1,0.5595,1
0.2033,0.07131,0.2831,0.8465,0.9768,0.8623,NMC111,25,1,0.1791,1
0.1252,0.03816,0.1664,0.07416,0.5732,0.0665,NMC811,25,1,0.1057,1
0.04169,0.007651,0.2073,0.2762,2.21,0.276,NMC811,25,1,0.1413,1
0.04827,0.01265,0.1389,0.2811,0.3839,0.1643,NMC523,25,1,0.0705,1
0.1691,0.01727,0.4097,0.02723,0.04413,0.01735,NMC523,25,1,0.03618,1
0.2223,0.06681,0.01446,0.5383,0.9534,0.3603,NMC523,25,1,0.4096,1
0.08649,0.1062,0.4362,0.2674,2.182,0.2867,NMC811,25,1,0.1781,1
0.1844,0.02139,0.1037,0.4191,1.229,0.7135,NMC532,25,1,0.104,1
0.0692,0.09475,0.3837,0.1998,0.5035,0.309,NMC532,25,1,1.474,1
0.0534,0.07779,0.1732,0.334,1.084,0.3197,NMC622,25,1,0.06767,1
0.1161,0.009606,0.2393,0.03121,0.07764,0.04527,NMC532,25,1,0.03332,1
0.0923,0.006427,0.08971,0.1613,0.3667,0.246,NMC532,25,1,0.1298,1
0.2255,0.08278,0.1061,0.0675,0.06023,0.06687,NMC111,25,1,0.0676,1
0.1032,0.07676,0.229,0.08722,0.2396,0.08335,NMC622,25,1,0.2089,1
0.07163,0.05172,0.0937,0.238,2.088,0.2381,NMC811,25,1,1.305,1
0.2171,0.02024,0.2979,0.03546,0.2778,0.0358,NMC811,25,1,0.3332,1
0.1658,0.01743,0.373,0.1565,0.4433,0.2697,NMC532,25,1,0.1299,1
0.06656,0.03775,0.4382,0.5523,0.5108,0.5581,NMC111,25,1,0.5467,1
0.2124,0.09862,0.3047,0.2993,0.9091,0.3104,NMC622,25,1,1.243,1
0.09026,0.008571,0.2261,0.03127,0.09218,0.03027,NMC622,25,1,0.02083,1
0.02231,0.03875,0.05409,0.5959,1.01,0.4229,NMC523,25,1,0.1112,1
0.01846,0.1092,0.1228,0.7712,1.204,0.4968,NMC523,25,1,0.5932,1
0.1736,0.02004,0.2459,0.73,1.041,0.5133,NMC523,25,1,0.02311,1
0.2087,0.06722,0.1388,0.2585,2.044,0.2568,NMC811,25,1,0.09371,1
0.1397,0.008701,0.1966,0.6715,1.01,0.4339,NMC523,25,1,0.4141,1
0.009425,0.08791,0.3887,0.4975,0.8498,0.331,NMC523,25,1,0.3728,1
0.1386,0.06565,0.2031,0.2141,0.6906,0.2106,NMC622,25,1,0.5504,1
0.0829,0.1058,0.2979,0.4441,0.4743,0.4393,NMC111,25,1,0.6315,1
0.2207,0.01113,0.03042,0.08259,0.7023,0.07821,NMC811,25,1,0.02511,1
0.09963,0.08798,0.2524,0.03647,0.1053,0.03897,NMC622,25,1,0.1814,1
0.03449,0.03224,0.3024,0.3819,1.137,0.3623,NMC622,25,1,0.2367,1
0.08228,0.08423,0.4144,0.5982,1.701,0.6134,NMC622,25,1,0.07955,1
0.0994,0.05036,0.08735,0.202,1.625,0.2088,NMC811,25,1,1.031,1
0.03536,0.01234,0.2567,0.2467,2.019,0.258,NMC811,25,1,0.6156,1
0.2085,0.07164,0.05803,0.2272,0.6252,0.382,NMC532,25,1,0.231,1
0.03626,0.08485,0.1281,0.8668,0.9044,0.9044,NMC111,25,1,1.327,1
0.1838,0.05658,0.2459,0.144,0.1496,0.1499,NMC111,25,1,0.08667,1
0.1609,0.03489,0.07609,0.304,0.9079,0.2977,NMC622,25,1,0.1281,1
0.1292,0.1004,0.1674,0.3635,0.6004,0.2418,NMC523,25,1,0.04611,1
0.07467,0.06824,0.3699,0.2232,0.6848,0.2053,NMC622,25,1,0.2232,1
0.1364,0.1039,0.2941,0.843,1.36,0.5629,NMC523,25,1,0.1814,1
0.04437,0.03054,0.1707,0.5671,1.895,0.6265,NMC622,25,1,0.04799,1
0.1501,0.01129,0.2128,0.5311,1.433,0.5171,NMC622,25,1,0.5109,1
0.06342,0.06464,0.4369,0.403,1.088,0.6768,NMC532,25,1,0.1267,1
0.2058,0.03764,0.2555,0.1206,0.3124,0.1838,NMC532,25,1,0.06176,1
0.02461,0.03855,0.4286,0.3798,1.319,0.3945,NMC622,25,1,0.07273,1
0.05045,0.06936,0.0754,0.7465,0.7217,0.6815,NMC111,25,1,1.008,1
0.07639,0.00222,0.1032,0.1324,1.03,0.1212,NMC811,25,1,0.4124,1
0.06606,0.01483,0.4335,0.9163,0.8787,0.9257,NMC111,25,1,0.3328,1
0.2037,0.0472,0.1194,0.3876,0.6369,0.2618,NMC523,25,1,0.09136,1
0.04684,0.005737,0.1097,0.8607,1.453,0.5617,NMC523,25,1,0.3044,1
0.1137,0.02477,0.3131,0.4642,1.419,0.4713,NMC622,25,1,0.1773,1
0.0137,0.02066,0.3582,0.1317,0.2124,0.08737,NMC523,25,1,0.2401,1
0.2138,0.09654,0.142,0.3311,0.7338,0.5194,NMC532,25,1,0.07331,1
0.07995,0.02115,0.4492,0.4955,0.479,0.5132,NMC111,25,1,0.1162,1
0.1623,0.01054,0.03985,0.01666,0.1335,0.0158,NMC811,25,1,0.06069,1
0.1073,0.01428,0.2639,0.02715,0.02798,0.02618,NMC111,25,1,0.3637,1
0.01598,0.05666,0.1565,0.9098,0.8247,0.8244,NMC111,25,1,0.1247,1
0.1478,0.01954,0.07018,0.2885,2.214,0.3556,NMC811,25,1,0.2138,1
0.03693,0.09609,0.2641,0.01831,0.01683,0.01744,NMC111,25,1,0.02859,1
0.07775,0.02231,0.3788,0.5034,0.8223,0.3058,NMC523,25,1,0.1654,1
0.1576,0.03043,0.05607,0.2953,0.6693,0.4252,NMC532,25,1,0.8726,1
0.08572,0.01228,0.4376,0.2956,2.219,0.2944,NMC811,25,1,1.019,1
0.14,0.06669,0.01234,0.3077,2.19,0.2857,NMC811,25,1,0.05645,1
0.08665,0.03103,0.2128,0.02243,0.1692,0.02246,NMC811,25,1,0.1351,1
0.2243,0.03149,0.07622,0.3671,0.9011,0.5585,NMC532,25,1,1.474,1
0.04709,0.01173,0.09585,0.2093,1.623,0.2038,NMC811,25,1,0.03907,1
0.1594,0.07533,0.1254,1.005,1.038,0.9593,NMC111,25,1,0.09341,1
0.02327,0.03191,0.2364,0.0575,0.4605,0.06144,NMC811,25,1,0.107,1
0.04003,0.007429,0.1636,0.5219,0.491,0.5661,NMC111,25,1,0.1615,1
0.1908,0.01685,0.2339,0.01525,0.03733,0.02359,NMC532,25,1,0.1678,1
0.01694,0.02161,0.3184,0.07755,0.606,0.0709,NMC811,25,1,1.048,1
0.1771,0.03355,0.2328,0.364,1.156,0.3609,NMC622,25,1,0.0348,1
0.03905,0.01891,0.2285,0.7502,0.7397,0.6961,NMC111,25,1,0.9641,1
0.1553,0.06394,0.1344,0.267,2.011,0.2745,NMC811,25,1,0.03456,1
0.1556,0.04432,0.2185,1.045,1.002,0.9741,NMC111,25,1,0.03326,1
0.05751,0.08206,0.2733,0.1126,0.2684,0.1688,NMC532,25,1,0.6079,1
0.004444,0.01745,0.121,0.5146,0.7722,0.3507,NMC523,25,1,0.5684,1
0.1159,0.07318,0.1687,0.526,1.378,0.7493,NMC532,25,1,0.1311,1
0.2195,0.0272,0.4387,0.6813,1.167,0.4473,NMC523,25,1,1.332,1
0.1847,0.03684,0.4114,0.7576,0.7738,0.8368,NMC111,25,1,0.02289,1
0.01781,0.1038,0.3184,0.4122,1.149,0.4248,NMC622,25,1,0.1586,1
0.176,0.02086,0.356,0.4395,1.29,0.4446,NMC622,25,1,0.05663,1
0.206,0.111,0.07732,0.3812,0.9189,0.5978,NMC532,25,1,0.05742,1
0.2216,0.04791,0.06752,1.035,1.028,0.9459,NMC111,25,1,0.1039,1
0.218,0.0643,0.1016,0.5657,0.9667,0.3657,NMC523,25,1,0.2575,1
0.1348,0.01091,0.4473,0.2327,0.6638,0.3839,NMC532,25,1,0.1631,1
0.1142,0.05326,0.1057,0.8293,1.504,0.5689,NMC523,25,1,0.1558,1
0.04839,0.01803,0.3573,0.6917,0.6664,0.6202,NMC111,25,1,0.03415,1
0.08979,0.05747,0.0593,0.6235,1.058,0.4379,NMC523,25,1,0.2215,1
0.1509,0.01055,0.2908,0.06032,0.5016,0.06285,NMC811,25,1,1.403,1
0.01381,0.06419,0.4093,0.1984,0.3583,0.1182,NMC523,25,1,0.02777,1
0.01232,0.09401,0.08444,0.09893,0.2474,0.1396,NMC532,25,1,0.1876,1
0.09895,0.08839,0.08736,0.03276,0.2193,0.03085,NMC811,25,1,0.03193,1
0.04448,0.06354,0.06352,0.5718,1.576,0.5465,NMC622,25,1,0.04986,1
0.1182,0.01518,0.1147,0.5564,1.491,0.9145,NMC532,25,1,0.6469,1
0.08115,0.07419,0.1642,0.562,0.5092,0.5329,NMC111,25,1,0.05396,1
0.1959,0.005165,0.0499,0.03756,0.03533,0.03329,NMC111,25,1,0.8662,1
0.2221,0.05656,0.4189,0.3936,0.6558,0.2604,NMC523,25,1,0.05481,1
0.1663,0.08629,0.1134,0.4447,1.295,0.4413,NMC622,25,1,0.2205,1
0.1405,0.07329,0.3863,0.04093,0.1235,0.03823,NMC622,25,1,0.7587,1
0.00501,0.08853,0.2916,0.1096,0.1114,0.1079,NMC111,25,1,0.2051,1
0.1835,0.01415,0.3522,0.1545,0.4487,0.1403,NMC622,25,1,0.3748,1
0.2225,0.006409,0.4475,0.8867,0.8585,0.8151,NMC111,25,1,0.02216,1
0.1656,0.04925,0.4207,0.2321,1.737,0.2232,NMC811,25,1,0.09897,1
0.03094,0.06896,0.4273,0.02383,0.02385,0.0228,NMC111,25,1,0.1415,1
0.1079,0.002003,0.2893,0.693,1.229,0.521,NMC523,25,1,0.1654,1
0.08892,0.001805,0.4211,0.1522,0.4042,0.2483,NMC532,25,1,0.7128,1
0.01558,0.05213,0.4333,0.1039,0.3135,0.1166,NMC622,25,1,0.05134,1
0.0601,0.01936,0.1628,0.1288,0.2521,0.08423,NMC523,25,1,0.4426,1
0.1871,0.04772,0.4548,0.6253,1.836,0.5896,NMC622,25,1,0.03454,1
0.09633,0.05264,0.3308,0.3198,0.2964,0.339,NMC111,25,1,0.1043,1
0.0888,0.08226,0.4014,0.2819,0.3064,0.2792,NMC111,25,1,0.03953,1
0.08786,0.01685,0.3272,0.6337,1.012,0.3961,NMC523,25,1,0.02134,1
0.08464,0.08368,0.1721,0.05157,0.1248,0.04556,NMC622,25,1,0.08974,1
0.153,0.1105,0.2382,0.5811,0.551,0.581,NMC111,25,1,1.288,1
0.2239,0.0346,0.3924,0.2241,0.5606,0.3529,NMC532,25,1,0.5745,1
0.1094,0.09076,0.3118,0.09727,0.827,0.1026,NMC811,25,1,0.3497,1
0.2249,0.01267,0.3914,0.2728,0.2871,0.2587,NMC111,25,1,0.8913,1
0.07587,0.0804,0.08349,0.218,2.039,0.2394,NMC811,25,1,0.9268,1
0.1309,0.00327,0.3015,0.2381,0.383,0.149,NMC523,25,1,0.4067,1
0.1645,0.008364,0.1543,0.16,0.4625,0.1533,NMC622,25,1,0.03003,1
0.06527,0.05915,0.1875,0.1931,0.2185,0.194,NMC111,25,1,1.037,1
0.1245,0.04619,0.1318,0.3943,1.09,0.3914,NMC622,25,1,0.09438,1
0.05168,0.08561,0.2272,0.9915,1.029,1.032,NMC111,25,1,0.3687,1
0.01942,0.05683,0.4474,0.6639,0.6596,0.696,NMC111,25,1,0.8431,1
0.05407,0.03247,0.1799,0.2982,2.399,0.3024,NMC811,25,1,0.02323,1
0.1157,0.07936,0.3133,0.05135,0.1507,0.05111,NMC622,25,1,0.6181,1
0.09051,0.0673,0.3953,0.5052,1.232,0.7908,NMC532,25,1,0.05293,1
0.08689,0.05875,0.2813,0.05912,0.4451,0.05941,NMC811,25,1,0.08,1
0.2069,0.009756,0.2077,0.368,0.8585,0.5637,NMC532,25,1,0.7331,1
0.02612,0.07947,0.05576,0.3694,0.6225,0.2591,NMC523,25,1,1.183,1
0.06037,0.0688,0.1084,0.5994,1.01,0.4048,NMC523,25,1,0.7811,1
0.1774,0.02589,0.4349,0.7433,1.104,0.3979,NMC523,25,1,0.6052,1
0.06267,0.02162,0.1075,0.307,0.85,0.4531,NMC532,25,1,0.02906,1
0.03809,0.06352,0.1598,0.4193,0.4348,0.4643,NMC111,25,1,0.09479,1
0.1358,0.0478,0.2932,0.2406,0.261,0.2548,NMC111,25,1,0.03304,1
0.1751,0.05883,0.4239,0.03179,0.03466,0.03163,NMC111,25,1,0.407,1
0.1068,0.02495,0.1302,0.8844,1.491,0.5986,NMC523,25,1,0.09356,1
0.02774,0.1081,0.2558,0.0811,0.2468,0.09264,NMC622,25,1,0.06392,1
0.1197,0.1079,0.3729,0.3993,0.7168,0.2783,NMC523,25,1,0.2705,1
0.1206,0.09453,0.1439,0.09264,0.2213,0.08193,NMC622,25,1,0.8592,1
0.1519,0.01546,0.1999,0.2344,0.7518,0.2239,NMC622,25,1,0.3276,1
0.07437,0.07009,0.3818,0.2346,0.5925,0.3425,NMC532,25,1,0.5856,1
0.1763,0.01711,0.3941,0.2738,0.7194,0.2278,NMC622,25,1,0.1999,1
0.1849,0.08889,0.2765,0.2583,0.8239,0.2875,NMC622,25,1,0.2708,1
0.01632,0.004942,0.3724,0.1958,1.453,0.1925,NMC811,25,1,1.39,1
0.04313,0.1098,0.286,0.2428,0.5873,0.3633,NMC532,25,1,0.4828,1
0.1186,0.08087,0.3839,0.6428,0.6398,0.6487,NMC111,25,1,0.07669,1
0.01061,0.01681,0.05113,0.7209,1.17,0.4736,NMC523,25,1,0.04357,1
0.1927,0.1079,0.4025,0.4607,0.4463,0.4822,NMC111,25,1,0.5899,1
0.1252,0.04,0.4336,0.08122,0.1423,0.056,NMC523,25,1,1.313,1
0.1806,0.1017,0.09733,0.1351,0.3657,0.2106,NMC532,25,1,0.8979,1
0.1588,0.006838,0.09827,0.2381,1.866,0.2371,NMC811,25,1,0.09124,1
0.204,0.01369,0.4459,0.7963,1.371,0.5464,NMC523,25,1,0.279,1
0.04646,0.01193,0.122,0.5253,1.49,0.5717,NMC622,25,1,0.07529,1
0.09684,0.09239,0.4411,0.3734,0.5834,0.2358,NMC523,25,1,0.3307,1
0.1127,0.02471,0.06792,0.07691,0.192,0.1122,NMC532,25,1,0.02003,1
0.1246,0.03239,0.1458,0.9191,0.9574,0.8429,NMC111,25,1,0.7581,1
0.01314,0.07553,0.05654,0.04766,0.04198,0.04987,NMC111,25,1,0.1401,1
0.1033,0.03031,0.4524,0.563,0.5913,0.5996,NMC111,25,1,0.9388,1
0.08697,0.0829,0.3297,0.4276,1.473,0.4347,NMC622,25,1,0.1508,1
0.1016,0.01469,0.2681,0.6892,0.6994,0.6746,NMC111,25,1,0.1294,1
0.2239,0.02267,0.07217,0.7487,0.7289,0.7002,NMC111,25,1,0.1269,1
0.1987,0.06776,0.3035,0.4959,1.552,0.5083,NMC622,25,1,0.8819,1
0.141,0.02292,0.1491,0.07181,0.07347,0.07563,NMC111,25,1,0.1459,1
0.2053,0.02487,0.102,0.07018,0.5531,0.06607,NMC811,25,1,0.08963,1
0.06736,0.03456,0.3741,0.3204,0.7559,0.5137,NMC532,25,1,0.2419,1
0.09739,0.06189,0.04952,0.9604,0.9014,0.9537,NMC111,25,1,0.04998,1
0.08714,0.05865,0.345,0.533,1.632,0.5176,NMC622,25,1,0.3766,1
0.1032,0.06715,0.1261,0.32,0.9291,0.3141,NMC622,25,1,0.02204,1
0.03761,0.005742,0.09024,0.184,0.5156,0.1679,NMC622,25,1,0.02747,1
0.1764,0.02695,0.05634,0.09747,0.8331,0.09988,NMC811,25,1,0.1697,1
0.2133,0.07228,0.1289,0.09362,0.7538,0.0979,NMC811,25,1,1.065,1
0.06905,0.02641,0.05523,0.5945,1.531,0.9013,NMC532,25,1,1.488,1
0.122,0.06857,0.3953,0.2347,1.893,0.2157,NMC811,25,1,0.05732,1
0.2011,0.05312,0.3648,0.1482,0.4904,0.1462,NMC622,25,1,0.09284,1
0.1831,0.01125,0.4501,0.2698,0.784,0.2607,NMC622,25,1,0.09756,1
0.01785,0.0704,0.2166,0.02612,0.06896,0.04404,NMC532,25,1,0.085,1
0.08843,0.03727,0.166,0.1353,0.3403,0.2018,NMC532,25,1,0.2187,1
0.02923,0.07111,0.3917,0.0379,0.3557,0.04397,NMC811,25,1,0.8403,1
0.1394,0.05666,0.0485,0.3479,0.9949,0.3129,NMC622,25,1,0.6843,1
0.1089,0.09816,0.06135,0.7108,0.757,0.7619,NMC111,25,1,0.1473,1
0.0324,0.08388,0.196,0.06422,0.5475,0.071,NMC811,25,1,0.1601,1
0.07929,0.08297,0.2491,0.526,1.009,0.3766,NMC523,25,1,0.04034,1
0.08579,0.0764,0.1863,0.1395,1.092,0.1489,NMC811,25,1,0.2228,1
0.1019,0.09272,0.2314,0.1514,1.103,0.1292,NMC811,25,1,1.183,1
0.03839,0.0611,0.4234,0.9164,1.395,0.5431,NMC523,25,1,0.1227,1
0.207,0.04617,0.2404,0.2542,2.119,0.2348,NMC811,25,1,0.4282,1
0.1788,0.02946,0.07451,0.7933,1.219,0.5315,NMC523,25,1,0.04819,1
0.1972,0.0636,0.1742,0.354,1.183,0.42,NMC622,25,1,0.05219,1
0.1735,0.09482,0.1712,0.5189,1.147,0.7989,NMC532,25,1,0.02727,1
0.1459,0.02211,0.3303,0.2543,0.6713,0.4009,NMC532,25,1,0.03101,1
0.2221,0.06987,0.1471,0.7679,1.283,0.5064,NMC523,25,1,0.6989,1
0.1473,0.05377,0.02031,0.3952,0.9925,0.573,NMC532,25,1,0.5601,1
0.1371,0.05345,0.241,0.2477,2.108,0.2578,NMC811,25,1,0.1072,1
0.1985,0.0336,0.1998,0.8683,1.017,1.039,NMC111,25,1,0.04724,1
0.03918,0.006287,0.3803,0.5206,1.336,0.8044,NMC532,25,1,0.1451,1
0.1368,0.01487,0.1656,0.4225,1.098,0.682,NMC532,25,1,0.04329,1
0.1803,0.07598,0.3374,0.6439,1.026,0.4141,NMC523,25,1,0.4247,1
0.1361,0.01787,0.3105,0.4243,1.103,0.6671,NMC532,25,1,0.228,1
0.02021,0.002543,0.1199,0.4037,0.4276,0.3959,NMC111,25,1,0.04142,1
0.06788,0.06789,0.2096,0.04461,0.1024,0.06111,NMC532,25,1,0.1138,1
0.04116,0.03089,0.3265,0.137,0.1392,0.137,NMC111,25,1,0.1543,1
0.05705,0.01785,0.3058,0.04001,0.1112,0.04148,NMC622,25,1,0.4343,1
0.1803,0.004385,0.3975,0.6302,1.104,0.465,NMC523,25,1,0.0316,1
0.06987,0.008192,0.3171,0.3066,0.9109,0.3093,NMC622,25,1,0.1496,1
0.2095,0.02888,0.3842,0.7443,0.8469,0.7905,NMC111,25,1,0.394,1
0.1177,0.05751,0.1007,0.198,1.625,0.2191,NMC811,25,1,0.1808,1
0.05423,0.06796,0.03103,0.2047,0.578,0.2149,NMC622,25,1,0.02207,1
0.1928,0.1026,0.3983,0.2394,0.4447,0.1839,NMC523,25,1,0.02402,1
0.1422,0.02619,0.07538,0.1138,0.3624,0.1132,NMC622,25,1,0.6434,1
0.09053,0.08169,0.3574,1.034,0.9945,0.9704,NMC111,25,1,0.1315,1
0.2259,0.04629,0.165,0.2878,0.4995,0.2023,NMC523,25,1,0.4334,1
0.1418,0.02781,0.313,0.1034,0.8291,0.1121,NMC811,25,1,0.1748,1
0.2171,0.08094,0.2715,0.1539,1.25,0.1484,NMC811,25,1,0.4514,1
0.09822,0.04822,0.2342,0.1175,0.13,0.1254,NMC111,25,1,0.9973,1
0.209,0.009016,0.2161,0.2872,0.8031,0.5026,NMC532,25,1,0.7138,1
0.06908,0.03565,0.1654,0.8327,1.287,0.5525,NMC523,25,1,0.02612,1
0.1424,0.0748,0.2069,0.6588,0.6968,0.6534,NMC111,25,1,1.004,1
0.2044,0.08839,0.25,0.8378,1.338,0.5699,NMC523,25,1,0.1014,1
0.1618,0.08244,0.2793,0.3943,1.109,0.4199,NMC622,25,1,0.143,1
0.03486,0.06989,0.109,0.1886,0.56,0.1788,NMC622,25,1,1.042,1
0.109,0.02647,0.06697,0.5064,0.4577,0.4212,NMC111,25,1,0.3014,1
0.06386,0.002141,0.01118,0.894,0.8362,0.8304,NMC111,25,1,1.443,1
0.2161,0.008139,0.3972,0.04392,0.04834,0.04555,NMC111,25,1,0.0308,1
0.01059,0.03132,0.2831,0.1674,0.5051,0.1696,NMC622,25,1,1.193,1
0.02854,0.09189,0.1588,0.4911,1.56,0.5605,NMC622,25,1,0.1522,1
0.02543,0.06743,0.2679,0.1145,0.3413,0.1178,NMC622,25,1,0.03938,1
0.1334,0.05063,0.1841,0.1745,1.33,0.1772,NMC811,25,1,0.1289,1
0.08318,0.03299,0.05141,0.04295,0.3316,0.0391,NMC811,25,1,0.9894,1
0.1204,0.0286,0.289,0.1253,0.3638,0.1149,NMC622,25,1,0.6104,1
0.08552,0.09786,0.1909,0.025,0.06091,0.0342,NMC532,25,1,0.2844,1
0.181,0.008953,0.3648,0.1022,0.3066,0.1099,NMC622,25,1,0.03948,1
0.1416,0.04558,0.3772,0.3634,0.6378,0.2539,NMC523,25,1,0.686,1
0.2039,0.1068,0.03819,0.1376,0.3751,0.1338,NMC622,25,1,0.318,1
0.1923,0.05446,0.414,0.2496,0.7508,0.243,NMC622,25,1,0.1523,1
0.04072,0.04315,0.04861,0.4383,1.374,0.453,NMC622,25,1,0.02245,1
0.01911,0.02094,0.2438,0.2507,0.6795,0.3589,NMC532,25,1,0.0458,1
0.1257,0.02383,0.1268,0.4474,0.503,0.4502,NMC111,25,1,0.4911,1
0.09766,0.056,0.3085,0.1066,0.2651,0.1598,NMC532,25,1,0.4574,1
0.1753,0.04834,0.1759,0.7545,0.8475,0.8099,NMC111,25,1,0.1673,1
0.1956,0.07014,0.3631,0.1701,0.4758,0.2607,NMC532,25,1,0.09018,1
0.1779,0.05243,0.3759,0.1109,0.2887,0.171,NMC532,25,1,0.03341,1
0.1364,0.0309,0.098,0.05064,0.05245,0.05063,NMC111,25,1,0.5582,1
0.023,0.03837,0.3259,0.05829,0.1346,0.08902,NMC532,25,1,0.02128,1
0.07592,0.0839,0.3545,0.4791,0.82,0.3209,NMC523,25,1,1.287,1
0.2197,0.1102,0.08493,0.07325,0.07272,0.07557,NMC111,25,1,0.02649,1
0.08278,0.08233,0.06952,0.1106,0.8038,0.09773,NMC811,25,1,0.1529,1
0.05919,0.04829,0.4336,0.8274,1.365,0.5518,NMC523,25,1,0.03881,1
0.1258,0.02351,0.1854,0.1467,1.193,0.1389,NMC811,25,1,0.2865,1
0.07265,0.09107,0.3025,0.177,1.394,0.175,NMC811,25,1,1.109,1
0.05793,0.006523,0.3626,0.2959,0.5074,0.1817,NMC523,25,1,0.03759,1
0.1413,0.03268,0.2615,0.3262,2.185,0.3044,NMC811,25,1,0.03642,1
0.224,0.09284,0.06696,0.1932,1.531,0.1986,NMC811,25,1,1.127,1
0.2151,0.05689,0.007702,0.4735,0.4763,0.4698,NMC111,25,1,0.3074,1
0.2107,0.05108,0.2054,0.2313,1.929,0.2501,NMC811,25,1,0.07632,1
0.1683,0.1078,0.219,0.07882,0.6895,0.08668,NMC811,25,1,0.6021,1
0.05892,0.08568,0.4011,0.05857,0.09552,0.04085,NMC523,25,1,0.6185,1
0.09165,0.1092,0.0415,0.7095,0.7122,0.6653,NMC111,25,1,0.1363,1
0.2259,0.02213,0.05961,0.04756,0.4033,0.05319,NMC811,25,1,0.05787,1
0.1793,0.01945,0.1045,0.423,1.346,0.4288,NMC622,25,1,1.208,1
0.05588,0.07867,0.06432,0.2982,0.9384,0.2928,NMC622,25,1,0.2041,1
0.1045,0.03799,0.0525,0.1334,0.4508,0.1467,NMC622,25,1,0.04936,1
0.03763,0.1106,0.02102,0.08413,0.6569,0.08138,NMC811,25,1,0.1868,1
0.08134,0.05131,0.3909,0.106,0.9169,0.1027,NMC811,25,1,1.235,1
0.1494,0.03368,0.03398,0.5074,1.307,0.8083,NMC532,25,1,0.3009,1
0.1111,0.02538,0.3218,0.1814,0.3089,0.1116,NMC523,25,1,0.8631,1
0.09353,0.08616,0.1261,0.2859,0.5611,0.2124,NMC523,25,1,0.05676,1
0.1237,0.1017,0.3454,0.3858,1.208,0.4198,NMC622,25,1,0.1041,1
0.2002,0.07174,0.06862,0.1928,1.458,0.1719,NMC811,25,1,0.06907,1
0.01357,0.08784,0.3066,0.6452,0.6858,0.6861,NMC111,25,1,0.1226,1
0.1448,0.02164,0.3867,0.3629,0.9576,0.6051,NMC532,25,1,0.02952,1
0.1223,0.05277,0.2629,0.3959,1.071,0.5818,NMC532,25,1,0.3777,1
0.06472,0.03184,0.3515,0.5756,1.098,0.415,NMC523,25,1,0.07835,1
0.1755,0.02204,0.226,0.3488,0.8439,0.5108,NMC532,25,1,0.07528,1
0.1695,0.00928,0.1036,0.497,1.372,0.4912,NMC622,25,1,0.8024,1
0.1375,0.04069,0.3467,0.4353,1.351,0.4368,NMC622,25,1,1.281,1
0.1431,0.09717,0.09665,0.6054,0.6416,0.5817,NMC111,25,1,0.1894,1
0.05168,0.03184,0.05433,0.05644,0.05221,0.05526,NMC111,25,1,1.175,1
0.07208,0.03207,0.1375,0.3356,0.8524,0.4901,NMC532,25,1,0.02116,1
0.02545,0.03053,0.4395,0.01428,0.1125,0.01463,NMC811,25,1,0.116,1
0.08724,0.009022,0.3965,0.5129,1.244,0.7589,NMC532,25,1,0.5308,1
0.05432,0.04345,0.3303,0.8152,1.377,0.5374,NMC523,25,1,1.082,1
0.02087,0.06338,0.399,0.5618,1.511,0.8581,NMC532,25,1,0.4725,1
0.1011,0.04418,0.3052,0.6043,0.5758,0.6089,NMC111,25,1,0.08825,1
0.1476,0.02571,0.2115,0.2316,0.6754,0.2318,NMC622,25,1,0.312,1
0.2011,0.01077,0.3976,0.0841,0.6769,0.07772,NMC811,25,1,1.231,1
0.01902,0.05962,0.03534,0.2969,0.4738,0.1912,NMC523,25,1,0.9873,1
0.09605,0.03849,0.2337,0.1241,0.9921,0.123,NMC811,25,1,0.7488,1
0.003794,0.03401,0.1025,0.282,2.458,0.3035,NMC811,25,1,0.0208,1
0.1558,0.0745,0.3946,0.1153,0.9274,0.1186,NMC811,25,1,0.1189,1
0.004715,0.003236,0.2339,0.3367,0.5989,0.2163,NMC523,25,1,0.2839,1
0.0774,0.02469,0.3664,0.1164,0.1085,0.1015,NMC111,25,1,0.1272,1
0.09501,0.04949,0.3974,0.2276,2.084,0.2507,NMC811,25,1,0.1231,1
0.05889,0.1032,0.3405,0.1073,0.1884,0.0678,NMC523,25,1,0.02815,1
0.02656,0.1026,0.1673,0.1583,0.4788,0.1698,NMC622,25,1,0.1203,1
0.2015,0.03605,0.1269,0.198,1.489,0.1989,NMC811,25,1,0.5607,1
0.02792,0.02365,0.1028,0.3747,0.9097,0.5881,NMC532,25,1,0.2804,1
0.1938,0.07278,0.454,0.2063,0.6167,0.1882,NMC622,25,1,0.1138,1
0.02024,0.09477,0.04891,0.1024,0.108,0.1047,NMC111,25,1,0.2637,1
0.05915,0.03794,0.4299,0.5617,0.9376,0.3442,NMC523,25,1,1.132,1
0.2213,0.03752,0.3309,0.02019,0.04879,0.03157,NMC532,25,1,1.466,1
0.1389,0.08029,0.4208,0.1717,1.475,0.1616,NMC811,25,1,0.09203,1
0.05352,0.06227,0.3497,0.4341,1.237,0.4635,NMC622,25,1,1.328,1
0.01502,0.08565,0.3201,0.4987,1.304,0.5151,NMC622,25,1,1.017,1
0.0566,0.05052,0.09317,0.3571,0.6121,0.238,NMC523,25,1,0.9005,1
0.0855,0.01153,0.3601,0.09283,0.7099,0.09261,NMC811,25,1,0.04851,1
0.07177,0.007858,0.1209,0.3074,0.7327,0.4393,NMC532,25,1,0.03704,1
0.02268,0.015,0.1818,1.026,0.9808,0.959,NMC111,25,1,0.02107,1
0.1391,0.02769,0.2577,1.043,0.9466,1.014,NMC111,25,1,0.02247,1
0.04061,0.04851,0.02365,0.6326,1.509,0.9354,NMC532,25,1,0.3857,1
0.06803,0.1102,0.2556,0.2379,0.5328,0.3647,NMC532,25,1,0.3823,1
0.07521,0.04205,0.04316,0.6285,0.9155,0.3837,NMC523,25,1,0.1276,1
0.01769,0.003335,0.1286,0.613,0.606,0.6734,NMC111,25,1,0.5506,1
0.1925,0.00691,0.3069,0.4467,1.06,0.7028,NMC532,25,1,0.04796,1
0.03648,0.003126,0.06715,0.5781,1.503,0.8948,NMC532,25,1,0.02082,1
0.1364,0.0653,0.08613,0.3007,1.014,0.3177,NMC622,25,1,0.03734,1
0.151,0.02894,0.3637,0.03048,0.2348,0.02956,NMC811,25,1,0.1068,1
0.05391,0.05014,0.1732,0.4696,0.4772,0.5179,NMC111,25,1,0.2736,1
0.1546,0.0343,0.2451,0.3598,0.6052,0.2529,NMC523,25,1,0.08902,1
0.01489,0.07278,0.2907,0.721,1.375,0.9276,NMC532,25,1,0.1249,1
0.03451,0.003247,0.4558,0.4992,0.8363,0.3306,NMC523,25,1,0.05281,1
0.1773,0.006043,0.3398,0.2482,0.2522,0.2173,NMC111,25,1,0.04665,1
0.05211,0.1018,0.3074,0.5679,0.9866,0.3716,NMC523,25,1,0.06416,1
0.06039,0.01781,0.06708,0.187,0.5163,0.1865,NMC622,25,1,0.9946,1
0.02006,0.01565,0.2727,0.18,0.4709,0.167,NMC622,25,1,0.3403,1
0.2205,0.0319,0.1305,0.2767,0.8234,0.2671,NMC622,25,1,0.2327,1
0.007038,0.007766,0.01662,0.01312,0.03127,0.02052,NMC532,25,1,0.04774,1
0.03432,0.08648,0.1513,0.1335,1.134,0.1441,NMC811,25,1,0.02428,1
0.05316,0.04908,0.4422,0.2588,0.5937,0.3511,NMC532,25,1,0.07157,1
0.1043,0.002962,0.08681,0.4198,0.6868,0.309,NMC523,25,1,0.601,1
0.1067,0.03177,0.1246,0.8228,0.8417,0.7513,NMC111,25,1,0.6767,1
0.02923,0.1049,0.02982,0.3732,0.9079,0.5426,NMC532,25,1,0.1112,1
0.2135,0.054,0.3363,0.2932,0.6815,0.4342,NMC532,25,1,0.379,1
0.07654,0.08471,0.2376,0.1606,0.1624,0.1578,NMC111,25,1,0.03237,1
0.2081,0.02131,0.3318,0.06326,0.09853,0.03742,NMC523,25,1,0.03333,1
0.1261,0.1111,0.2271,0.02591,0.1904,0.02677,NMC811,25,1,1.053,1
0.2127,0.0279,0.3836,0.7964,1.189,0.4972,NMC523,25,1,0.02358,1
0.1175,0.05556,0.3899,0.1655,0.5247,0.1623,NMC622,25,1,0.1663,1
0.1586,0.09698,0.1629,0.2565,0.6488,0.3892,NMC532,25,1,0.2526,1
0.1345,0.1031,0.08664,0.2066,0.3123,0.1503,NMC523,25,1,0.7256,1
0.1584,0.1065,0.3678,0.133,0.3152,0.2022,NMC532,25,1,0.9622,1
0.2258,0.03824,0.2248,0.7679,0.8039,0.8589,NMC111,25,1,0.1007,1
0.2258,0.08402,0.121,0.2277,1.844,0.217,NMC811,25,1,0.9512,1
0.06725,0.02518,0.2905,0.4764,1.213,0.6829,NMC532,25,1,0.04816,1
0.07737,0.04987,0.02887,0.5087,1.46,0.5363,NMC622,25,1,1.19,1
0.1352,0.02364,0.3554,1.053,0.9739,1.053,NMC111,25,1,0.1605,1
0.1666,0.04538,0.03717,0.09785,0.7767,0.09422,NMC811,25,1,0.05922,1
0.04366,0.01605,0.1296,0.1337,1.154,0.1242,NMC811,25,1,1.4,1
0.009657,0.106,0.3337,0.4602,1.499,0.4616,NMC622,25,1,0.03481,1
0.06839,0.05288,0.3629,0.458,0.4155,0.4262,NMC111,25,1,0.0512,1
0.06565,0.05945,0.273,0.8265,1.333,0.5213,NMC523,25,1,0.02202,1
0.04249,0.09236,0.3655,0.2842,0.6801,0.434,NMC532,25,1,0.2616,1
0.06387,0.08752,0.4126,0.188,0.4345,0.2896,NMC532,25,1,0.3434,1
0.1595,0.04019,0.04609,0.5178,1.313,0.5142,NMC622,25,1,0.07583,1
0.09237,0.0878,0.4149,0.09318,0.7195,0.08729,NMC811,25,1,0.07189,1
0.2224,0.08399,0.2178,0.7585,1.463,0.5176,NMC523,25,1,0.368,1
0.1138,0.06691,0.1211,0.3304,0.3414,0.3529,NMC111,25,1,0.07231,1
0.1983,0.06811,0.04005,0.08075,0.5903,0.07716,NMC811,25,1,0.689,1
0.223,0.025,0.1462,0.07144,0.1981,0.1029,NMC532,25,1,0.04571,1
0.02793,0.02006,0.3367,0.2356,0.4806,0.3054,NMC532,25,1,0.12,1
0.2221,0.04652,0.04765,0.785,0.8068,0.8387,NMC111,25,1,0.04583,1
0.1477,0.06023,0.3111,0.8893,1.534,0.6219,NMC523,25,1,0.03136,1
0.03712,0.08279,0.1463,0.3126,0.5486,0.2025,NMC523,25,1,0.2158,1
0.222,0.01631,0.2344,0.4062,1.231,0.4013,NMC622,25,1,0.104,1
0.1449,0.03444,0.3485,0.3533,0.3868,0.3571,NMC111,25,1,0.02347,1
0.1125,0.06655,0.2932,0.8706,0.88,0.7427,NMC111,25,1,0.1536,1
0.208,0.09172,0.1175,0.5432,1.524,0.5442,NMC622,25,1,0.06082,1
0.03281,0.08072,0.08906,0.9863,1.009,1.043,NMC111,25,1,0.4356,1
0.04861,0.1069,0.1643,0.4726,0.9501,0.3474,NMC523,25,1,0.02069,1
0.09287,0.06481,0.2428,0.3889,0.9193,0.5418,NMC532,25,1,0.287,1
0.1849,0.01705,0.01886,0.2072,1.552,0.1841,NMC811,25,1,0.5426,1
0.02567,0.04726,0.4136,0.2801,0.784,0.4534,NMC532,25,1,0.04534,1
0.1946,0.07649,0.4496,0.3738,0.9256,0.6071,NMC532,25,1,0.179,1
0.05439,0.01447,0.1029,0.4852,1.513,0.5163,NMC622,25,1,0.1301,1
0.1848,0.052,0.4089,0.05046,0.1364,0.07771,NMC532,25,1,0.0459,1
0.1819,0.06375,0.3139,0.1652,0.5413,0.1741,NMC622,25,1,0.6514,1
0.145,0.04367,0.2116,0.5282,1.51,0.4727,NMC622,25,1,0.04246,1
0.1857,0.09886,0.2983,0.5264,1.466,0.5341,NMC622,25,1,0.05973,1
0.1599,0.05262,0.2006,0.03351,0.09164,0.02734,NMC622,25,1,0.02007,1
0.06787,0.04135,0.07639,1.024,0.9452,0.9645,NMC111,25,1,0.236,1
0.2179,0.07181,0.01134,0.3569,0.9287,0.5986,NMC532,25,1,0.03187,1
0.1193,0.04454,0.06312,0.3364,0.6709,0.2597,NMC523,25,1,0.122,1
0.1034,0.08057,0.3949,0.1135,0.9349,0.1152,NMC811,25,1,0.6638,1
0.08059,0.02308,0.1233,0.3463,0.8581,0.526,NMC532,25,1,0.2274,1
0.1123,0.01179,0.03082,0.4321,1.377,0.4457,NMC622,25,1,0.0291,1
0.01996,0.05735,0.2453,0.06512,0.5236,0.06464,NMC811,25,1,0.02237,1
0.04108,0.103,0.1441,0.2001,0.2034,0.2066,NMC111,25,1,0.0519,1
0.008308,0.05341,0.122,0.5653,1.35,0.8912,NMC532,25,1,0.7615,1
0.2129,0.05907,0.05561,0.1914,1.66,0.2083,NMC811,25,1,0.0764,1
0.1599,0.003699,0.3934,0.5116,1.28,0.8195,NMC532,25,1,0.08638,1
0.1399,0.07449,0.23,0.1032,0.2317,0.1577,NMC532,25,1,0.04439,1
0.0661,0.09909,0.1687,0.7757,1.368,0.5143,NMC523,25,1,1.413,1
0.209,0.07706,0.3297,0.02223,0.03446,0.01444,NMC523,25,1,1.116,1
0.1284,0.03531,0.3411,0.06432,0.5919,0.06828,NMC811,25,1,0.201,1
0.1856,0.007582,0.2411,0.7443,1.463,0.569,NMC523,25,1,0.1513,1
0.1207,0.04591,0.4126,0.7553,0.681,0.6805,NMC111,25,1,0.188,1
0.05068,0.1074,0.1758,0.4745,1.063,0.7399,NMC532,25,1,0.7435,1
0.1344,0.02861,0.3515,0.6393,1.467,0.8873,NMC532,25,1,0.1642,1
0.1292,0.05282,0.3049,0.1493,0.1619,0.1516,NMC111,25,1,0.7134,1
0.1993,0.01206,0.2247,0.3156,0.3102,0.3453,NMC111,25,1,0.03453,1
0.1066,0.07589,0.1455,0.2581,0.2684,0.2558,NMC111,25,1,0.1911,1
0.1754,0.02964,0.2238,0.3191,0.5736,0.2165,NMC523,25,1,0.2445,1
0.1989,0.03629,0.3687,0.1313,0.99,0.138,NMC811,25,1,0.4887,1
0.06205,0.04719,0.0343,0.5431,1.734,0.5773,NMC622,25,1,0.5995,1
0.1057,0.09292,0.2307,0.8502,1.436,0.5589,NMC523,25,1,0.6068,1
0.1046,0.06147,0.3346,0.8324,0.7942,0.8155,NMC111,25,1,0.3868,1
0.02804,0.01215,0.4255,0.01454,0.03616,0.0227,NMC532,25,1,0.04068,1
0.1105,0.01094,0.2319,0.06629,0.1388,0.08738,NMC532,25,1,0.7218,1
0.1398,0.07847,0.03781,0.3414,1.052,0.3475,NMC622,25,1,1.133,1
0.1205,0.0141,0.1443,0.2418,2.016,0.2679,NMC811,25,1,0.03279,1
0.02073,0.07265,0.3762,0.3566,0.8201,0.4857,NMC532,25,1,0.4535,1
0.02364,0.0384,0.3902,0.09878,0.28,0.1661,NMC532,25,1,0.2109,1
0.2206,0.06281,0.329,0.5688,1.415,0.7977,NMC532,25,1,0.2543,1
0.05672,0.08697,0.04246,0.4699,1.124,0.6412,NMC532,25,1,0.04405,1
0.1968,0.07302,0.2709,0.1789,0.2687,0.1156,NMC523,25,1,0.1156,1
0.134,0.02232,0.3528,0.9926,1.444,0.6091,NMC523,25,1,0.2569,1
0.2125,0.0811,0.2505,0.2197,0.5488,0.3387,NMC532,25,1,0.6464,1
0.02281,0.07193,0.4446,0.3048,0.8558,0.5373,NMC532,25,1,0.09293,1
0.1585,0.07441,0.2981,0.2696,0.7162,0.3971,NMC532,25,1,0.1228,1
0.07399,0.1003,0.3606,0.5871,1.413,0.8822,NMC532,25,1,0.1515,1
0.1182,0.05309,0.4424,0.2063,1.521,0.1956,NMC811,25,1,0.3217,1
0.1815,0.05499,0.06597,0.07365,0.1209,0.05016,NMC523,25,1,0.525,1
0.1388,0.01139,0.02592,0.236,0.2289,0.2239,NMC111,25,1,0.1712,1
0.1536,0.09619,0.342,0.008347,0.06959,0.008406,NMC811,25,1,0.2365,1
0.1762,0.0758,0.4438,0.3147,0.4939,0.2202,NMC523,25,1,0.2677,1
0.205,0.06309,0.1327,0.09741,0.8078,0.08789,NMC811,25,1,0.111,1
0.02047,0.02723,0.08396,0.7896,1.246,0.4997,NMC523,25,1,0.06843,1
0.1769,0.02941,0.1817,0.8904,0.8562,0.8703,NMC111,25,1,0.776,1
0.02321,0.05319,0.04061,0.9109,0.8802,0.9264,NMC111,25,1,0.3385,1
0.07666,0.05229,0.3807,0.01501,0.1282,0.01525,NMC811,25,1,0.1585,1
0.209,0.01652,0.3591,0.3185,0.4722,0.1996,NMC523,25,1,0.02218,1
0.1433,0.057,0.3659,0.185,1.557,0.163,NMC811,25,1,0.1834,1
0.1934,0.07511,0.07532,0.1275,0.3397,0.2023,NMC532,25,1,0.7749,1
0.05081,0.01155,0.4155,0.4773,0.4657,0.4403,NMC111,25,1,0.03155,1
0.08904,0.08388,0.2104,0.1033,0.8319,0.1013,NMC811,25,1,0.2364,1
0.03878,0.05296,0.4123,0.2945,0.4546,0.1884,NMC523,25,1,0.1181,1
0.2236,0.1053,0.3131,0.09278,0.7354,0.0901,NMC811,25,1,0.8887,1
0.1894,0.08127,0.0649,0.2127,0.6204,0.2179,NMC622,25,1,0.08465,1
0.2244,0.08414,0.4053,0.1124,0.7909,0.09757,NMC811,25,1,0.1019,1
0.04478,0.0694,0.1762,0.113,0.32,0.1838,NMC532,25,1,0.03297,1
0.05437,0.0965,0.3077,0.06757,0.523,0.06635,NMC811,25,1,0.05093,1
0.00836,0.08728,0.2072,0.6456,1.01,0.4263,NMC523,25,1,0.2728,1
0.126,0.0438,0.4143,0.1683,1.394,0.1811,NMC811,25,1,0.0246,1
0.1099,0.03925,0.1751,0.172,0.287,0.1211,NMC523,25,1,0.06722,1
0.1009,0.06936,0.1875,0.08932,0.09477,0.099,NMC111,25,1,1.065,1
0.06191,0.1049,0.1512,0.6595,1.625,0.6178,NMC622,25,1,0.02866,1
0.109,0.01579,0.4134,0.5514,1.737,0.5727,NMC622,25,1,0.4346,1
0.2079,0.0508,0.22,0.08865,0.2382,0.08994,NMC622,25,1,0.1196,1
0.2033,0.0229,0.2918,0.2568,0.749,0.2389,NMC622,25,1,0.05596,1
0.2222,0.01241,0.3909,0.8288,0.9024,0.8554,NMC111,25,1,0.02884,1
0.04141,0.07252,0.4013,0.01613,0.1206,0.01439,NMC811,25,1,0.6929,1
0.1816,0.009395,0.4279,0.7778,0.7503,0.7039,NMC111,25,1,0.6527,1
0.2131,0.0219,0.4301,0.1472,0.2269,0.08887,NMC523,25,1,0.05398,1
0.2009,0.05182,0.1286,0.5709,1.758,0.5682,NMC622,25,1,0.08195,1
0.1196,0.09004,0.3078,0.06018,0.4459,0.05406,NMC811,25,1,1.137,1
0.113,0.01849,0.1911,0.5906,1.826,0.6269,NMC622,25,1,0.06253,1
0.1079,0.07729,0.2649,0.7062,1.071,0.4231,NMC523,25,1,1.186,1
0.2025,0.04978,0.2698,0.6652,0.6558,0.6941,NMC111,25,1,0.2763,1
0.1446,0.09443,0.1069,0.119,0.3726,0.1207,NMC622,25,1,0.7839,1
0.1369,0.04557,0.1267,0.2832,0.6772,0.4242,NMC532,25,1,0.04603,1
0.2209,0.06285,0.3403,0.7989,0.8909,0.9152,NMC111,25,1,0.02465,1
0.01071,0.03739,0.2561,0.443,0.7481,0.2845,NMC523,25,1,0.1064,1
0.02375,0.05352,0.214,0.01385,0.04274,0.01498,NMC622,25,1,0.4732,1
0.03369,0.1014,0.1172,0.2933,0.3141,0.296,NMC111,25,1,0.3109,1
0.004298,0.0185,0.03254,0.09639,0.2328,0.1364,NMC532,25,1,0.1571,1
0.03292,0.04774,0.2835,0.7425,0.6887,0.7401,NMC111,25,1,0.4567,1
0.1822,0.01987,0.1345,0.1063,0.1767,0.06939,NMC523,25,1,0.3191,1
0.2241,0.07723,0.08134,0.3278,0.8491,0.488,NMC532,25,1,0.02285,1
0.1758,0.003831,0.3809,0.06669,0.1978,0.06041,NMC622,25,1,0.597,1
0.01845,0.007148,0.3875,0.04511,0.109,0.06419,NMC532,25,1,1.027,1
0.124,0.01485,0.2514,0.3935,0.3988,0.4171,NMC111,25,1,0.03238,1
0.17,0.004721,0.1197,0.379,0.8465,0.6015,NMC532,25,1,0.3035,1
0.1683,0.09219,0.1176,0.2936,2.355,0.3243,NMC811,25,1,0.4203,1
0.1975,0.1024,0.2048,0.1352,0.4348,0.1413,NMC622,25,1,0.03313,1
0.03089,0.06783,0.2182,0.2487,0.6168,0.3588,NMC532,25,1,0.3528,1
0.1927,0.002233,0.1561,0.2246,0.2359,0.2257,NMC111,25,1,0.03099,1
0.1248,0.05334,0.03126,0.1366,0.4171,0.1298,NMC622,25,1,0.09421,1
0.05058,0.04152,0.3991,0.1476,1.242,0.1394,NMC811,25,1,1.046,1
0.06104,0.04337,0.2579,0.3284,0.9841,0.3521,NMC622,25,1,0.02102,1
0.1975,0.1032,0.09446,0.9394,0.9482,0.9465,NMC111,25,1,0.9323,1
0.004048,0.04133,0.2725,0.9025,0.7499,0.798,NMC111,25,1,1.193,1
0.03293,0.1063,0.1819,0.2972,0.2927,0.3287,NMC111,25,1,0.3736,1
0.1232,0.02493,0.2514,0.9181,1.561,0.5835,NMC523,25,1,0.2768,1
0.05407,0.04006,0.01224,0.4645,1.279,0.7578,NMC532,25,1,0.2289,1
0.03701,0.1046,0.4373,0.2796,0.8019,0.3934,NMC532,25,1,0.03037,1
0.1353,0.09138,0.07439,0.5953,1.42,0.865,NMC532,25,1,0.04626,1
0.1172,0.07425,0.07971,0.1221,0.3608,0.1327,NMC622,25,1,1.493,1
0.2066,0.07781,0.4409,0.7597,0.7292,0.6786,NMC111,25,1,0.03597,1
0.1723,0.04552,0.07987,0.2647,1.847,0.2521,NMC811,25,1,0.1986,1
0.1729,0.02068,0.3036,0.6112,1.485,0.9868,NMC532,25,1,0.3392,1
0.01596,0.1004,0.3631,0.9336,0.9073,0.9128,NMC111,25,1,0.1356,1
0.0582,0.04181,0.03262,0.1144,0.1898,0.07101,NMC523,25,1,0.4822,1
0.09377,0.09997,0.1794,0.1417,0.4331,0.1487,NMC622,25,1,0.1595,1
0.1584,0.01173,0.2911,0.8013,0.7224,0.7019,NMC111,25,1,0.2867,1
0.1786,0.04969,0.3518,0.3764,1.14,0.4072,NMC622,25,1,0.06732,1
0.03781,0.1065,0.4118,0.04293,0.1529,0.04295,NMC622,25,1,1.293,1
0.02999,0.07448,0.1505,0.04332,0.1119,0.06288,NMC532,25,1,0.6839,1
0.1,0.09298,0.4415,0.8655,0.8692,0.854,NMC111,25,1,0.1816,1
0.2197,0.1073,0.2263,0.2782,2.089,0.2979,NMC811,25,1,0.02362,1
0.1546,0.05885,0.1542,0.8082,0.9468,0.879,NMC111,25,1,1.478,1
0.1378,0.009146,0.1109,0.5264,1.603,0.5328,NMC622,25,1,0.7718,1
0.02116,0.008495,0.2117,0.1602,0.3755,0.2214,NMC532,25,1,0.07055,1
0.0109,0.01557,0.0726,0.3361,1.004,0.3583,NMC622,25,1,0.1868,1
0.1441,0.01204,0.2299,0.1116,0.3492,0.1191,NMC622,25,1,0.2611,1
0.08287,0.08304,0.3147,0.5812,1.385,0.8549,NMC532,25,1,0.1764,1
0.1331,0.0761,0.02767,0.2719,2.048,0.2612,NMC811,25,1,0.1933,1
0.1059,0.03914,0.226,0.5286,0.4764,0.4446,NMC111,25,1,0.2236,1
0.1994,0.02948,0.3846,0.7091,1.279,0.4795,NMC523,25,1,0.03186,1
0.1487,0.09644,0.1667,0.2605,0.7477,0.2361,NMC622,25,1,0.04872,1
0.1878,0.06831,0.2973,0.2928,2.098,0.2844,NMC811,25,1,0.1814,1
0.007167,0.06129,0.2012,0.02765,0.2475,0.02799,NMC811,25,1,0.03809,1
0.2093,0.1044,0.1498,0.01396,0.0408,0.01473,NMC622,25,1,0.06543,1
0.1921,0.01867,0.1071,0.1437,1.068,0.1336,NMC811,25,1,0.04113,1
0.07497,0.1015,0.4374,0.1934,0.547,0.1834,NMC622,25,1,0.08498,1
0.05214,0.08621,0.05626,0.2286,2.013,0.2395,NMC811,25,1,1.153,1
0.08477,0.007962,0.406,0.5561,1.257,0.8458,NMC532,25,1,0.5274,1
0.09551,0.06556,0.1191,0.3661,0.6406,0.2417,NMC523,25,1,0.08064,1
0.2094,0.01469,0.03701,0.9268,0.9143,0.9837,NMC111,25,1,0.02552,1
0.0366,0.01335,0.04458,0.251,2.013,0.271,NMC811,25,1,0.7685,1
0.1443,0.09419,0.3122,0.3301,1.078,0.3436,NMC622,25,1,0.4388,1
0.154,0.01399,0.3485,0.4483,1.328,0.4472,NMC622,25,1,0.08011,1
0.1402,0.02491,0.3462,0.4401,1.301,0.4237,NMC622,25,1,0.4261,1
0.03027,0.02398,0.02778,0.2964,0.5536,0.1752,NMC523,25,1,0.6541,1
0.04076,0.05229,0.3282,0.175,0.4415,0.2573,NMC532,25,1,0.2151,1
0.005998,0.02803,0.3301,0.4495,1.403,0.4691,NMC622,25,1,0.4271,1
0.09696,0.0122,0.1492,0.1241,0.935,0.1112,NMC811,25,1,0.176,1
0.1509,0.08583,0.01074,0.2813,2.314,0.2459,NMC811,25,1,0.3378,1
0.1847,0.01456,0.04555,0.1646,0.1665,0.1685,NMC111,25,1,0.5655,1
0.07916,0.05936,0.4394,0.01289,0.0311,0.02009,NMC532,25,1,0.06646,1
0.163,0.09835,0.05276,0.5541,1.495,0.893,NMC532,25,1,0.0462,1
0.09052,0.05151,0.3346,0.3348,0.5859,0.2475,NMC523,25,1,0.2366,1
0.03198,0.07557,0.07891,0.5365,0.8687,0.3516,NMC523,25,1,0.05559,1
0.194,0.07812,0.4486,0.5671,0.6544,0.6572,NMC111,25,1,0.9253,1
0.09881,0.03618,0.4508,0.5199,1.553,0.5586,NMC622,25,1,0.5317,1
0.1898,0.06876,0.2147,0.1251,0.3247,0.1857,NMC532,25,1,0.02009,1
0.008164,0.01666,0.1505,0.6242,0.5944,0.6035,NMC111,25,1,0.2416,1
0.1742,0.09742,0.3083,0.01828,0.048,0.02891,NMC532,25,1,0.4845,1
0.1524,0.09927,0.1114,0.01546,0.03905,0.02392,NMC532,25,1,0.03027,1
0.009452,0.03988,0.2216,0.3938,0.4221,0.4208,NMC111,25,1,0.07787,1
0.1302,0.03187,0.3296,0.6203,1.792,0.6699,NMC622,25,1,0.3344,1
0.1087,0.04671,0.4219,0.5199,0.465,0.4621,NMC111,25,1,0.1049,1
0.04448,0.01237,0.1811,0.7815,0.818,0.7643,NMC111,25,1,0.5152,1
0.1858,0.06807,0.0662,0.9234,1.458,0.6355,NMC523,25,1,1.232,1
0.03155,0.09091,0.3727,0.3088,0.8069,0.4777,NMC532,25,1,0.1863,1
0.02596,0.0836,0.1812,0.07358,0.1207,0.04884,NMC523,25,1,0.02115,1
0.1573,0.004107,0.3759,0.03331,0.08984,0.04906,NMC532,25,1,1.105,1
0.08304,0.09716,0.339,0.1599,1.356,0.1618,NMC811,25,1,0.1111,1
0.183,0.04743,0.1524,0.4055,0.3894,0.3893,NMC111,25,1,0.04501,1
0.04783,0.05392,0.06405,0.1093,0.9274,0.121,NMC811,25,1,0.1256,1
0.09253,0.06337,0.32,0.05431,0.09804,0.04037,NMC523,25,1,0.07617,1
0.06572,0.05092,0.157,0.4707,0.7392,0.3111,NMC523,25,1,0.02191,1
0.1784,0.1017,0.1923,0.0673,0.5384,0.06287,NMC811,25,1,0.06003,1
0.09937,0.07578,0.1928,0.5359,1.462,0.544,NMC622,25,1,0.9989,1
0.2073,0.04913,0.2679,0.02667,0.04234,0.01752,NMC523,25,1,0.1626,1
0.1932,0.04194,0.437,0.6797,0.6713,0.7265,NMC111,25,1,0.7577,1
0.04713,0.01152,0.3034,0.2026,0.3378,0.1531,NMC523,25,1,1.08,1
0.215,0.02511,0.3249,0.4488,0.6447,0.2637,NMC523,25,1,0.03489,1
0.006265,0.03073,0.3632,0.9664,0.8388,0.9519,NMC111,25,1,1.321,1
0.06271,0.1083,0.2918,0.08344,0.6837,0.08453,NMC811,25,1,0.3375,1
0.08522,0.1001,0.2234,0.09906,0.1619,0.05854,NMC523,25,1,0.9443,1
0.1603,0.02771,0.1211,0.2346,0.3664,0.142,NMC523,25,1,0.02463,1
0.1953,0.06196,0.1167,0.6151,1.544,0.9249,NMC532,25,1,0.5227,1
0.0831,0.09459,0.3736,0.09881,0.1611,0.06621,NMC523,25,1,1.124,1
0.1276,0.1071,0.07947,0.6707,1.084,0.424,NMC523,25,1,0.1006,1
0.03902,0.09796,0.2059,0.1114,0.1846,0.06861,NMC523,25,1,1.269,1
0.2143,0.09672,0.2565,0.1238,0.9667,0.1124,NMC811,25,1,0.178,1
0.04051,0.1012,0.1568,0.4959,0.4904,0.4799,NMC111,25,1,0.2756,1
0.1091,0.05728,0.4269,0.2555,0.2791,0.2747,NMC111,25,1,1.376,1
0.09164,0.0483,0.1845,0.5779,1.006,0.3959,NMC523,25,1,1.014,1
0.214,0.1035,0.1386,0.06584,0.1964,0.06886,NMC622,25,1,0.1087,1
0.02994,0.07435,0.1221,0.2554,1.968,0.2413,NMC811,25,1,0.02039,1
0.1895,0.03906,0.3444,0.4544,1.383,0.4409,NMC622,25,1,0.1865,1
0.1792,0.1109,0.1483,0.1247,1.054,0.1344,NMC811,25,1,0.04066,1
0.05317,0.01045,0.04026,0.7511,0.8499,0.9156,NMC111,25,1,0.3056,1
0.2021,0.005704,0.2469,0.1242,0.8817,0.1195,NMC811,25,1,0.1671,1
0.02735,0.0327,0.3297,0.08404,0.2028,0.1243,NMC532,25,1,0.2773,1
0.08467,0.01833,0.08069,0.3192,0.7915,0.4337,NMC532,25,1,1.468,1
0.02948,0.09822,0.382,0.5395,1.437,0.8347,NMC532,25,1,0.8346,1
0.1605,0.08714,0.06198,0.3726,1.304,0.4013,NMC622,25,1,0.06144,1
0.0179,0.07425,0.147,0.1433,1.034,0.1322,NMC811,25,1,1.448,1
0.1571,0.1071,0.4238,0.8483,0.8772,0.8088,NMC111,25,1,0.9881,1
0.03781,0.05099,0.0326,0.5399,1.616,0.5434,NMC622,25,1,1.177,1
0.14,0.106,0.03999,0.5156,0.541,0.5175,NMC111,25,1,0.3134,1
0.2063,0.04204,0.07574,0.4811,0.8534,0.3267,NMC523,25,1,0.5082,1
0.00788,0.07676,0.2541,0.7098,0.7591,0.6847,NMC111,25,1,0.1739,1
0.04488,0.0709,0.3373,0.07651,0.2417,0.07448,NMC622,25,1,0.2233,1
0.02456,0.05277,0.008725,0.506,1.385,0.7859,NMC532,25,1,0.3382,1
0.0736,0.0782,0.1622,0.2736,2.105,0.2757,NMC811,25,1,0.2311,1
0.01612,0.08704,0.01635,0.579,1.598,0.5921,NMC622,25,1,1.163,1
0.1136,0.02831,0.296,0.9917,1.006,0.9529,NMC111,25,1,0.4486,1
0.2048,0.08897,0.05572,0.2982,0.8251,0.259,NMC622,25,1,0.0318,1
0.007239,0.1069,0.2659,0.1753,0.1723,0.1776,NMC111,25,1,0.3858,1
0.01336,0.0664,0.1752,0.2866,2.322,0.3167,NMC811,25,1,0.839,1
0.155,0.002478,0.2786,0.5455,1.387,0.8965,NMC532,25,1,0.5311,1
0.1648,0.01512,0.4414,0.148,0.4781,0.1262,NMC622,25,1,0.1114,1
0.0684,0.05411,0.03529,0.03795,0.09794,0.05391,NMC532,25,1,0.3679,1
0.02184,0.09485,0.108,0.1192,0.2067,0.07471,NMC523,25,1,0.04191,1
0.1646,0.002812,0.2657,0.5583,1.328,0.6974,NMC532,25,1,0.05007,1
0.08323,0.01777,0.2459,0.4506,1.178,0.6987,NMC532,25,1,0.2144,1
0.1631,0.09953,0.287,0.2877,0.8329,0.3197,NMC622,25,1,0.025,1
0.2154,0.05909,0.3342,0.7738,0.8228,0.7319,NMC111,25,1,0.7601,1
0.08093,0.09574,0.2614,0.1525,0.4396,0.1511,NMC622,25,1,0.9971,1
0.01568,0.01034,0.126,0.02097,0.03405,0.01377,NMC523,25,1,0.4579,1
0.1586,0.08715,0.09621,0.6035,1.394,0.8751,NMC532,25,1,0.3335,1
0.05405,0.06846,0.1702,0.7133,0.6291,0.6279,NMC111,25,1,0.1793,1
0.1468,0.01339,0.3671,0.1099,0.3169,0.1141,NMC622,25,1,0.646,1
0.07887,0.1107,0.3112,0.4768,0.4392,0.4575,NMC111,25,1,0.2337,1
0.07031,0.1018,0.333,0.1015,0.2407,0.1487,NMC532,25,1,0.2827,1
0.1007,0.09822,0.1812,0.08133,0.236,0.08887,NMC622,25,1,0.3126,1
0.03502,0.003049,0.329,0.4626,0.8426,0.3116,NMC523,25,1,0.1033,1
0.05924,0.04234,0.2206,0.5601,1.881,0.5672,NMC622,25,1,0.8285,1
0.06647,0.105,0.06065,0.5426,0.8851,0.3498,NMC523,25,1,0.112,1
0.04374,0.01733,0.03992,0.5498,1.658,0.5133,NMC622,25,1,0.935,1
0.1692,0.03399,0.1655,0.2695,0.8305,0.2698,NMC622,25,1,0.2298,1
0.185,0.07787,0.1008,0.2594,0.2587,0.2576,NMC111,25,1,0.8573,1
0.1025,0.08186,0.378,0.4114,0.3854,0.3863,NMC111,25,1,0.06008,1
0.1783,0.03439,0.02751,0.7957,1.397,0.608,NMC523,25,1,0.2599,1
0.1427,0.03845,0.1399,0.5444,1.525,0.5165,NMC622,25,1,0.04399,1
0.05739,0.1046,0.1575,0.4763,1.464,0.4485,NMC622,25,1,0.05267,1
0.2067,0.08947,0.1628,0.08719,0.6717,0.07802,NMC811,25,1,0.3462,1
0.1841,0.1016,0.3956,0.404,1.141,0.617,NMC532,25,1,0.09713,1
0.0816,0.05297,0.3054,0.3849,1.101,0.3868,NMC622,25,1,0.05651,1
0.146,0.002956,0.009445,0.2109,1.787,0.2331,NMC811,25,1,0.1805,1
0.1195,0.04026,0.1293,0.219,0.325,0.1251,NMC523,25,1,0.0365,1
0.1441,0.04947,0.3928,0.1229,0.9438,0.112,NMC811,25,1,0.06849,1
0.08838,0.03561,0.2246,0.4645,1.187,0.7388,NMC532,25,1,1.188,1
0.1689,0.0906,0.229,0.23,0.6787,0.2331,NMC622,25,1,0.04313,1
0.05335,0.05372,0.375,0.5816,1.457,0.7805,NMC532,25,1,0.04721,1
0.1094,0.08143,0.3946,0.3018,2.36,0.2742,NMC811,25,1,0.02694,1
0.1116,0.06426,0.3711,0.4701,0.4381,0.4442,NMC111,25,1,0.1467,1
0.168,0.008871,0.05965,0.2831,0.7867,0.4594,NMC532,25,1,0.1959,1
0.03126,0.09832,0.3065,0.1736,0.1933,0.1823,NMC111,25,1,1.169,1
0.1028,0.08978,0.1724,0.2886,0.9382,0.288,NMC622,25,1,0.4854,1
0.1687,0.1075,0.1455,0.3274,0.7541,0.4951,NMC532,25,1,0.04381,1
0.132,0.04277,0.1482,0.5891,1.842,0.603,NMC622,25,1,1.126,1
0.1899,0.09115,0.4393,0.0977,0.164,0.0711,NMC523,25,1,1.333,1
0.05007,0.06726,0.3827,0.2813,2.177,0.2524,NMC811,25,1,0.4559,1
0.1655,0.04129,0.1916,0.09421,0.09433,0.09914,NMC111,25,1,0.04609,1
0.2002,0.1037,0.414,0.4644,0.8006,0.292,NMC523,25,1,0.02318,1
0.1868,0.08862,0.4398,0.1828,0.5591,0.1848,NMC622,25,1,0.03233,1
0.03712,0.07641,0.4333,0.205,0.192,0.1936,NMC111,25,1,0.5783,1
0.1374,0.09611,0.08061,0.3169,0.83,0.5021,NMC532,25,1,0.1255,1
0.2156,0.03085,0.1474,0.8273,0.7935,0.7334,NMC111,25,1,0.1119,1
0.11,0.02895,0.0984,0.5501,1.198,0.7401,NMC532,25,1,0.02388,1
0.04672,0.01792,0.1489,0.07531,0.6097,0.07991,NMC811,25,1,1.063,1
0.184,0.06919,0.06116,0.4971,1.341,0.429,NMC622,25,1,0.1553,1
0.1591,0.03376,0.1026,0.2203,0.5057,0.3285,NMC532,25,1,0.09261,1
0.1853,0.08991,0.009209,0.4024,1.01,0.6231,NMC532,25,1,0.05723,1
0.1844,0.09219,0.3736,0.3324,0.3259,0.3176,NMC111,25,1,0.5429,1
0.1426,0.07304,0.1376,0.0223,0.1818,0.02078,NMC811,25,1,0.184,1
0.2081,0.06127,0.1099,0.5696,0.9261,0.3748,NMC523,25,1,0.08799,1
0.005154,0.0832,0.384,0.422,1.388,0.4123,NMC622,25,1,0.05304,1
0.1213,0.06446,0.243,0.2383,0.2727,0.2259,NMC111,25,1,0.1896,1
0.174,0.05479,0.1734,0.219,1.796,0.2256,NMC811,25,1,1.064,1
0.0361,0.04137,0.1292,0.3149,0.9213,0.3097,NMC622,25,1,0.1355,1
0.1637,0.005105,0.2064,0.4217,1.249,0.3874,NMC622,25,1,1.132,1
0.2209,0.0376,0.09918,0.4178,1.199,0.4341,NMC622,25,1,0.02333,1
0.1006,0.009634,0.3787,0.4779,0.7424,0.3086,NMC523,25,1,0.3306,1
0.09846,0.1098,0.4105,0.1186,0.9554,0.118,NMC811,25,1,0.08213,1
0.03017,0.09478,0.04491,0.0926,0.2637,0.09554,NMC622,25,1,0.04316,1
0.2039,0.007295,0.1437,0.08993,0.1439,0.0631,NMC523,25,1,0.7322,1
0.06511,0.07049,0.2728,0.06784,0.1888,0.1091,NMC532,25,1,0.02766,1
0.2014,0.04802,0.3043,0.0368,0.09117,0.05284,NMC532,25,1,0.08754,1
0.1805,0.02423,0.1237,0.1588,0.1456,0.1458,NMC111,25,1,0.2725,1
0.08079,0.01833,0.3509,0.5679,0.5137,0.5626,NMC111,25,1,0.06637,1
0.1301,0.05868,0.2253,0.2802,0.8059,0.275,NMC622,25,1,0.07144,1
0.104,0.0867,0.05551,0.01932,0.04571,0.02935,NMC532,25,1,0.06855,1
0.1763,0.04952,0.1093,0.6386,0.6069,0.5593,NMC111,25,1,0.2431,1
0.07938,0.05584,0.4199,0.7068,1.189,0.4914,NMC523,25,1,0.2752,1
0.1616,0.02632,0.2589,0.2637,0.7334,0.4009,NMC532,25,1,0.3701,1
0.1497,0.02817,0.2417,0.4092,1.101,0.7009,NMC532,25,1,0.1377,1
0.115,0.02745,0.2276,0.7327,1.254,0.4924,NMC523,25,1,0.02,1
0.1871,0.02908,0.1437,0.7812,1.44,0.495,NMC523,25,1,0.03242,1
0.1554,0.09273,0.2786,0.02298,0.05412,0.03183,NMC532,25,1,0.03447,1
0.0916,0.07055,0.209,0.173,1.272,0.1779,NMC811,25,1,0.06343,1
0.1494,0.08017,0.07985,0.2178,0.5545,0.3228,NMC532,25,1,0.06995,1
0.202,0.02841,0.1996,0.1499,1.195,0.1364,NMC811,25,1,0.3073,1
0.08907,0.1045,0.384,0.2024,0.364,0.1508,NMC523,25,1,0.07901,1
0.1091,0.06593,0.2911,0.3135,0.9399,0.5193,NMC532,25,1,0.3483,1
0.0851,0.04857,0.4401,0.3428,0.3598,0.3383,NMC111,25,1,0.5329,1
0.07811,0.03647,0.2383,0.1093,0.1746,0.0746,NMC523,25,1,0.4173,1
0.07505,0.07305,0.01815,0.7311,0.7917,0.7785,NMC111,25,1,0.4155,1
0.1294,0.08726,0.02588,0.8276,1.421,0.5696,NMC523,25,1,0.4425,1
0.06736,0.01292,0.3101,1.016,0.9762,0.9142,NMC111,25,1,0.7222,1
0.03538,0.01377,0.03615,0.04532,0.1061,0.06346,NMC532,25,1,0.0436,1
0.1286,0.06113,0.1388,0.07284,0.5562,0.06364,NMC811,25,1,0.9738,1
0.186,0.03632,0.3224,0.4373,0.4374,0.453,NMC111,25,1,0.03205,1
0.2195,0.08504,0.138,0.853,1.639,0.5467,NMC523,25,1,0.02205,1
0.02473,0.105,0.1805,0.1704,0.4108,0.2399,NMC532,25,1,1.082,1
0.1284,0.03243,0.2262,0.1823,1.527,0.1758,NMC811,25,1,0.1987,1
0.2023,0.1009,0.01923,0.4695,1.154,0.7316,NMC532,25,1,0.151,1
0.03629,0.01036,0.2592,0.4688,1.235,0.7736,NMC532,25,1,0.03651,1
0.168,0.001936,0.4072,0.4574,1.15,0.7205,NMC532,25,1,0.1277,1
0.0786,0.02445,0.2225,0.07868,0.5864,0.08276,NMC811,25,1,0.08725,1
0.1959,0.07074,0.1876,0.1076,0.2977,0.09718,NMC622,25,1,0.0922,1
0.2165,0.09904,0.3774,0.6064,0.6386,0.594,NMC111,25,1,0.2953,1
0.09945,0.06062,0.1682,0.3914,1.179,0.3688,NMC622,25,1,0.02597,1
0.005169,0.08005,0.3675,0.3906,0.8999,0.563,NMC532,25,1,0.8364,1
0.06582,0.05125,0.2978,0.5233,0.5351,0.4817,NMC111,25,1,0.06311,1
0.1358,0.04396,0.2054,0.09889,0.6966,0.09483,NMC811,25,1,0.1127,1
0.101,0.005192,0.01463,0.2428,0.2465,0.2355,NMC111,25,1,0.2629,1
0.04691,0.03066,0.08513,0.5864,0.5737,0.6092,NMC111,25,1,0.03957,1
0.1688,0.05113,0.2711,0.2794,1.85,0.2662,NMC811,25,1,0.191,1
0.07906,0.0829,0.3388,0.4403,1.341,0.3911,NMC622,25,1,0.05261,1
0.209,0.008184,0.4064,0.5522,1.533,0.8487,NMC532,25,1,0.08224,1
0.1782,0.06182,0.03194,0.1967,0.3554,0.1397,NMC523,25,1,0.02502,1
0.05771,0.06596,0.3093,0.8593,0.9981,0.9278,NMC111,25,1,1.411,1
0.218,0.02666,0.4534,0.09121,0.7025,0.0828,NMC811,25,1,0.153,1
0.129,0.01391,0.1162,0.4834,0.5063,0.5025,NMC111,25,1,0.8311,1
0.03955,0.08465,0.2536,0.4291,1.066,0.6103,NMC532,25,1,1.084,1
0.1726,0.05356,0.374,0.5401,0.8483,0.3779,NMC523,25,1,0.05052,1
0.02741,0.03342,0.2829,0.3307,0.7582,0.439,NMC532,25,1,0.02254,1
0.08145,0.009922,0.01406,0.9552,0.8539,0.9681,NMC111,25,1,0.2331,1
0.1793,0.109,0.3526,0.4298,1.175,0.4039,NMC622,25,1,0.1753,1
0.1118,0.005756,0.3141,0.2227,0.5668,0.3464,NMC532,25,1,0.2127,1
0.1787,0.04518,0.1918,0.4132,0.9105,0.6172,NMC532,25,1,0.03639,1
0.1139,0.06691,0.4298,0.4295,0.7225,0.2939,NMC523,25,1,0.1226,1
0.126,0.07015,0.02942,0.355,0.3333,0.3697,NMC111,25,1,0.3092,1
0.1896,0.04533,0.3285,0.2173,0.2216,0.2183,NMC111,25,1,0.03193,1
0.1812,0.08723,0.1142,0.552,1.659,0.5277,NMC622,25,1,0.261,1
0.1853,0.07658,0.3143,0.6088,0.6126,0.6312,NMC111,25,1,0.6361,1
0.1659,0.1032,0.2972,0.2629,0.5857,0.3731,NMC532,25,1,0.03503,1
0.08203,0.01624,0.4151,0.3046,0.8905,0.2566,NMC622,25,1,0.02837,1
0.1325,0.03052,0.08804,0.1866,0.5724,0.1862,NMC622,25,1,1.417,1
0.1196,0.004938,0.1099,0.06164,0.1739,0.1054,NMC532,25,1,0.7,1
0.0459,0.1012,0.04167,0.4083,0.949,0.5675,NMC532,25,1,0.02015,1
0.04747,0.08493,0.2393,0.5567,0.9199,0.3884,NMC523,25,1,0.08713,1
0.03426,0.002324,0.1149,0.6074,1.49,0.8785,NMC532,25,1,0.1372,1
0.05087,0.1048,0.2062,0.3032,0.4743,0.2028,NMC523,25,1,0.02223,1
0.1581,0.0612,0.3769,0.2362,0.7137,0.2501,NMC622,25,1,1.013,1
0.1239,0.08613,0.4073,0.4325,1.133,0.3977,NMC622,25,1,0.1088,1
0.006346,0.05696,0.1045,0.2254,1.999,0.2315,NMC811,25,1,0.03967,1
0.1138,0.06754,0.1588,0.4644,1.047,0.6637,NMC532,25,1,0.04323,1
0.2126,0.05138,0.1604,0.1177,0.3362,0.1175,NMC622,25,1,1.087,1
0.07819,0.02441,0.2691,0.4995,0.881,0.3838,NMC523,25,1,0.5102,1
0.1882,0.02224,0.2248,0.347,0.8488,0.4826,NMC532,25,1,0.02335,1
0.1443,0.09249,0.4344,0.3103,0.5672,0.2047,NMC523,25,1,0.09335,1
0.1482,0.06835,0.03912,0.3668,1.039,0.4336,NMC622,25,1,0.2112,1
0.07048,0.0206,0.1744,0.1783,0.1883,0.1611,NMC111,25,1,0.1616,1
0.1324,0.04835,0.1257,0.5694,0.9753,0.3838,NMC523,25,1,0.2398,1
0.1314,0.07187,0.2212,0.07662,0.07763,0.06694,NMC111,25,1,0.06219,1
0.1156,0.08973,0.2928,0.3007,2.267,0.2998,NMC811,25,1,0.2133,1
0.2023,0.0402,0.3536,0.1773,1.555,0.1853,NMC811,25,1,0.03222,1
0.1705,0.01605,0.3327,0.09435,0.1746,0.07556,NMC523,25,1,1.028,1
0.1004,0.05056,0.2104,0.09115,0.3094,0.09931,NMC622,25,1,0.5719,1
0.1204,0.06182,0.3641,0.5102,0.4584,0.4379,NMC111,25,1,1.281,1
0.1058,0.09846,0.4463,0.02459,0.05874,0.03545,NMC532,25,1,0.1482,1
0.1968,0.04716,0.3986,0.1839,1.487,0.1821,NMC811,25,1,0.17,1
0.1517,0.02942,0.0791,0.03668,0.09955,0.05956,NMC532,25,1,0.04525,1
0.07966,0.00581,0.3771,0.4062,0.9853,0.5719,NMC532,25,1,0.286,1
0.2246,0.03852,0.09981,0.1022,0.1571,0.06734,NMC523,25,1,0.189,1
0.1551,0.04427,0.2179,0.3628,0.3565,0.35,NMC111,25,1,0.0209,1
0.07985,0.06727,0.06037,0.08425,0.6243,0.08527,NMC811,25,1,0.08134,1
0.09226,0.05241,0.2994,0.3931,1.263,0.41,NMC622,25,1,0.06572,1
0.1342,0.0601,0.1479,0.3261,2.439,0.2947,NMC811,25,1,0.0566,1
0.02229,0.05187,0.2062,0.2209,1.584,0.208,NMC811,25,1,0.04827,1
0.07587,0.008376,0.08345,0.2414,2.013,0.2584,NMC811,25,1,0.03981,1
0.09666,0.02494,0.376,0.1587,0.3456,0.2246,NMC532,25,1,0.9394,1
0.1011,0.003986,0.2,0.1589,0.4191,0.1558,NMC622,25,1,1.3,1
0.0616,0.07163,0.3625,0.2556,0.648,0.4028,NMC532,25,1,0.3942,1
0.1416,0.01912,0.1259,0.255,1.965,0.2397,NMC811,25,1,0.8266,1
0.06005,0.006175,0.2901,0.5445,1.451,0.7509,NMC532,25,1,0.06998,1
0.1041,0.08244,0.2254,0.06629,0.2041,0.07481,NMC622,25,1,0.8703,1
0.06157,0.07664,0.009204,0.01345,0.03444,0.02131,NMC532,25,1,0.1467,1
0.01305,0.1051,0.4225,0.188,0.3351,0.1252,NMC523,25,1,1.44,1
0.02841,0.002971,0.2633,0.337,0.9772,0.3238,NMC622,25,1,0.2266,1
0.02224,0.08673,0.4005,0.4096,1.21,0.3761,NMC622,25,1,1.278,1
0.05671,0.08803,0.1215,0.08493,0.6738,0.08422,NMC811,25,1,0.4143,1
0.2225,0.09303,0.3307,0.2147,0.6449,0.3455,NMC532,25,1,0.06436,1
0.08788,0.05928,0.249,0.8423,0.777,0.8675,NMC111,25,1,0.04415,1
0.08484,0.04201,0.007518,0.1227,0.9309,0.1169,NMC811,25,1,1.222,1
0.02554,0.0266,0.1487,0.7224,1.241,0.4418,NMC523,25,1,0.07794,1
0.1781,0.08914,0.3924,0.4357,0.489,0.461,NMC111,25,1,0.5986,1
0.1044,0.02829,0.1214,0.2415,1.894,0.2648,NMC811,25,1,0.7894,1
0.2084,0.09215,0.1662,0.05015,0.04902,0.04441,NMC111,25,1,0.9319,1
0.1643,0.07403,0.4483,0.3465,0.8397,0.5139,NMC532,25,1,0.0878,1
0.09272,0.03867,0.2975,0.716,1.231,0.4867,NMC523,25,1,0.7648,1
0.1418,0.03569,0.2985,0.7772,0.7348,0.6978,NMC111,25,1,0.02523,1
0.2101,0.01284,0.4307,0.183,0.4306,0.2569,NMC532,25,1,0.9562,1
0.1142,0.0616,0.2834,0.1199,0.9395,0.1105,NMC811,25,1,0.03464,1
0.1693,0.04412,0.4193,0.0467,0.3655,0.0468,NMC811,25,1,0.5357,1
0.04532,0.009208,0.1149,0.5907,1.826,0.6091,NMC622,25,1,0.6152,1
0.1772,0.03255,0.3084,0.3322,1.054,0.3435,NMC622,25,1,0.3409,1
0.0753,0.05987,0.1434,0.158,1.379,0.1917,NMC811,25,1,0.08414,1
0.02041,0.08754,0.3261,0.1046,0.1731,0.06736,NMC523,25,1,1.221,1
0.09121,0.02796,0.2841,0.02066,0.06,0.02058,NMC622,25,1,0.2603,1
0.08086,0.05671,0.09464,0.5389,1.339,0.8292,NMC532,25,1,0.1158,1
0.1351,0.02843,0.08533,0.3027,0.752,0.4254,NMC532,25,1,0.1042,1
0.1508,0.08844,0.2864,0.8774,0.869,0.8622,NMC111,25,1,0.0526,1
0.2017,0.02034,0.06264,1.027,1.031,0.9947,NMC111,25,1,0.2558,1
0.006721,0.007641,0.09873,0.4099,1.212,0.392,NMC622,25,1,0.04848,1
0.1781,0.06677,0.1726,0.1785,0.4456,0.2557,NMC532,25,1,0.5482,1
0.04704,0.009839,0.08564,0.2127,0.6737,0.2135,NMC622,25,1,0.1248,1
0.2129,0.07118,0.2693,0.2062,1.628,0.2131,NMC811,25,1,0.02425,1
0.1383,0.1097,0.384,0.5016,0.8935,0.3506,NMC523,25,1,0.06006,1
0.04073,0.02108,0.3638,0.6531,0.7368,0.7313,NMC111,25,1,0.6771,1
0.05753,0.05544,0.03061,0.1432,0.2308,0.1001,NMC523,25,1,0.1394,1
0.2034,0.04197,0.04374,0.3099,0.5957,0.2277,NMC523,25,1,0.432,1
0.05525,0.07806,0.436,0.08844,0.6685,0.09178,NMC811,25,1,0.6506,1
0.1749,0.04767,0.3076,0.3721,0.9418,0.6269,NMC532,25,1,0.07663,1
0.2272,0.01478,0.4424,0.4718,1.22,0.6938,NMC532,25,1,0.8041,1
0.2065,0.07123,0.3847,0.2232,1.765,0.2198,NMC811,25,1,0.0611,1
0.1464,0.05789,0.02432,0.1748,0.4651,0.1523,NMC622,25,1,0.02356,1
0.1563,0.05311,0.007841,0.05969,0.1756,0.06225,NMC622,25,1,0.6265,1
0.199,0.08655,0.3314,0.3852,1.048,0.5931,NMC532,25,1,0.02371,1
0.06825,0.09731,0.1709,0.3057,2.489,0.2985,NMC811,25,1,0.6576,1
0.09442,0.01378,0.2256,0.3879,0.9372,0.6075,NMC532,25,1,0.06029,1
0.1524,0.05553,0.04651,0.05086,0.4155,0.05015,NMC811,25,1,0.3284,1
0.01551,0.02437,0.2932,0.06132,0.05584,0.05958,NMC111,25,1,0.04557,1
0.06482,0.05808,0.0555,0.2734,0.7133,0.3934,NMC532,25,1,0.05432,1
0.1959,0.1055,0.1917,0.07187,0.6286,0.08373,NMC811,25,1,0.326,1
0.1181,0.02694,0.2395,0.4152,0.3984,0.4077,NMC111,25,1,0.7291,1
0.08662,0.07484,0.2487,0.6621,0.6807,0.6976,NMC111,25,1,0.08188,1
0.04616,0.07266,0.08613,0.4474,1.309,0.4352,NMC622,25,1,1.156,1
0.1382,0.0186,0.4153,0.07323,0.5191,0.07095,NMC811,25,1,1.284,1
0.2104,0.05664,0.3689,0.1856,0.4474,0.2563,NMC532,25,1,0.1048,1
0.04972,0.09239,0.3603,0.5453,1.2,0.7488,NMC532,25,1,0.2101,1
0.21,0.08283,0.1755,0.7405,1.322,0.5016,NMC523,25,1,0.03601,1
0.1083,0.02072,0.1057,0.04428,0.318,0.04559,NMC811,25,1,0.1576,1
0.04761,0.08557,0.03218,0.5078,1.415,0.7798,NMC532,25,1,0.1175,1
0.07165,0.1046,0.3787,0.1241,0.3427,0.1258,NMC622,25,1,0.5208,1
0.07184,0.03762,0.2365,0.115,0.3829,0.1292,NMC622,25,1,0.185,1
0.05974,0.0477,0.2009,0.5671,1.501,0.8989,NMC532,25,1,0.1717,1
0.1982,0.03652,0.2849,0.131,0.3183,0.1709,NMC532,25,1,0.1085,1
0.1025,0.04281,0.4538,0.1355,1.109,0.1434,NMC811,25,1,0.7197,1
0.1658,0.0703,0.4033,0.1006,0.2736,0.1462,NMC532,25,1,0.07894,1
0.1625,0.03385,0.4044,0.02265,0.1837,0.02094,NMC811,25,1,0.04091,1
0.07446,0.05504,0.3037,0.6401,1.741,0.504,NMC622,25,1,0.05762,1
0.01414,0.09979,0.4251,0.4561,1.299,0.4388,NMC622,25,1,0.2163,1
0.1634,0.02962,0.4029,0.2996,0.9096,0.2821,NMC622,25,1,0.3656,1
0.08731,0.02248,0.2816,0.3866,0.693,0.2597,NMC523,25,1,0.06533,1
0.1564,0.1087,0.3326,0.5273,1.332,0.831,NMC532,25,1,0.02826,1
0.1244,0.02182,0.1888,0.217,0.5101,0.3086,NMC532,25,1,0.0255,1
0.07715,0.06477,0.1419,0.2895,0.9882,0.2957,NMC622,25,1,0.02207,1
0.1973,0.06298,0.4396,0.2114,0.6504,0.2194,NMC622,25,1,0.02141,1
0.02018,0.1082,0.3002,0.03394,0.101,0.03725,NMC622,25,1,0.3158,1
0.04803,0.00651,0.3363,0.3102,0.3333,0.341,NMC111,25,1,0.02888,1
0.04896,0.08926,0.09622,0.3796,1.095,0.3361,NMC622,25,1,0.1056,1
0.08811,0.00684,0.391,0.07908,0.1312,0.05143,NMC523,25,1,0.4215,1
0.09312,0.0211,0.1004,0.179,0.543,0.1788,NMC622,25,1,0.6669,1
0.2069,0.0899,0.1157,0.7087,0.7581,0.7251,NMC111,25,1,0.05224,1
0.1238,0.1002,0.01953,0.1871,0.5413,0.1686,NMC622,25,1,0.7398,1
0.1364,0.07391,0.2684,0.4506,1.221,0.7401,NMC532,25,1,0.05582,1
0.2011,0.08019,0.3476,0.5728,1.679,0.5803,NMC622,25,1,0.4354,1
0.06642,0.03782,0.1538,0.5523,0.9495,0.3987,NMC523,25,1,0.07827,1
0.1313,0.1108,0.439,0.01918,0.04707,0.03362,NMC532,25,1,0.3009,1
0.149,0.08753,0.2997,0.7584,1.206,0.4969,NMC523,25,1,0.04247,1
0.2127,0.04699,0.126,0.2954,2.207,0.2892,NMC811,25,1,0.06606,1
0.1849,0.03342,0.1019,0.1431,0.1405,0.1436,NMC111,25,1,0.2469,1
0.01139,0.08447,0.3729,0.1053,0.7451,0.09915,NMC811,25,1,0.08114,1
0.09287,0.0156,0.07298,0.4008,1.212,0.3835,NMC622,25,1,0.04885,1
0.1763,0.02861,0.1606,0.5781,1.311,0.8282,NMC532,25,1,0.2218,1
0.08707,0.0579,0.2293,0.5653,1.367,0.7768,NMC532,25,1,0.1031,1
0.1899,0.01113,0.05041,0.6099,1.712,0.619,NMC622,25,1,0.174,1
0.08021,0.1037,0.2317,0.5565,0.9911,0.4444,NMC523,25,1,0.4533,1
0.02545,0.03376,0.2174,0.7539,0.7619,0.7402,NMC111,25,1,0.06383,1
0.03549,0.07285,0.128,0.2631,0.4416,0.1778,NMC523,25,1,0.4117,1
0.2227,0.07894,0.1411,0.04891,0.4251,0.0523,NMC811,25,1,1.304,1
0.1057,0.03993,0.08651,0.2339,1.834,0.2547,NMC811,25,1,0.03444,1
0.04683,0.02824,0.2215,0.08313,0.7096,0.08981,NMC811,25,1,0.4192,1
0.006344,0.0688,0.3645,0.1355,1.16,0.143,NMC811,25,1,0.4193,1
0.02692,0.09194,0.4452,0.1992,0.5058,0.3196,NMC532,25,1,0.3271,1
0.1757,0.09583,0.01781,0.2845,0.8952,0.2959,NMC622,25,1,0.04124,1
0.0103,0.03916,0.3661,0.4017,0.9998,0.6189,NMC532,25,1,0.1061,1
0.004865,0.09784,0.437,0.3476,0.9294,0.5287,NMC532,25,1,0.0323,1
0.04238,0.05271,0.2025,0.2852,0.4725,0.1897,NMC523,25,1,0.02955,1
0.1229,0.007303,0.3554,0.3011,0.743,0.445,NMC532,25,1,1.297,1
0.1408,0.04428,0.007355,0.01305,0.03008,0.0185,NMC532,25,1,0.168,1
0.08797,0.002573,0.06461,0.5076,1.374,0.8306,NMC532,25,1,0.0375,1
0.1316,0.03139,0.1288,0.2509,0.267,0.2593,NMC111,25,1,0.03198,1
0.1649,0.07139,0.104,0.1319,0.3862,0.1387,NMC622,25,1,0.9593,1
0.1192,0.02078,0.3163,0.6046,1.876,0.6048,NMC622,25,1,0.7395,1
0.1671,0.09384,0.07222,0.4847,0.4337,0.4685,NMC111,25,1,0.02255,1
0.1165,0.06564,0.3615,0.2406,0.7207,0.2465,NMC622,25,1,0.0351,1
0.05496,0.08175,0.2944,0.4288,0.6974,0.2704,NMC523,25,1,1.188,1
0.1803,0.03757,0.1191,0.5255,1.407,0.8051,NMC532,25,1,0.02063,1
0.09667,0.1103,0.3795,0.6395,1.785,0.5865,NMC622,25,1,0.05584,1
0.08958,0.07968,0.436,0.3171,0.4554,0.1812,NMC523,25,1,0.1856,1
0.1119,0.09084,0.05623,0.5143,1.21,0.7949,NMC532,25,1,1.454,1
0.01795,0.05173,0.2438,0.1931,0.5957,0.1986,NMC622,25,1,0.06857,1
0.09123,0.07482,0.43,0.5678,1.727,0.5988,NMC622,25,1,0.3272,1
0.1279,0.09236,0.1757,0.285,0.2839,0.2705,NMC111,25,1,0.04647,1
0.1128,0.01794,0.1011,0.1471,0.4785,0.1637,NMC622,25,1,0.9887,1
0.0783,0.03127,0.1119,0.6427,1.129,0.4678,NMC523,25,1,0.9636,1
0.186,0.1088,0.3836,0.4453,0.429,0.4219,NMC111,25,1,0.0958,1
0.03594,0.0121,0.2214,0.1778,1.273,0.171,NMC811,25,1,0.8965,1
0.08904,0.002648,0.313,0.3083,2.425,0.3235,NMC811,25,1,0.06264,1
0.1438,0.09416,0.0836,0.5294,1.421,0.8107,NMC532,25,1,0.3787,1
0.003776,0.003174,0.3744,0.6297,1.143,0.4382,NMC523,25,1,0.3533,1
0.1821,0.0505,0.0538,1.051,1.025,1.007,NMC111,25,1,0.2282,1
0.1997,0.0453,0.01418,0.4853,1.553,0.4854,NMC622,25,1,0.4981,1
0.1811,0.05594,0.2876,0.6039,0.6676,0.6178,NMC111,25,1,1.492,1
0.1509,0.05097,0.252,0.377,1.081,0.6109,NMC532,25,1,0.3797,1
0.0517,0.04892,0.2169,0.4892,1.275,0.7499,NMC532,25,1,1.123,1
0.166,0.09798,0.2435,0.576,1.344,0.9138,NMC532,25,1,0.1983,1
0.04143,0.02613,0.281,0.4132,0.9906,0.648,NMC532,25,1,0.03707,1
0.0851,0.06717,0.4224,0.5266,0.524,0.6017,NMC111,25,1,1.388,1
0.04631,0.004454,0.2385,0.5002,1.527,0.5796,NMC622,25,1,0.2397,1
0.1449,0.08103,0.07611,0.914,1.59,0.5694,NMC523,25,1,1.271,1
0.07347,0.05048,0.02275,0.4502,1.248,0.401,NMC622,25,1,0.02855,1
0.1774,0.1033,0.4121,0.1246,0.3291,0.1874,NMC532,25,1,0.03483,1
0.1478,0.08632,0.02639,0.8195,0.8187,0.8282,NMC111,25,1,0.03685,1
0.1693,0.08338,0.1865,0.3375,0.8074,0.4499,NMC532,25,1,0.2095,1
0.2269,0.1082,0.06368,0.1318,1.012,0.1281,NMC811,25,1,0.19,1
0.1689,0.09155,0.2916,0.1434,0.3394,0.2025,NMC532,25,1,0.02926,1
0.1782,0.03649,0.1447,0.5557,0.5918,0.5717,NMC111,25,1,0.4386,1
0.04305,0.05003,0.2774,0.5601,1.564,0.5323,NMC622,25,1,0.2477,1
0.2181,0.0669,0.04765,0.2578,0.4609,0.1607,NMC523,25,1,0.4423,1
0.07123,0.03087,0.0428,0.1353,0.3187,0.2175,NMC532,25,1,0.5447,1
0.1826,0.08425,0.1532,0.7258,0.6646,0.712,NMC111,25,1,0.1118,1
0.1473,0.04043,0.05337,0.43,1.225,0.3742,NMC622,25,1,0.2686,1
0.01224,0.0306,0.05422,0.04822,0.4532,0.05175,NMC811,25,1,0.2958,1
0.05515,0.1023,0.1487,0.1315,0.9944,0.1205,NMC811,25,1,0.399,1
0.1981,0.09044,0.3703,0.717,0.7811,0.7802,NMC111,25,1,0.4928,1
0.1329,0.05382,0.1946,0.4943,0.4758,0.5029,NMC111,25,1,0.1187,1
0.1346,0.07019,0.4062,0.04801,0.04853,0.04764,NMC111,25,1,0.9366,1
0.01529,0.05743,0.4152,0.8881,1.465,0.5446,NMC523,25,1,0.3821,1
0.1415,0.09969,0.2554,0.2213,1.793,0.2122,NMC811,25,1,0.3035,1
0.1828,0.02544,0.3883,0.4562,1.226,0.7332,NMC532,25,1,0.1864,1
0.1967,0.02496,0.09293,0.6377,1.52,0.8973,NMC532,25,1,0.03381,1
0.1132,0.01374,0.4195,0.8039,1.414,0.5785,NMC523,25,1,0.393,1
0.09902,0.06562,0.1266,0.308,0.7561,0.4481,NMC532,25,1,0.3676,1
0.1168,0.06891,0.3185,0.3698,0.8926,0.5147,NMC532,25,1,0.1594,1
0.1311,0.0597,0.3598,0.2525,0.6976,0.2441,NMC622,25,1,0.05407,1
0.1631,0.006087,0.3361,0.1771,1.31,0.1596,NMC811,25,1,0.3655,1
0.09534,0.005554,0.3302,0.3453,0.921,0.538,NMC532,25,1,1.084,1
0.01113,0.1085,0.4057,0.1392,0.1578,0.1562,NMC111,25,1,0.04735,1
0.09948,0.0524,0.1316,0.4533,1.511,0.5165,NMC622,25,1,1.264,1
0.1354,0.08487,0.2762,0.05736,0.1404,0.08253,NMC532,25,1,0.7045,1
0.1031,0.0401,0.3602,0.259,2.035,0.2671,NMC811,25,1,0.1459,1
0.21,0.1017,0.3101,0.3128,0.7601,0.4536,NMC532,25,1,0.07448,1
0.0924,0.08914,0.2492,0.2682,0.6476,0.3884,NMC532,25,1,0.04932,1
0.0823,0.01913,0.1133,0.3465,0.9462,0.5216,NMC532,25,1,0.1473,1
0.1767,0.03191,0.2479,0.3565,0.8922,0.5318,NMC532,25,1,0.02912,1
0.1143,0.0444,0.3168,0.4277,0.7557,0.2782,NMC523,25,1,0.02146,1
0.1723,0.03401,0.06865,0.8737,1.42,0.5696,NMC523,25,1,0.1165,1
0.1382,0.09753,0.3102,0.2721,0.7357,0.2798,NMC622,25,1,0.05691,1
0.1054,0.04675,0.02823,0.01806,0.1495,0.01783,NMC811,25,1,0.02777,1
0.04658,0.08173,0.4032,0.4993,1.467,0.4778,NMC622,25,1,0.04913,1
0.1893,0.002545,0.2584,0.5315,1.349,0.7935,NMC532,25,1,0.04152,1
0.1223,0.07401,0.3261,0.5587,0.925,0.3337,NMC523,25,1,0.03644,1
0.008301,0.04057,0.3998,0.2466,0.6005,0.3352,NMC532,25,1,0.0249,1
0.05216,0.08648,0.3177,0.1637,0.56,0.1527,NMC622,25,1,0.08018,1
0.1211,0.09721,0.1769,0.1482,1.126,0.1398,NMC811,25,1,0.05803,1
0.1858,0.01205,0.03284,0.03902,0.3125,0.03907,NMC811,25,1,0.02952,1
0.08162,0.06933,0.4291,0.3638,0.8671,0.5007,NMC532,25,1,0.02525,1
0.1728,0.0604,0.05129,0.04867,0.4324,0.04964,NMC811,25,1,0.06808,1
0.1559,0.1003,0.2251,0.5633,0.965,0.3796,NMC523,25,1,0.2581,1
0.006928,0.01867,0.418,0.3863,0.4576,0.4489,NMC111,25,1,0.07258,1
0.04173,0.08974,0.1976,0.3317,0.9142,0.3211,NMC622,25,1,0.05693,1
0.1031,0.1077,0.1284,0.287,2.241,0.3005,NMC811,25,1,0.2474,1
0.2139,0.08036,0.09984,0.2711,0.7343,0.415,NMC532,25,1,0.5731,1
0.06097,0.01862,0.2092,0.01611,0.05379,0.01674,NMC622,25,1,0.09932,1
0.02948,0.01649,0.07774,0.09803,0.2604,0.1577,NMC532,25,1,0.07636,1
0.1607,0.06154,0.07929,0.2951,2.428,0.3414,NMC811,25,1,0.2873,1
0.03525,0.08179,0.2385,0.5379,1.325,0.7606,NMC532,25,1,0.3087,1
0.07939,0.1023,0.3964,0.6037,0.6174,0.6402,NMC111,25,1,0.4056,1
0.0405,0.03902,0.1712,0.04697,0.3597,0.04614,NMC811,25,1,0.07981,1
0.16,0.03427,0.3405,0.09631,0.1658,0.06811,NMC523,25,1,1.419,1
0.1113,0.07266,0.2411,0.2565,0.682,0.4278,NMC532,25,1,0.2198,1
0.1902,0.02166,0.05959,0.1797,0.3164,0.1182,NMC523,25,1,0.02572,1
0.1282,0.05592,0.1794,0.1132,0.1076,0.1155,NMC111,25,1,0.0774,1
0.02892,0.004518,0.4356,0.0956,0.7161,0.09498,NMC811,25,1,0.3592,1
0.1983,0.02744,0.2962,0.4206,0.7959,0.297,NMC523,25,1,0.03345,1
0.1567,0.1017,0.2274,0.1243,1.128,0.1313,NMC811,25,1,0.05169,1
0.01127,0.03515,0.2402,0.0966,0.2161,0.1358,NMC532,25,1,0.9511,1
0.1802,0.0528,0.4249,0.6166,1.244,0.4753,NMC523,25,1,0.0529,1
0.2171,0.07818,0.1772,0.2232,1.78,0.2114,NMC811,25,1,0.04547,1
0.1057,0.1058,0.2069,0.2439,0.2451,0.2497,NMC111,25,1,0.09085,1
0.13,0.018,0.1552,0.3903,1.085,0.3974,NMC622,25,1,0.04853,1
0.02721,0.05491,0.1401,0.5138,1.626,0.5495,NMC622,25,1,0.08642,1
0.1088,0.01528,0.4049,0.8572,1.356,0.5682,NMC523,25,1,0.1702,1
0.05075,0.0394,0.3385,0.2586,2.236,0.2572,NMC811,25,1,0.5852,1
0.1184,0.1015,0.1739,0.22,1.685,0.2057,NMC811,25,1,0.6061,1
0.004039,0.004338,0.08224,0.01666,0.04744,0.0276,NMC532,25,1,0.03826,1
0.1088,0.01238,0.219,0.4834,0.51,0.4715,NMC111,25,1,0.2733,1
0.06099,0.1037,0.1382,0.2648,0.2696,0.2817,NMC111,25,1,0.4093,1
0.09469,0.04764,0.04785,0.1061,0.252,0.1584,NMC532,25,1,0.272,1
0.03716,0.08958,0.3945,0.293,0.7271,0.4277,NMC532,25,1,0.03875,1
0.1864,0.07868,0.3232,0.8212,1.27,0.6165,NMC523,25,1,0.05364,1
0.1085,0.04311,0.009413,0.2268,1.862,0.2497,NMC811,25,1,0.1885,1
0.04655,0.05217,0.4494,0.7262,1.195,0.455,NMC523,25,1,0.6063,1
0.2252,0.03298,0.03968,0.2595,0.759,0.2761,NMC622,25,1,0.02555,1
0.194,0.0371,0.3349,0.1416,1.037,0.1224,NMC811,25,1,0.223,1
0.07608,0.09208,0.3814,0.2728,2.293,0.2943,NMC811,25,1,0.06957,1
0.02397,0.02309,0.01188,0.7536,0.651,0.7271,NMC111,25,1,0.03681,1
0.02722,0.008958,0.3594,0.4597,0.4643,0.4717,NMC111,25,1,0.1877,1
0.1921,0.04178,0.3742,0.2472,0.6392,0.2391,NMC622,25,1,0.1037,1
0.1269,0.01601,0.0813,0.2159,1.907,0.2466,NMC811,25,1,0.02239,1
0.1417,0.05926,0.1695,0.1314,0.9362,0.1273,NMC811,25,1,0.03005,1
0.1417,0.05236,0.4205,0.6292,0.601,0.585,NMC111,25,1,0.2078,1
0.1028,0.09515,0.01531,0.3323,0.5456,0.2203,NMC523,25,1,1.376,1
0.1613,0.04762,0.316,0.2991,0.6518,0.4059,NMC532,25,1,0.1301,1
0.02077,0.006056,0.2306,0.01474,0.1237,0.01597,NMC811,25,1,0.5331,1
0.07954,0.04507,0.1023,0.8584,1.436,0.5991,NMC523,25,1,0.05146,1
0.1506,0.09955,0.138,0.4244,0.9817,0.7016,NMC532,25,1,0.6877,1
0.1975,0.0698,0.3711,0.9153,1.386,0.5583,NMC523,25,1,0.05749,1
0.01565,0.07615,0.02295,0.08759,0.7932,0.0921,NMC811,25,1,0.1244,1
0.02592,0.1054,0.3298,0.5451,1.655,0.5454,NMC622,25,1,0.081,1
0.2191,0.02161,0.2501,0.1051,0.9157,0.1236,NMC811,25,1,0.1924,1
0.01628,0.006746,0.3766,0.4004,0.9703,0.6224,NMC532,25,1,0.3565,1
0.2167,0.109,0.2046,0.3089,0.5732,0.2391,NMC523,25,1,0.5774,1
0.09907,0.06196,0.3488,0.5148,1.568,0.5315,NMC622,25,1,0.06804,1
0.05586,0.002274,0.2969,0.5408,0.912,0.3771,NMC523,25,1,0.6982,1
0.0864,0.03248,0.3131,0.2517,2.008,0.2599,NMC811,25,1,0.1093,1
0.1559,0.106,0.08526,0.266,2.49,0.3049,NMC811,25,1,0.2045,1
0.06118,0.06113,0.08812,0.5223,1.002,0.3547,NMC523,25,1,0.04426,1
0.1045,0.01138,0.1876,0.13,0.3056,0.2077,NMC532,25,1,0.2202,1
0.0847,0.02087,0.1836,0.2993,0.3059,0.3232,NMC111,25,1,0.3906,1
0.08705,0.11,0.2075,0.1521,0.4369,0.1479,NMC622,25,1,0.05757,1
0.09496,0.03713,0.4162,0.2394,0.2543,0.2568,NMC111,25,1,0.3282,1
0.1426,0.002813,0.2126,0.08156,0.2152,0.1276,NMC532,25,1,0.9928,1
0.03472,0.1054,0.1047,0.2697,0.473,0.1995,NMC523,25,1,0.05714,1
0.225,0.06612,0.3945,0.3294,0.8467,0.5171,NMC532,25,1,0.6396,1
0.122,0.01958,0.1946,0.2797,2.243,0.2421,NMC811,25,1,1.35,1
0.02898,0.06531,0.3705,0.1704,0.5304,0.1752,NMC622,25,1,0.4399,1
0.004762,0.02115,0.2185,0.09772,0.7798,0.08588,NMC811,25,1,1.14,1
0.115,0.08084,0.06778,0.2598,2.3,0.2565,NMC811,25,1,0.02304,1
0.1488,0.005781,0.1028,0.6895,1.14,0.4772,NMC523,25,1,0.3946,1
0.1119,0.0949,0.4118,0.1564,1.384,0.1727,NMC811,25,1,0.08994,1
0.199,0.07388,0.1297,0.342,0.3294,0.3196,NMC111,25,1,0.03149,1
0.06023,0.01129,0.4263,0.8745,1.323,0.581,NMC523,25,1,0.1497,1
0.1598,0.1079,0.0597,0.5053,1.137,0.6965,NMC532,25,1,0.03789,1
0.1004,0.04247,0.1219,0.2236,0.225,0.2115,NMC111,25,1,0.3898,1
0.09466,0.0463,0.4352,0.03905,0.2992,0.03712,NMC811,25,1,0.1462,1
0.1682,0.03226,0.05259,0.7767,1.342,0.4722,NMC523,25,1,0.5076,1
0.1369,0.009419,0.3205,0.5881,1.515,0.5301,NMC622,25,1,0.3329,1
0.09123,0.09943,0.05113,0.07962,0.2257,0.0691,NMC622,25,1,0.1525,1
0.2225,0.05208,0.2002,0.2128,0.3792,0.1346,NMC523,25,1,0.06025,1
0.04258,0.07649,0.3224,0.3613,1.066,0.3605,NMC622,25,1,0.8397,1
0.1526,0.09125,0.1728,0.1689,1.325,0.1815,NMC811,25,1,0.09988,1
0.1381,0.06271,0.2535,0.2165,2.076,0.2488,NMC811,25,1,0.05016,1
0.1889,0.008719,0.4491,0.5209,1.161,0.7684,NMC532,25,1,0.2707,1
0.1956,0.02741,0.031,0.3928,0.3487,0.3628,NMC111,25,1,0.1638,1
0.1948,0.08284,0.3213,0.5149,1.389,0.81,NMC532,25,1,0.1259,1
0.06925,0.05107,0.3112,0.2429,0.8355,0.2778,NMC622,25,1,0.5036,1
0.1395,0.02488,0.2141,0.151,0.2632,0.1033,NMC523,25,1,0.2538,1
0.1049,0.0331,0.2237,0.1504,1.242,0.1599,NMC811,25,1,0.1009,1
0.0862,0.1034,0.3819,0.7597,0.7689,0.8551,NMC111,25,1,0.04863,1
0.09519,0.08847,0.2437,0.02939,0.06661,0.04211,NMC532,25,1,0.06449,1
0.1965,0.09296,0.1139,0.4568,0.771,0.3355,NMC523,25,1,1.151,1
0.03428,0.003259,0.4173,0.2267,1.794,0.2429,NMC811,25,1,1.054,1
0.1657,0.04672,0.3592,0.5182,1.383,0.5524,NMC622,25,1,0.07186,1
0.06279,0.09852,0.4564,0.3809,0.3751,0.3836,NMC111,25,1,0.07376,1
0.2104,0.008828,0.3672,0.8238,0.9302,0.9147,NMC111,25,1,0.8335,1
0.1337,0.05929,0.09163,0.04751,0.1186,0.06566,NMC532,25,1,0.1072,1
0.01489,0.01049,0.08986,0.2641,0.7924,0.2695,NMC622,25,1,0.3346,1
0.004245,0.1064,0.009108,0.1612,0.4006,0.2432,NMC532,25,1,1.011,1
0.1496,0.0948,0.07957,0.3959,0.6957,0.2556,NMC523,25,1,1.057,1
0.1216,0.09712,0.155,0.5556,1.395,0.8529,NMC532,25,1,0.09866,1
0.1991,0.105,0.1713,0.425,1.061,0.685,NMC532,25,1,0.5495,1
0.05336,0.02673,0.1047,0.1612,1.39,0.1793,NMC811,25,1,0.07436,1
0.1897,0.02801,0.2172,0.1184,0.116,0.1072,NMC111,25,1,0.7807,1
0.03859,0.07795,0.1506,0.02847,0.22,0.02734,NMC811,25,1,0.6056,1
0.2043,0.06086,0.3198,0.3955,0.4063,0.3766,NMC111,25,1,0.03754,1
0.073,0.03931,0.0723,0.1459,0.3591,0.1785,NMC532,25,1,0.7372,1
0.2244,0.07026,0.03564,0.2475,0.2715,0.244,NMC111,25,1,0.24,1
0.2097,0.03567,0.1451,0.2207,0.2375,0.2169,NMC111,25,1,0.1198,1
0.1533,0.03065,0.4351,0.3528,0.3502,0.3421,NMC111,25,1,0.2674,1
0.03442,0.006676,0.1045,0.3044,0.2913,0.282,NMC111,25,1,0.03209,1
0.05396,0.06981,0.2726,0.08173,0.6277,0.08401,NMC811,25,1,0.04596,1
0.137,0.06804,0.1615,0.9202,0.8468,0.8572,NMC111,25,1,0.08285,1
0.2082,0.003343,0.08659,0.3879,1.082,0.6693,NMC532,25,1,0.414,1
0.1607,0.1012,0.2011,0.499,0.8933,0.3619,NMC523,25,1,0.08204,1
0.0151,0.03273,0.4028,0.4478,1.35,0.4848,NMC622,25,1,0.1161,1
0.1377,0.1025,0.2483,0.3156,0.5252,0.2132,NMC523,25,1,0.0328,1
0.178,0.07876,0.2396,0.4668,0.8209,0.2886,NMC523,25,1,0.04343,1
0.2049,0.06186,0.1659,0.2301,0.5842,0.3169,NMC532,25,1,0.1874,1
0.06333,0.02584,0.3512,0.7692,0.8021,0.756,NMC111,25,1,0.0349,1
0.1248,0.08246,0.01276,0.6858,1.239,0.468,NMC523,25,1,0.3912,1
0.03058,0.01937,0.05539,0.4561,0.4098,0.4431,NMC111,25,1,0.1461,1
0.1997,0.1041,0.2632,0.1987,1.489,0.1886,NMC811,25,1,0.05926,1
0.09189,0.08091,0.4114,0.1243,0.9706,0.1307,NMC811,25,1,0.986,1
0.08919,0.01507,0.422,0.5718,1.476,0.815,NMC532,25,1,0.1877,1
0.217,0.02672,0.2437,0.4113,1.037,0.6346,NMC532,25,1,0.7029,1
0.009215,0.04749,0.2997,0.1793,0.435,0.2533,NMC532,25,1,1.233,1
0.2006,0.07471,0.4373,0.6211,0.9835,0.3496,NMC523,25,1,0.2186,1
0.2066,0.1059,0.3886,0.06096,0.5318,0.06351,NMC811,25,1,0.05198,1
0.0698,0.1066,0.0148,0.9235,1.535,0.609,NMC523,25,1,0.1075,1
0.2,0.101,0.3975,0.7953,0.8975,0.8241,NMC111,25,1,1.291,1
0.02748,0.01225,0.07335,0.6335,0.6498,0.6367,NMC111,25,1,0.04162,1
0.1406,0.05777,0.2141,0.0924,0.6906,0.09246,NMC811,25,1,0.07416,1
0.142,0.06153,0.08946,0.1036,0.8581,0.1107,NMC811,25,1,0.3938,1
0.1259,0.1076,0.03746,0.224,0.6176,0.3764,NMC532,25,1,1.462,1
0.06993,0.1025,0.1295,0.262,0.5057,0.1926,NMC523,25,1,0.159,1
0.08623,0.07792,0.1632,0.7203,1.21,0.4789,NMC523,25,1,0.1394,1
0.07829,0.08963,0.2262,0.3062,2.389,0.3,NMC811,25,1,1.308,1
0.01981,0.08358,0.4004,0.1613,0.1666,0.1646,NMC111,25,1,0.2467,1
0.0708,0.008184,0.2742,0.2283,1.612,0.2036,NMC811,25,1,0.4042,1
0.1869,0.03331,0.4287,0.08449,0.2143,0.1327,NMC532,25,1,1.019,1
0.1492,0.05624,0.2936,0.4454,0.7579,0.2629,NMC523,25,1,1.058,1
0.2192,0.06956,0.4011,0.2318,0.5215,0.3235,NMC532,25,1,0.05106,1
0.1482,0.0896,0.1991,0.5141,1.519,0.5116,NMC622,25,1,0.9067,1
0.1633,0.1016,0.05722,0.8774,0.8344,0.8611,NMC111,25,1,0.1045,1
0.01796,0.1024,0.1245,0.2564,2.071,0.268,NMC811,25,1,0.03577,1
0.05212,0.0839,0.2339,0.1959,1.678,0.2077,NMC811,25,1,1.197,1
0.1031,0.01381,0.1644,0.2691,0.4435,0.1854,NMC523,25,1,0.09638,1
0.08205,0.09288,0.443,0.0732,0.2289,0.1222,NMC532,25,1,0.7067,1
0.07436,0.03378,0.2952,0.179,0.272,0.1148,NMC523,25,1,0.02278,1
0.1704,0.02004,0.1656,0.5863,1.858,0.5661,NMC622,25,1,0.1495,1
0.01207,0.06224,0.2026,0.5054,1.463,0.5622,NMC622,25,1,0.05921,1
0.167,0.031,0.1083,0.04742,0.3955,0.04934,NMC811,25,1,1.011,1
0.1476,0.08325,0.1191,0.8473,1.402,0.552,NMC523,25,1,0.05063,1
0.1898,0.08424,0.1434,0.8097,1.446,0.5978,NMC523,25,1,0.9102,1
0.1605,0.04028,0.1234,0.03216,0.09691,0.02965,NMC622,25,1,0.04801,1
0.14,0.0114,0.1624,0.3004,2.378,0.2904,NMC811,25,1,0.6623,1
0.2001,0.07237,0.1406,0.07667,0.06857,0.07093,NMC111,25,1,0.02285,1
0.1001,0.02253,0.4234,0.5509,0.5952,0.618,NMC111,25,1,1.373,1
0.2053,0.0711,0.01499,0.7477,1.263,0.4443,NMC523,25,1,0.1617,1
0.193,0.08152,0.1279,0.1765,0.4343,0.2507,NMC532,25,1,0.8492,1
0.1941,0.01967,0.01714,0.3635,0.3691,0.3527,NMC111,25,1,0.04114,1
0.2211,0.08088,0.2509,0.1669,1.25,0.1625,NMC811,25,1,0.127,1
0.01878,0.01832,0.2247,0.1384,1.087,0.1344,NMC811,25,1,0.8511,1
0.1693,0.02081,0.1299,0.3123,0.7296,0.478,NMC532,25,1,0.5475,1
0.05113,0.07853,0.1802,0.5222,0.8117,0.3241,NMC523,25,1,0.1105,1
0.1646,0.1071,0.1011,0.2286,0.5648,0.3473,NMC532,25,1,0.7005,1
0.1057,0.05158,0.1129,0.02835,0.0661,0.03928,NMC532,25,1,0.6583,1
0.04492,0.05579,0.03411,0.5606,1.479,0.7778,NMC532,25,1,0.08749,1
0.09647,0.05473,0.04619,0.4846,1.396,0.8796,NMC532,25,1,0.619,1
0.08477,0.04663,0.05299,0.1796,1.307,0.1717,NMC811,25,1,0.2018,1
0.08915,0.03321,0.1022,0.201,0.1794,0.1867,NMC111,25,1,0.1233,1
0.005589,0.03091,0.02373,0.462,1.198,0.7707,NMC532,25,1,0.7997,1
0.06592,0.0496,0.1814,0.7436,1.15,0.4433,NMC523,25,1,0.04678,1
0.08712,0.009331,0.1413,0.491,1.369,0.8584,NMC532,25,1,0.02468,1
0.0561,0.03998,0.414,0.5357,1.432,0.8777,NMC532,25,1,0.04187,1
0.02539,0.04661,0.1433,0.4738,0.5303,0.51,NMC111,25,1,0.5027,1
0.2223,0.05184,0.3214,0.8971,0.9185,0.9037,NMC111,25,1,0.2209,1
0.184,0.09446,0.3046,0.5033,0.8557,0.3715,NMC523,25,1,0.1007,1
0.02354,0.03283,0.3075,0.4017,0.3876,0.4197,NMC111,25,1,0.02797,1
0.03801,0.06697,0.2248,0.9322,1.061,0.9805,NMC111,25,1,0.8681,1
0.05006,0.04392,0.03726,0.7862,1.311,0.5048,NMC523,25,1,1.041,1
0.02498,0.05485,0.1392,0.2116,0.6249,0.2135,NMC622,25,1,1.346,1
0.02739,0.1011,0.04153,0.1034,0.8937,0.1073,NMC811,25,1,0.1054,1
0.02808,0.1051,0.155,0.2715,2.257,0.2778,NMC811,25,1,0.2301,1
0.0684,0.02704,0.03283,0.2058,1.843,0.2419,NMC811,25,1,0.8199,1
0.1513,0.09302,0.3294,0.1028,0.1685,0.06839,NMC523,25,1,0.04048,1
0.07785,0.105,0.06922,0.2402,0.3682,0.1467,NMC523,25,1,1.282,1
0.2054,0.02281,0.06245,0.5813,1.694,0.5176,NMC622,25,1,0.3128,1
0.0699,0.05356,0.2344,0.1677,1.226,0.1774,NMC811,25,1,0.2448,1
0.03065,0.08129,0.1861,0.03386,0.2725,0.03708,NMC811,25,1,0.04073,1
0.03916,0.01735,0.2285,0.2988,0.505,0.1997,NMC523,25,1,0.3794,1
0.214,0.1069,0.02679,0.4955,1.08,0.7189,NMC532,25,1,0.2489,1
0.04034,0.06657,0.2218,0.01971,0.1507,0.02071,NMC811,25,1,0.1507,1
0.1015,0.07851,0.06954,0.3084,1,0.3084,NMC622,25,1,0.05158,1
0.1303,0.04109,0.05289,0.1805,0.6081,0.184,NMC622,25,1,1.441,1
0.1063,0.09974,0.08507,0.4515,1.212,0.7131,NMC532,25,1,1.01,1
0.2105,0.04365,0.3427,0.677,1.049,0.4301,NMC523,25,1,0.2627,1
0.1661,0.04422,0.1288,0.7607,1.43,0.548,NMC523,25,1,0.03125,1
0.03604,0.02037,0.2703,0.2054,0.4802,0.2719,NMC532,25,1,0.4346,1
0.2051,0.05926,0.3613,0.2326,0.6789,0.2296,NMC622,25,1,0.2918,1
0.03092,0.005847,0.3321,0.4338,0.715,0.237,NMC523,25,1,0.7513,1
0.05197,0.1032,0.4092,0.8413,1.254,0.4947,NMC523,25,1,0.03249,1
0.1681,0.07936,0.231,0.1517,1.246,0.1539,NMC811,25,1,0.05649,1
0.1222,0.07508,0.02998,0.5094,1.219,0.8232,NMC532,25,1,1.014,1
0.09338,0.0602,0.3776,0.1278,0.2683,0.1639,NMC532,25,1,0.08452,1
0.1784,0.06374,0.03879,0.1812,1.423,0.1862,NMC811,25,1,0.1303,1
0.09067,0.008495,0.01426,0.1931,0.6564,0.2189,NMC622,25,1,0.3412,1
0.1734,0.01665,0.1521,0.7795,0.7671,0.8246,NMC111,25,1,0.1768,1
0.1383,0.08307,0.3567,0.197,0.1717,0.2104,NMC111,25,1,0.1846,1
0.04531,0.1078,0.276,0.1571,1.115,0.1548,NMC811,25,1,0.2291,1
0.03608,0.03581,0.3723,0.8396,0.8739,0.8554,NMC111,25,1,0.4396,1
0.06585,0.06621,0.0154,0.2221,0.6259,0.2213,NMC622,25,1,0.273,1
0.1706,0.01475,0.4159,0.1503,0.3751,0.2092,NMC532,25,1,0.02181,1
0.06258,0.07971,0.1209,1.038,0.9929,0.8975,NMC111,25,1,1.447,1
0.1836,0.04438,0.02596,0.08021,0.0835,0.08242,NMC111,25,1,0.2156,1
0.01173,0.0211,0.1593,0.3751,0.378,0.3681,NMC111,25,1,0.03979,1
0.2176,0.1096,0.1251,0.2447,0.3457,0.1491,NMC523,25,1,0.1017,1
0.1455,0.01425,0.2556,0.2855,0.9693,0.2712,NMC622,25,1,0.02085,1
0.09171,0.04598,0.3326,0.6104,1.059,0.4275,NMC523,25,1,0.04782,1
0.03044,0.08016,0.1954,0.4675,1.057,0.6397,NMC532,25,1,0.7265,1
0.09293,0.01134,0.3189,0.01095,0.03191,0.0118,NMC622,25,1,0.1469,1
0.0164,0.0672,0.04654,0.02967,0.2573,0.03408,NMC811,25,1,0.1058,1
0.1378,0.04049,0.346,0.9831,0.9862,0.894,NMC111,25,1,0.0539,1
0.1565,0.08789,0.007766,0.1216,0.9171,0.1137,NMC811,25,1,0.1095,1
0.07468,0.04276,0.4327,0.5716,0.634,0.5614,NMC111,25,1,0.1715,1
0.2237,0.05025,0.2939,0.5219,1.324,0.7982,NMC532,25,1,0.3053,1
0.1485,0.1044,0.4123,0.3266,0.7679,0.5643,NMC532,25,1,0.296,1
0.02086,0.1062,0.392,0.811,0.7728,0.7917,NMC111,25,1,0.9522,1
0.07715,0.02762,0.1015,0.09238,0.1831,0.06448,NMC523,25,1,0.03558,1
0.06705,0.05645,0.08071,0.6067,1.845,0.6038,NMC622,25,1,0.9734,1
0.03398,0.0523,0.4003,0.4448,0.7143,0.284,NMC523,25,1,0.5619,1
0.1349,0.05776,0.241,0.0231,0.06366,0.02228,NMC622,25,1,0.7629,1
0.09696,0.04897,0.4487,0.304,0.5159,0.2005,NMC523,25,1,0.5868,1
0.08801,0.06392,0.2651,0.2548,0.7665,0.2405,NMC622,25,1,0.02641,1
0.07341,0.06752,0.06227,0.3253,0.8275,0.4699,NMC532,25,1,0.2115,1
0.08712,0.01376,0.3661,0.2996,0.6516,0.4201,NMC532,25,1,0.2565,1
0.1811,0.03329,0.3637,0.4005,1.135,0.384,NMC622,25,1,0.8751,1
0.1553,0.04732,0.2678,0.1796,0.5094,0.1677,NMC622,25,1,1.144,1
0.1643,0.01072,0.3303,1.017,0.9617,0.9256,NMC111,25,1,0.02407,1
0.06096,0.101,0.4338,0.2448,2.124,0.2689,NMC811,25,1,0.2173,1
0.08701,0.09371,0.3769,0.2876,0.5193,0.1889,NMC523,25,1,0.8072,1
0.1719,0.04958,0.2879,0.1033,0.1014,0.09708,NMC111,25,1,0.04748,1
0.08188,0.1009,0.08241,0.4273,0.4008,0.4037,NMC111,25,1,0.04147,1
0.09388,0.06774,0.0772,0.8746,0.9398,0.9231,NMC111,25,1,0.1603,1
0.0414,0.05606,0.1652,0.2663,0.8145,0.2788,NMC622,25,1,0.2428,1
0.006679,0.007803,0.3415,0.09438,0.3071,0.1002,NMC622,25,1,0.4755,1
0.121,0.03409,0.3801,0.6747,1.051,0.428,NMC523,25,1,0.2216,1
0.1834,0.1071,0.4342,0.3502,0.8783,0.4888,NMC532,25,1,0.563,1
0.1854,0.09525,0.335,0.5965,0.6154,0.6047,NMC111,25,1,0.3915,1
0.08162,0.0283,0.2217,0.09961,0.8975,0.09843,NMC811,25,1,0.07705,1
0.07451,0.04713,0.02613,0.1449,0.1495,0.1562,NMC111,25,1,0.4107,1
0.1048,0.108,0.04588,0.219,0.573,0.3425,NMC532,25,1,0.1452,1
0.03423,0.0822,0.2684,0.1733,0.174,0.2029,NMC111,25,1,0.5072,1
0.04311,0.02301,0.1085,0.6203,1.048,0.4294,NMC523,25,1,0.4989,1
0.1512,0.0824,0.1333,0.2469,0.7225,0.2427,NMC622,25,1,0.1625,1
0.2075,0.08974,0.3275,0.2392,1.948,0.2579,NMC811,25,1,0.845,1
0.2176,0.0456,0.04242,0.1475,0.3491,0.235,NMC532,25,1,0.05555,1
0.02327,0.03728,0.1885,0.1267,1.028,0.1356,NMC811,25,1,0.1276,1
0.0769,0.06428,0.1645,0.4245,0.6344,0.2709,NMC523,25,1,1.394,1
0.01514,0.04172,0.3681,0.2058,0.345,0.1313,NMC523,25,1,0.02074,1
0.1301,0.0682,0.03672,0.5123,1.341,0.7712,NMC532,25,1,0.05797,1
0.00685,0.06958,0.1848,0.6938,0.9625,0.3859,NMC523,25,1,0.9902,1
0.1929,0.03613,0.06059,0.9359,0.9453,0.8684,NMC111,25,1,0.6302,1
0.081,0.0326,0.3855,0.5687,1.37,0.9151,NMC532,25,1,0.1945,1
0.009628,0.02812,0.4268,0.1148,0.8878,0.1151,NMC811,25,1,0.3417,1
0.1766,0.1009,0.3229,0.3074,0.4894,0.1832,NMC523,25,1,0.1102,1
0.1757,0.07108,0.2401,0.8582,0.8325,0.8932,NMC111,25,1,1.021,1
0.09851,0.06725,0.4555,0.2652,0.3885,0.1633,NMC523,25,1,1.258,1
0.08929,0.03032,0.1165,0.2623,2.064,0.2538,NMC811,25,1,0.0756,1
0.05447,0.02458,0.2033,0.9006,1.518,0.5867,NMC523,25,1,0.7733,1
0.1941,0.033,0.1396,0.8598,1.431,0.6435,NMC523,25,1,0.02675,1
0.06864,0.02766,0.1064,0.3843,0.6573,0.2694,NMC523,25,1,0.9814,1
0.1142,0.05603,0.008487,0.1418,0.2246,0.08835,NMC523,25,1,0.1351,1
0.03777,0.08702,0.01243,0.007287,0.06212,0.007789,NMC811,25,1,1.187,1
0.1436,0.0254,0.447,0.842,1.408,0.6025,NMC523,25,1,0.9924,1
0.1207,0.03507,0.1988,0.1885,0.556,0.1847,NMC622,25,1,0.4942,1
0.114,0.003231,0.01675,0.193,1.646,0.2114,NMC811,25,1,0.6632,1
0.1251,0.07814,0.04807,0.6944,0.6989,0.6561,NMC111,25,1,0.05642,1
0.1898,0.01002,0.03078,0.9636,1.492,0.6216,NMC523,25,1,0.02664,1
0.1549,0.08316,0.2295,0.1414,0.4056,0.1385,NMC622,25,1,1.152,1
0.1482,0.0337,0.288,0.3983,0.4575,0.4171,NMC111,25,1,0.02948,1
0.04578,0.09033,0.2646,0.1797,0.5683,0.1661,NMC622,25,1,0.2155,1
0.03996,0.05159,0.4396,0.8714,0.9605,0.7852,NMC111,25,1,0.02386,1
0.04473,0.04465,0.2646,0.5696,1.548,0.5495,NMC622,25,1,0.08952,1
0.1916,0.05409,0.13,0.8419,0.8066,0.7991,NMC111,25,1,0.6511,1
0.1488,0.02253,0.4037,0.7003,0.7618,0.7623,NMC111,25,1,0.4587,1
0.1496,0.04132,0.3507,0.383,1.194,0.3437,NMC622,25,1,0.6263,1
0.1323,0.07299,0.03537,0.5787,0.5253,0.5248,NMC111,25,1,0.2124,1
0.121,0.0919,0.4058,0.2639,2.055,0.2707,NMC811,25,1,0.2619,1
0.1981,0.08612,0.2092,0.06788,0.4774,0.067,NMC811,25,1,0.05307,1
0.1311,0.01391,0.3171,0.1491,0.141,0.1478,NMC111,25,1,0.05133,1
0.1702,0.01527,0.3505,0.1906,0.5123,0.3177,NMC532,25,1,0.3507,1
0.1446,0.06771,0.161,0.3799,0.9925,0.3534,NMC622,25,1,1.026,1
0.07599,0.05837,0.4034,0.1327,1.202,0.1407,NMC811,25,1,0.4059,1
0.02634,0.06511,0.2699,0.08026,0.07248,0.08099,NMC111,25,1,0.1843,1
0.1927,0.01989,0.3045,0.913,0.9271,0.8534,NMC111,25,1,0.5502,1
0.06225,0.1113,0.1266,0.3352,0.8801,0.5416,NMC532,25,1,0.02295,1
0.1301,0.05718,0.2567,0.6754,0.7807,0.6281,NMC111,25,1,0.03954,1
0.2015,0.11,0.2469,0.4022,1.132,0.3602,NMC622,25,1,1.191,1
0.03922,0.05355,0.214,0.9261,1.298,0.5162,NMC523,25,1,0.1109,1
0.181,0.07652,0.4075,0.2106,0.5344,0.3299,NMC532,25,1,0.2868,1
0.2129,0.08431,0.0389,0.128,1.134,0.143,NMC811,25,1,0.0458,1
0.01495,0.06834,0.408,1.021,0.986,1.049,NMC111,25,1,0.1067,1
0.1828,0.00996,0.2013,0.5336,1.498,0.9387,NMC532,25,1,0.04557,1
0.1933,0.01365,0.0454,0.831,0.7903,0.801,NMC111,25,1,0.05399,1
0.1347,0.02899,0.3987,0.2119,0.3595,0.1427,NMC523,25,1,0.2613,1
0.168,0.0782,0.2706,0.5748,1.828,0.6126,NMC622,25,1,0.8494,1
0.1884,0.02347,0.3599,0.2502,0.4107,0.1676,NMC523,25,1,0.09571,1
0.1272,0.07931,0.2582,0.02965,0.08226,0.02819,NMC622,25,1,0.02498,1
0.03598,0.09549,0.3097,0.125,0.3731,0.14,NMC622,25,1,0.8962,1
0.2206,0.03022,0.3317,0.07015,0.6262,0.07638,NMC811,25,1,0.04027,1
0.1299,0.03629,0.09315,0.821,1.372,0.5337,NMC523,25,1,0.2417,1
0.07569,0.04484,0.2465,0.4437,0.6997,0.3098,NMC523,25,1,0.04272,1
0.1528,0.0758,0.3511,0.8901,0.9832,0.9676,NMC111,25,1,0.03439,1
0.1479,0.1001,0.2613,0.5596,0.5911,0.6003,NMC111,25,1,0.03145,1
0.216,0.09623,0.1016,0.1386,1.246,0.1591,NMC811,25,1,0.1517,1
0.1433,0.03045,0.4291,0.1123,0.3526,0.1151,NMC622,25,1,0.02275,1
0.227,0.06879,0.2212,0.4207,0.4236,0.4105,NMC111,25,1,0.06468,1
0.0361,0.1112,0.3257,0.2735,0.8568,0.2901,NMC622,25,1,0.6273,1
0.009576,0.019,0.2912,0.6364,1.536,0.8533,NMC532,25,1,0.06215,1
0.2204,0.0038,0.05091,0.05823,0.496,0.05188,NMC811,25,1,0.02534,1
0.2249,0.02126,0.2643,0.02253,0.1868,0.0231,NMC811,25,1,1.044,1
0.1503,0.08661,0.3303,0.5112,1.523,0.4937,NMC622,25,1,0.03261,1
0.1226,0.0508,0.4314,0.315,0.5615,0.2116,NMC523,25,1,0.08869,1
0.166,0.03971,0.222,0.4488,0.769,0.2963,NMC523,25,1,0.06538,1
0.1801,0.06186,0.1922,0.3361,0.7445,0.4595,NMC532,25,1,0.2588,1
0.04831,0.02681,0.06706,0.07178,0.5627,0.07029,NMC811,25,1,0.2544,1
0.2274,0.05689,0.06747,0.3278,0.6186,0.244,NMC523,25,1,0.1462,1
0.1502,0.09591,0.07279,0.8157,0.921,0.8464,NMC111,25,1,0.1453,1
0.2204,0.03057,0.02319,0.02904,0.07435,0.04365,NMC532,25,1,1.442,1
0.1285,0.01217,0.1794,0.7014,1.08,0.4299,NMC523,25,1,0.4768,1
0.06158,0.006739,0.1419,0.1596,1.152,0.165,NMC811,25,1,0.03158,1
0.07629,0.004933,0.386,0.1093,0.7412,0.09986,NMC811,25,1,0.2207,1
0.1605,0.01763,0.3719,0.07825,0.6237,0.08403,NMC811,25,1,0.03169,1
0.06025,0.06058,0.2994,0.01101,0.02833,0.01763,NMC532,25,1,1.292,1
0.2176,0.0441,0.2304,0.4051,1.341,0.4016,NMC622,25,1,1.277,1
0.2163,0.009691,0.0802,0.1666,0.4975,0.1718,NMC622,25,1,0.06099,1
0.08936,0.05311,0.3873,0.358,0.8885,0.5764,NMC532,25,1,0.05952,1
0.14,0.05081,0.261,0.2741,1.925,0.2564,NMC811,25,1,0.1096,1
0.1529,0.1005,0.2337,0.1458,1.391,0.16,NMC811,25,1,0.1457,1
0.176,0.06129,0.2574,0.685,1.055,0.4437,NMC523,25,1,0.02892,1
0.1284,0.09577,0.2737,0.8408,1.337,0.5927,NMC523,25,1,0.05744,1
0.2183,0.1043,0.1327,0.09098,0.7545,0.09858,NMC811,25,1,0.09039,1
0.04599,0.02251,0.09885,0.1014,0.297,0.1124,NMC622,25,1,1.119,1
0.2017,0.06213,0.1612,0.6533,1.145,0.4326,NMC523,25,1,0.4379,1
0.21,0.03112,0.009004,0.1818,1.672,0.1949,NMC811,25,1,0.8039,1
0.2185,0.02202,0.3201,0.1601,0.433,0.2337,NMC532,25,1,0.2249,1
0.007016,0.05684,0.1086,0.5004,1.163,0.7073,NMC532,25,1,0.8673,1
0.01561,0.02674,0.2036,0.2301,1.646,0.2167,NMC811,25,1,1.119,1
0.1198,0.1078,0.4324,0.1728,0.2808,0.1009,NMC523,25,1,0.2507,1
0.01475,0.06229,0.3949,0.02954,0.0907,0.0311,NMC622,25,1,0.499,1
0.1308,0.004668,0.2101,0.1566,0.4414,0.1613,NMC622,25,1,0.0498,1
0.05291,0.05248,0.399,0.5653,1.371,0.8805,NMC532,25,1,0.3397,1
0.1905,0.1095,0.405,0.2877,2.3,0.3084,NMC811,25,1,0.2337,1
0.209,0.04462,0.06227,0.1975,0.335,0.1354,NMC523,25,1,0.9865,1
0.1682,0.01661,0.3945,0.1769,1.495,0.1686,NMC811,25,1,0.1577,1
0.07909,0.02924,0.1073,0.9242,0.9863,0.9884,NMC111,25,1,0.3916,1
0.2252,0.09011,0.3212,0.228,1.966,0.2495,NMC811,25,1,0.4341,1
0.01101,0.02942,0.2982,0.6953,1.068,0.4175,NMC523,25,1,0.04812,1
0.16,0.07832,0.3892,1.012,0.9789,0.9456,NMC111,25,1,0.1879,1
0.05882,0.09973,0.05275,0.5214,1.822,0.5913,NMC622,25,1,0.02139,1
0.1295,0.09998,0.3857,0.3114,2.295,0.2762,NMC811,25,1,0.05511,1
0.1406,0.01118,0.1036,0.702,0.761,0.7462,NMC111,25,1,0.04817,1
0.2157,0.02912,0.08998,0.3062,0.7716,0.4871,NMC532,25,1,0.03017,1
0.1059,0.01108,0.09985,0.2472,1.932,0.2547,NMC811,25,1,0.05465,1
0.134,0.08444,0.4538,0.1301,0.2121,0.08845,NMC523,25,1,0.06839,1
0.05272,0.06953,0.2854,0.2429,2.138,0.2794,NMC811,25,1,1.454,1
0.1491,0.07484,0.1224,0.2077,0.5068,0.3147,NMC532,25,1,0.1694,1
0.1159,0.06862,0.3763,0.16,0.4043,0.2511,NMC532,25,1,0.7782,1
0.1999,0.09484,0.3899,0.4453,0.4738,0.4632,NMC111,25,1,0.1228,1
0.01266,0.06656,0.02448,0.114,0.2646,0.1615,NMC532,25,1,0.03412,1
0.1534,0.01685,0.2505,0.2073,0.689,0.2075,NMC622,25,1,0.02031,1
0.2167,0.01929,0.01002,0.009193,0.02502,0.01492,NMC532,25,1,0.7053,1
0.02569,0.01212,0.2448,0.0951,0.747,0.08309,NMC811,25,1,0.246,1
0.05648,0.09733,0.1785,0.3464,1.017,0.3074,NMC622,25,1,0.03273,1
0.1256,0.07573,0.1373,0.149,1.102,0.1508,NMC811,25,1,0.02802,1
0.107,0.07863,0.1244,0.3145,0.9864,0.2968,NMC622,25,1,0.05902,1
0.09323,0.07645,0.3392,0.2582,1.944,0.2332,NMC811,25,1,0.1677,1
0.1799,0.03894,0.1535,0.1021,0.2416,0.1498,NMC532,25,1,0.1684,1
0.1756,0.008866,0.3016,0.5792,1.558,0.5069,NMC622,25,1,0.1817,1
0.2117,0.01253,0.3075,0.5006,1.561,0.5458,NMC622,25,1,0.9023,1
0.004805,0.0793,0.01992,0.5013,0.4816,0.4965,NMC111,25,1,0.03884,1
0.1323,0.06413,0.02802,0.5254,1.443,0.4632,NMC622,25,1,1.084,1
0.167,0.1056,0.08046,0.694,1.124,0.4423,NMC523,25,1,0.03275,1
0.2166,0.08722,0.3163,0.2764,0.719,0.455,NMC532,25,1,0.03301,1
0.174,0.06351,0.01005,0.3118,0.2847,0.3248,NMC111,25,1,0.02712,1
0.1178,0.03742,0.1288,0.4164,1.299,0.4011,NMC622,25,1,0.06085,1
0.08335,0.07616,0.04275,0.6089,0.6328,0.6411,NMC111,25,1,0.05373,1
0.1357,0.01858,0.03876,0.5924,0.5978,0.56,NMC111,25,1,0.09947,1
0.1457,0.04748,0.1771,0.2131,1.899,0.2356,NMC811,25,1,1.494,1
0.1556,0.009178,0.08643,0.1997,0.5539,0.3232,NMC532,25,1,0.06984,1
0.1556,0.005967,0.1556,0.2933,0.8262,0.4533,NMC532,25,1,0.09297,1
0.01036,0.004081,0.3742,0.074,0.5775,0.06912,NMC811,25,1,0.1164,1
0.07665,0.04089,0.2214,0.2594,2.023,0.2686,NMC811,25,1,1.117,1
0.1634,0.08701,0.4396,0.4916,0.9708,0.7172,NMC532,25,1,0.07551,1
0.1277,0.02635,0.15,0.3139,0.5459,0.2092,NMC523,25,1,0.08849,1
0.05637,0.04408,0.2137,0.5856,1.458,0.8396,NMC532,25,1,0.4462,1
0.1709,0.002207,0.256,0.57,1.693,0.6132,NMC622,25,1,0.09096,1
0.09623,0.04067,0.251,0.7789,1.42,0.5336,NMC523,25,1,0.506,1
0.1456,0.01442,0.2536,0.1689,0.2996,0.1086,NMC523,25,1,0.02158,1
0.1714,0.05807,0.007369,0.3677,0.8855,0.5593,NMC532,25,1,0.04732,1
0.08034,0.01162,0.4112,0.1467,0.4746,0.1428,NMC622,25,1,0.2224,1
0.106,0.005724,0.3666,0.2019,0.4821,0.2816,NMC532,25,1,0.0828,1
0.1798,0.03559,0.1025,0.1623,0.4483,0.1404,NMC622,25,1,0.7209,1
0.164,0.1014,0.1685,0.9477,0.9522,0.8552,NMC111,25,1,0.02016,1
0.09153,0.09226,0.03085,0.4137,1.407,0.4235,NMC622,25,1,0.06366,1
0.08526,0.02708,0.2785,0.6481,0.9589,0.4086,NMC523,25,1,0.04717,1
0.1578,0.06652,0.4239,0.03767,0.2938,0.03806,NMC811,25,1,0.04428,1
0.02823,0.1045,0.1367,0.2503,0.6985,0.251,NMC622,25,1,0.02606,1
0.03565,0.01443,0.287,0.1051,0.8457,0.1072,NMC811,25,1,0.05861,1
0.1671,0.09138,0.0889,0.3903,1.128,0.4314,NMC622,25,1,1.396,1
0.1088,0.02398,0.3565,0.559,1.312,0.7916,NMC532,25,1,0.05353,1
0.1455,0.04579,0.309,0.3577,1.167,0.397,NMC622,25,1,0.629,1
0.2138,0.03476,0.2533,0.07519,0.6017,0.07357,NMC811,25,1,0.4665,1
0.1574,0.05467,0.3894,0.1617,1.208,0.1576,NMC811,25,1,0.9116,1
0.1845,0.03204,0.2668,0.1196,0.9487,0.1121,NMC811,25,1,0.1159,1
0.007946,0.04032,0.3897,0.5189,1.47,0.4951,NMC622,25,1,0.7782,1
0.03275,0.0256,0.2218,0.3478,0.8395,0.4886,NMC532,25,1,0.07002,1
0.1738,0.07491,0.1065,0.09664,0.7149,0.09003,NMC811,25,1,0.185,1
0.203,0.07883,0.3906,0.2907,2.189,0.2493,NMC811,25,1,0.09238,1
0.08417,0.07433,0.2248,0.5603,1.466,0.7734,NMC532,25,1,0.5047,1
0.2192,0.008833,0.1584,0.1674,1.283,0.1772,NMC811,25,1,0.02361,1
0.1926,0.01419,0.2173,0.5179,1.296,0.7594,NMC532,25,1,0.4208,1
0.2182,0.08879,0.2417,0.1722,1.373,0.1676,NMC811,25,1,0.02837,1
0.03453,0.01752,0.172,0.02979,0.07703,0.0462,NMC532,25,1,0.03105,1
0.2241,0.1055,0.203,0.4012,1.059,0.4111,NMC622,25,1,1.083,1
0.1438,0.02251,0.3457,0.1113,0.309,0.1088,NMC622,25,1,0.03087,1
0.1148,0.003346,0.2073,0.2424,0.6599,0.211,NMC622,25,1,0.4005,1
0.2245,0.08073,0.2101,0.5837,0.9328,0.3707,NMC523,25,1,0.361,1
0.1976,0.02126,0.0376,0.4838,1.27,0.8079,NMC532,25,1,0.6277,1
0.1494,0.05466,0.06535,0.7686,1.456,0.6139,NMC523,25,1,1.487,1
0.05157,0.03436,0.1964,0.04745,0.1036,0.06201,NMC532,25,1,0.1233,1
0.1739,0.08204,0.4577,0.224,2.108,0.2158,NMC811,25,1,0.2424,1
0.1853,0.05628,0.2719,0.2944,0.836,0.29,NMC622,25,1,0.7856,1
0.03299,0.09742,0.1978,0.2037,0.5252,0.3059,NMC532,25,1,1.242,1
0.04264,0.0503,0.4406,0.4519,0.4476,0.4595,NMC111,25,1,0.2697,1
0.1999,0.04753,0.2019,0.1786,0.3037,0.1285,NMC523,25,1,0.3588,1
0.06626,0.02411,0.2245,0.08333,0.7351,0.08814,NMC811,25,1,0.1494,1
0.1618,0.03691,0.2245,0.1344,1.033,0.1446,NMC811,25,1,0.4662,1
0.1173,0.04197,0.3096,0.3529,1.147,0.3693,NMC622,25,1,0.02396,1
0.1637,0.03856,0.3663,0.2133,1.746,0.2056,NMC811,25,1,0.3806,1
0.136,0.02691,0.4388,0.2911,0.8894,0.2894,NMC622,25,1,0.03512,1
0.07529,0.006018,0.04635,0.4511,1.093,0.6995,NMC532,25,1,1.426,1
0.1026,0.04029,0.1924,0.9376,0.9282,0.9748,NMC111,25,1,0.7269,1
0.1429,0.0581,0.04376,0.007156,0.05864,0.00749,NMC811,25,1,0.5615,1
0.1849,0.0959,0.1328,0.6102,0.6594,0.5997,NMC111,25,1,0.02751,1
0.2129,0.008985,0.06117,0.257,0.411,0.1748,NMC523,25,1,0.198,1
0.003648,0.06624,0.4063,0.2466,0.7756,0.252,NMC622,25,1,0.1447,1
0.1908,0.01504,0.3874,0.0532,0.4564,0.05278,NMC811,25,1,0.3442,1
0.07816,0.06381,0.2548,0.396,0.9135,0.5723,NMC532,25,1,0.1316,1
0.05776,0.04701,0.1772,0.06554,0.5793,0.06484,NMC811,25,1,0.7447,1
0.03158,0.1055,0.3204,0.1692,0.5,0.2722,NMC532,25,1,0.4363,1
0.05597,0.03789,0.06732,0.5575,1.384,0.8436,NMC532,25,1,0.02899,1
0.1345,0.06024,0.327,0.5517,1.438,0.835,NMC532,25,1,0.139,1
0.163,0.01315,0.2206,0.07769,0.2052,0.07354,NMC622,25,1,1.49,1
0.2105,0.08465,0.3621,0.5061,1.391,0.8646,NMC532,25,1,0.09277,1
0.2144,0.04511,0.08287,0.1591,0.4842,0.1699,NMC622,25,1,0.6235,1
0.1764,0.04048,0.1531,0.03883,0.1169,0.04186,NMC622,25,1,0.5169,1
0.1826,0.05865,0.288,0.02045,0.1438,0.01918,NMC811,25,1,1.197,1
0.1093,0.01613,0.3859,0.9125,0.908,0.9684,NMC111,25,1,0.5248,1
0.2255,0.1024,0.1011,0.1101,0.1122,0.113,NMC111,25,1,1.263,1
0.1317,0.03695,0.1818,0.3015,0.3341,0.3393,NMC111,25,1,0.1946,1
0.1127,0.0594,0.4171,0.612,0.9485,0.3884,NMC523,25,1,1.226,1
0.1043,0.004379,0.1844,0.1576,0.3519,0.2372,NMC532,25,1,0.1809,1
0.09283,0.08026,0.4279,0.4016,0.6567,0.2918,NMC523,25,1,1.071,1
0.03408,0.07132,0.265,0.07246,0.1728,0.1182,NMC532,25,1,0.04982,1
0.1565,0.01884,0.2571,0.1415,1.17,0.1513,NMC811,25,1,0.04152,1
0.1006,0.06299,0.1834,0.7569,0.7139,0.7301,NMC111,25,1,0.05383,1
0.2144,0.02856,0.2526,0.06686,0.1728,0.1034,NMC532,25,1,0.2363,1
0.08177,0.06242,0.4411,0.1309,0.4133,0.1315,NMC622,25,1,1.012,1
0.1902,0.09325,0.3313,0.5486,1.46,0.8285,NMC532,25,1,0.5434,1
0.0503,0.03919,0.2138,0.7516,0.7872,0.7226,NMC111,25,1,0.7309,1
0.1819,0.04721,0.3614,0.1653,0.5093,0.1808,NMC622,25,1,0.03933,1
0.1635,0.0955,0.4533,0.2299,1.62,0.2175,NMC811,25,1,0.2975,1
0.05872,0.01216,0.1039,0.8481,0.784,0.8872,NMC111,25,1,0.7645,1
0.1034,0.03377,0.1855,0.1341,0.3137,0.2009,NMC532,25,1,0.1405,1
0.05305,0.05811,0.1999,0.5496,1.529,0.8255,NMC532,25,1,0.7568,1
0.1069,0.0946,0.3717,0.4262,1.135,0.6487,NMC532,25,1,0.2226,1
0.1192,0.01298,0.237,0.7041,1.133,0.3751,NMC523,25,1,0.9295,1
0.1447,0.03191,0.2739,0.3233,0.7238,0.4743,NMC532,25,1,0.1196,1
0.07493,0.003496,0.1516,0.8177,1.019,0.8255,NMC111,25,1,0.1888,1
0.1946,0.06911,0.2678,0.4188,1.325,0.4652,NMC622,25,1,0.1365,1
0.09448,0.06996,0.2814,1.006,0.9897,1.077,NMC111,25,1,0.1299,1
0.02241,0.04996,0.2675,0.23,1.845,0.2254,NMC811,25,1,0.1296,1
0.008915,0.05516,0.06079,0.03593,0.2729,0.03657,NMC811,25,1,0.5316,1
0.0226,0.02612,0.3095,0.05922,0.1417,0.08166,NMC532,25,1,0.1627,1
0.1249,0.01694,0.02154,0.09049,0.6967,0.08614,NMC811,25,1,0.0598,1
0.2121,0.08319,0.2562,0.01787,0.1498,0.01921,NMC811,25,1,0.1327,1
0.05818,0.03296,0.33,0.4533,1.12,0.7007,NMC532,25,1,0.1716,1
0.1895,0.09321,0.008753,0.05241,0.3763,0.04593,NMC811,25,1,0.7057,1
0.1353,0.03833,0.3986,0.1937,1.548,0.188,NMC811,25,1,0.1264,1
0.2152,0.02383,0.3402,0.578,1.346,0.8335,NMC532,25,1,0.09365,1
0.1198,0.1058,0.09179,0.3486,0.6163,0.2264,NMC523,25,1,0.6812,1
0.1867,0.05608,0.4326,0.05694,0.4214,0.05822,NMC811,25,1,0.5664,1
0.06171,0.04959,0.307,0.6045,1.79,0.5882,NMC622,25,1,1.458,1
0.1692,0.1063,0.2789,0.174,0.534,0.1786,NMC622,25,1,0.04965,1
0.2138,0.02327,0.2307,0.2472,1.822,0.2348,NMC811,25,1,0.03311,1
0.1973,0.08845,0.05003,0.4392,0.7438,0.2912,NMC523,25,1,0.6544,1
0.05032,0.01201,0.4383,0.58,0.6147,0.565,NMC111,25,1,0.03607,1
0.03044,0.01871,0.4385,0.1929,1.619,0.1985,NMC811,25,1,0.4153,1
0.1113,0.009423,0.08222,0.05822,0.1612,0.08573,NMC532,25,1,0.3926,1
0.1632,0.1012,0.3511,0.008403,0.06005,0.007889,NMC811,25,1,0.03067,1
0.1287,0.05024,0.3116,0.01125,0.03296,0.01081,NMC622,25,1,0.0585,1
0.2119,0.008165,0.2721,0.5022,0.9224,0.3066,NMC523,25,1,1.365,1
0.1954,0.03943,0.07854,0.251,1.905,0.2496,NMC811,25,1,0.02493,1
0.2148,0.004859,0.04797,0.2944,0.4568,0.1833,NMC523,25,1,0.5775,1
0.1203,0.0652,0.0945,0.242,0.5165,0.3339,NMC532,25,1,0.2151,1
0.06591,0.05761,0.1219,0.3398,1.062,0.3294,NMC622,25,1,0.07832,1
0.1844,0.01382,0.09474,0.4521,1.42,0.4344,NMC622,25,1,0.05246,1
0.05712,0.07068,0.04152,0.5875,1.354,0.8882,NMC532,25,1,0.02138,1
0.1087,0.05141,0.2318,0.2629,2.129,0.2639,NMC811,25,1,0.1675,1
0.2022,0.06491,0.1506,0.01976,0.02074,0.02115,NMC111,25,1,0.2806,1
0.06708,0.07004,0.4325,0.7427,1.319,0.4756,NMC523,25,1,0.1513,1
0.2195,0.08633,0.4104,0.2108,0.2271,0.2044,NMC111,25,1,0.177,1
0.02866,0.009947,0.418,0.04623,0.1337,0.04663,NMC622,25,1,0.03866,1
0.00851,0.02519,0.02172,0.4119,1.166,0.4115,NMC622,25,1,0.3122,1
0.05145,0.09277,0.02533,0.3574,1.125,0.3443,NMC622,25,1,0.5386,1
0.1619,0.005986,0.4123,0.4042,0.9684,0.5805,NMC532,25,1,0.2118,1
0.2235,0.08806,0.3677,0.6019,0.8396,0.3823,NMC523,25,1,0.0789,1
0.07758,0.06708,0.4219,1.04,0.9889,1.025,NMC111,25,1,0.6442,1
0.2186,0.1075,0.4093,0.2039,1.57,0.2012,NMC811,25,1,0.0711,1
0.04936,0.06602,0.1809,0.3549,1.204,0.4012,NMC622,25,1,0.02779,1
0.03969,0.1099,0.1083,0.1882,0.5278,0.1929,NMC622,25,1,0.1629,1
0.1933,0.01217,0.2265,0.2983,0.8791,0.2812,NMC622,25,1,0.08632,1
0.1963,0.005991,0.1102,0.08931,0.1559,0.05776,NMC523,25,1,1.345,1
0.05764,0.04558,0.4056,0.3032,0.3255,0.3265,NMC111,25,1,0.02508,1
0.03057,0.06496,0.3021,0.5444,1.521,0.5352,NMC622,25,1,0.3455,1
0.05161,0.02511,0.08345,0.7668,0.7377,0.8102,NMC111,25,1,1.433,1
0.01316,0.07422,0.1991,0.6035,1.69,0.5547,NMC622,25,1,0.0389,1
0.1631,0.07054,0.1607,0.07817,0.1978,0.1151,NMC532,25,1,0.2479,1
0.1305,0.1109,0.4285,0.06096,0.1011,0.03569,NMC523,25,1,0.8446,1
0.05699,0.1036,0.2114,0.6737,0.607,0.5931,NMC111,25,1,0.1732,1
0.1169,0.1034,0.09261,0.2619,0.6451,0.4103,NMC532,25,1,0.02917,1
0.1714,0.06147,0.1799,0.4766,1.327,0.4392,NMC622,25,1,0.6019,1
0.1229,0.08035,0.33,0.1118,0.1196,0.1156,NMC111,25,1,0.03666,1
0.08483,0.1112,0.269,0.3785,1.177,0.3957,NMC622,25,1,0.03877,1
0.05238,0.008818,0.3835,0.5027,0.5199,0.5509,NMC111,25,1,0.06726,1
0.2254,0.04261,0.177,0.1354,0.1271,0.1192,NMC111,25,1,0.4774,1
0.01186,0.047,0.2915,0.241,0.6205,0.3402,NMC532,25,1,0.3461,1
0.1388,0.07549,0.0397,0.5774,1.578,0.9005,NMC532,25,1,1.221,1
0.1655,0.06318,0.3928,0.08203,0.2207,0.08412,NMC622,25,1,0.04458,1
0.1051,0.05414,0.3016,0.04162,0.1341,0.04639,NMC622,25,1,0.06248,1
0.2125,0.04942,0.1423,0.02831,0.02557,0.02695,NMC111,25,1,0.3598,1
0.03011,0.01051,0.4103,0.4831,1.212,0.7234,NMC532,25,1,0.02062,1
0.06371,0.01343,0.3422,0.6154,0.5901,0.6226,NMC111,25,1,0.1525,1
0.1903,0.08517,0.3803,0.6728,0.6912,0.7115,NMC111,25,1,0.1512,1
0.01764,0.0997,0.232,0.04926,0.1301,0.07906,NMC532,25,1,0.2484,1
0.2155,0.08959,0.06791,0.2544,2.101,0.28,NMC811,25,1,0.084,1
0.04285,0.1096,0.1002,0.5178,1.295,0.7166,NMC532,25,1,0.6596,1
0.2043,0.1113,0.05217,0.4544,1.119,0.6599,NMC532,25,1,1.375,1
0.1913,0.04234,0.2589,0.2595,0.2777,0.2899,NMC111,25,1,0.3674,1
0.02208,0.11,0.3444,0.05476,0.1463,0.054,NMC622,25,1,1.347,1
0.1604,0.0387,0.1703,0.04804,0.1211,0.07724,NMC532,25,1,0.2147,1
0.0951,0.04862,0.08059,0.6303,1.471,0.8934,NMC532,25,1,0.03134,1
0.1477,0.02009,0.2312,0.5959,0.5958,0.599,NMC111,25,1,0.06992,1
0.1744,0.08947,0.02284,0.6572,1.081,0.453,NMC523,25,1,0.05102,1
0.1961,0.06438,0.4336,0.5254,0.5577,0.5823,NMC111,25,1,0.2556,1
0.2158,0.06005,0.3106,0.207,1.686,0.2372,NMC811,25,1,0.09073,1
0.1602,0.05478,0.3869,0.01528,0.02823,0.009146,NMC523,25,1,0.392,1
0.2178,0.03256,0.2162,0.1738,0.4781,0.2794,NMC532,25,1,1.249,1
0.2024,0.0673,0.03982,0.3448,0.3704,0.3649,NMC111,25,1,0.468,1
0.01203,0.02895,0.3462,0.2309,0.2175,0.2375,NMC111,25,1,0.02863,1
0.08749,0.07041,0.1337,0.09359,0.229,0.1308,NMC532,25,1,0.1279,1
0.01148,0.02363,0.05438,0.1475,0.2375,0.09897,NMC523,25,1,0.05505,1
0.225,0.005561,0.4277,0.4419,0.6783,0.258,NMC523,25,1,0.4022,1
0.009394,0.02928,0.02466,0.1186,0.1235,0.1266,NMC111,25,1,0.9938,1
0.07947,0.01842,0.2805,0.3111,0.5092,0.2001,NMC523,25,1,0.03779,1
0.1018,0.03172,0.4085,0.09982,0.3245,0.1008,NMC622,25,1,0.1176,1
0.1815,0.06007,0.2927,0.3379,0.8812,0.5162,NMC532,25,1,0.04317,1
0.1935,0.06289,0.4528,0.2149,1.609,0.215,NMC811,25,1,0.7882,1
0.1223,0.003837,0.1676,0.594,1.008,0.4282,NMC523,25,1,0.9571,1
0.1668,0.06641,0.08526,0.2461,0.6199,0.3856,NMC532,25,1,0.04407,1
0.1315,0.002701,0.2644,0.2259,0.2537,0.2203,NMC111,25,1,0.04295,1
0.02927,0.005635,0.1181,0.1317,1.022,0.1101,NMC811,25,1,0.0292,1
0.1561,0.05911,0.2815,0.2034,1.481,0.1971,NMC811,25,1,0.5392,1
0.02159,0.00772,0.1867,0.2358,0.7062,0.2605,NMC622,25,1,0.02268,1
0.05561,0.09315,0.4307,0.2006,0.1891,0.1857,NMC111,25,1,0.09937,1
0.1972,0.03186,0.3438,0.6759,0.6989,0.6031,NMC111,25,1,1.104,1
0.09749,0.09765,0.1629,0.1487,1.028,0.1415,NMC811,25,1,0.922,1
0.2195,0.02255,0.09627,0.2493,0.4381,0.1539,NMC523,25,1,0.02091,1
0.07564,0.05999,0.3561,0.2627,0.7061,0.231,NMC622,25,1,0.05422,1
0.1672,0.1101,0.03646,0.7801,0.7981,0.7551,NMC111,25,1,0.07368,1
0.08879,0.0087,0.3851,0.908,1.53,0.6284,NMC523,25,1,0.0466,1
0.2037,0.07459,0.3448,0.1506,0.1542,0.1365,NMC111,25,1,0.05287,1
0.08392,0.07126,0.3093,0.1164,0.8926,0.1121,NMC811,25,1,0.09268,1
0.08055,0.03615,0.2944,0.01846,0.03264,0.01267,NMC523,25,1,0.2168,1
0.1036,0.09617,0.3451,0.07154,0.2358,0.07501,NMC622,25,1,0.5947,1
0.0141,0.04454,0.3039,1.023,1.038,0.9746,NMC111,25,1,0.02074,1
0.08285,0.06083,0.3951,0.1492,1.208,0.1467,NMC811,25,1,0.5187,1
0.1443,0.108,0.2604,0.2212,0.3536,0.1455,NMC523,25,1,0.6484,1
0.1324,0.06363,0.4285,0.07863,0.08142,0.08231,NMC111,25,1,1.122,1
0.2236,0.01578,0.3275,0.0279,0.06846,0.04181,NMC532,25,1,1.438,1
0.1564,0.06174,0.3877,0.4435,1.074,0.6055,NMC532,25,1,1.095,1
0.1774,0.09619,0.1422,1.006,0.8403,0.9691,NMC111,25,1,0.0247,1
0.1291,0.01646,0.2134,0.7979,0.8383,0.8791,NMC111,25,1,0.1822,1
0.1768,0.06461,0.2393,0.1919,0.2026,0.1731,NMC111,25,1,0.1908,1
0.1546,0.02279,0.4028,0.05726,0.05395,0.05705,NMC111,25,1,0.5977,1
0.08245,0.06188,0.3491,0.1118,0.8174,0.103,NMC811,25,1,0.1016,1
0.004456,0.08962,0.4007,0.1716,0.1693,0.178,NMC111,25,1,1.36,1
0.09955,0.1107,0.2575,0.464,1.036,0.6407,NMC532,25,1,0.09595,1
0.1067,0.03844,0.4536,0.1019,0.8206,0.1037,NMC811,25,1,0.28,1
0.1344,0.05662,0.007345,0.2077,0.1943,0.2024,NMC111,25,1,0.1491,1
0.08069,0.1078,0.04101,0.0401,0.115,0.04174,NMC622,25,1,0.1173,1
0.1581,0.05652,0.1452,0.4798,1.193,0.7517,NMC532,25,1,0.1261,1
0.04724,0.07484,0.28,0.04569,0.1174,0.0661,NMC532,25,1,1.213,1
0.09512,0.05443,0.07646,0.1796,1.464,0.1826,NMC811,25,1,0.3128,1
0.1595,0.003154,0.2247,0.2558,2.333,0.2739,NMC811,25,1,0.0304,1
0.1356,0.03165,0.1264,0.139,0.4829,0.1313,NMC622,25,1,1.456,1
0.1538,0.09756,0.3571,0.04094,0.3434,0.04274,NMC811,25,1,0.04561,1
0.05689,0.07865,0.3653,0.3186,0.7301,0.4373,NMC532,25,1,0.3094,1
0.227,0.07721,0.4375,0.5835,0.925,0.3745,NMC523,25,1,0.04552,1
0.1995,0.007588,0.1645,0.553,1.061,0.4297,NMC523,25,1,0.3108,1
0.1398,0.03347,0.1474,0.5862,0.4798,0.4766,NMC111,25,1,0.02054,1
0.02467,0.06978,0.278,0.02292,0.1824,0.02479,NMC811,25,1,0.3772,1
0.125,0.035,0.2033,0.4993,0.7593,0.3206,NMC523,25,1,0.02087,1
0.1339,0.03633,0.1406,0.6014,1.725,0.5675,NMC622,25,1,1.048,1
0.2179,0.01142,0.1757,0.7382,1.193,0.5493,NMC523,25,1,0.772,1
0.1918,0.05534,0.09356,0.3333,2.376,0.3433,NMC811,25,1,0.3463,1
0.02132,0.03853,0.06791,0.02089,0.192,0.02229,NMC811,25,1,0.05229,1
0.2012,0.1083,0.1921,0.3005,0.6939,0.4338,NMC532,25,1,1.149,1
0.06804,0.03102,0.4452,0.559,1.714,0.4695,NMC622,25,1,0.02153,1
0.07984,0.1084,0.1466,0.2444,1.941,0.2359,NMC811,25,1,0.7261,1
0.116,0.1012,0.01424,0.8204,0.7432,0.8123,NMC111,25,1,0.03568,1
0.04869,0.004497,0.2786,0.101,0.2658,0.1407,NMC532,25,1,0.5711,1
0.2,0.07763,0.2198,0.06794,0.5371,0.06448,NMC811,25,1,0.06487,1
0.03094,0.05314,0.3739,0.6017,1.739,0.6256,NMC622,25,1,0.0326,1
0.2202,0.07811,0.1239,0.1212,1.02,0.1272,NMC811,25,1,0.4165,1
0.07521,0.05267,0.1623,0.5378,1.223,0.8267,NMC532,25,1,0.3795,1
0.2225,0.1056,0.3597,0.5715,1.675,0.5766,NMC622,25,1,0.223,1
0.05887,0.1065,0.01457,0.6792,0.6817,0.6364,NMC111,25,1,0.2986,1
0.08079,0.01936,0.0446,0.2344,0.6489,0.3628,NMC532,25,1,0.1519,1
0.153,0.1099,0.1442,0.2896,0.465,0.1867,NMC523,25,1,0.4331,1
0.03716,0.09783,0.07893,0.1933,0.3133,0.1231,NMC523,25,1,0.03543,1
0.1189,0.08262,0.2436,0.4802,1.245,0.7917,NMC532,25,1,0.5445,1
0.1398,0.06917,0.1601,0.8607,1.568,0.6332,NMC523,25,1,0.8917,1
0.01719,0.07411,0.2485,0.8393,0.785,0.8015,NMC111,25,1,0.04366,1
0.09729,0.05391,0.2279,0.6182,0.5788,0.6133,NMC111,25,1,0.07215,1
0.08383,0.04445,0.1804,0.008564,0.06141,0.008502,NMC811,25,1,0.07455,1
0.08913,0.1065,0.07396,0.6501,0.6611,0.6349,NMC111,25,1,0.1499,1
0.1506,0.01404,0.3802,0.3434,0.5084,0.2233,NMC523,25,1,0.5291,1
0.03359,0.0933,0.1715,0.2651,2.154,0.251,NMC811,25,1,0.05227,1
0.091,0.09551,0.2614,0.5511,0.48,0.5368,NMC111,25,1,0.2163,1
0.126,0.08131,0.3368,0.01198,0.106,0.01379,NMC811,25,1,0.02998,1
0.2057,0.05704,0.2965,0.5274,1.326,0.9074,NMC532,25,1,0.3646,1
0.1421,0.11,0.2296,0.2076,0.5195,0.3128,NMC532,25,1,0.6373,1
0.09624,0.01491,0.402,0.4355,0.4825,0.4662,NMC111,25,1,0.8241,1
0.0386,0.09001,0.2051,0.9766,0.9814,0.9855,NMC111,25,1,0.5086,1
0.03014,0.1073,0.2226,0.1558,0.276,0.117,NMC523,25,1,0.09139,1
0.1217,0.09268,0.08605,0.14,0.3139,0.1952,NMC532,25,1,0.02171,1
0.08082,0.03262,0.2221,0.1205,0.1762,0.08011,NMC523,25,1,0.1019,1
0.0147,0.06411,0.242,0.2012,1.486,0.1988,NMC811,25,1,0.4497,1
0.06066,0.08997,0.4131,0.02303,0.191,0.02029,NMC811,25,1,0.1242,1
0.203,0.01146,0.3398,0.7154,1.134,0.4467,NMC523,25,1,0.02047,1
0.03146,0.07779,0.2528,0.3222,0.2929,0.3354,NMC111,25,1,0.9256,1
0.08276,0.07185,0.1409,0.302,2.214,0.3062,NMC811,25,1,1.09,1
0.09117,0.01952,0.3064,0.1591,1.148,0.1521,NMC811,25,1,0.2009,1
0.1646,0.03715,0.1415,0.1996,0.5376,0.3076,NMC532,25,1,0.859,1
0.1969,0.09343,0.2759,0.02334,0.1884,0.02265,NMC811,25,1,0.2359,1
0.1826,0.07107,0.2633,0.7164,1.022,0.4328,NMC523,25,1,0.2592,1
0.1058,0.04101,0.3862,0.1304,1.041,0.1285,NMC811,25,1,0.1126,1
0.03279,0.04025,0.4279,0.9539,0.9373,1.028,NMC111,25,1,0.07237,1
0.0368,0.022,0.4212,0.5357,0.5525,0.5464,NMC111,25,1,0.1412,1
0.1488,0.1074,0.4082,0.197,0.5378,0.1881,NMC622,25,1,0.7093,1
0.1777,0.1034,0.1429,0.3224,0.3224,0.3438,NMC111,25,1,0.06222,1
0.1145,0.005648,0.1766,0.4225,1.046,0.6195,NMC532,25,1,0.6925,1
0.05674,0.08418,0.2339,0.4158,1.037,0.6029,NMC532,25,1,0.03153,1
0.008926,0.1015,0.1358,0.1689,0.471,0.3007,NMC532,25,1,0.2834,1
0.1042,0.03486,0.2037,0.2593,0.2474,0.2354,NMC111,25,1,0.2331,1
0.08466,0.02263,0.1049,0.9261,1.455,0.6155,NMC523,25,1,0.4914,1
0.01902,0.07028,0.3466,0.1375,1.153,0.1314,NMC811,25,1,1.21,1
0.1613,0.00658,0.1854,0.101,0.1943,0.07255,NMC523,25,1,0.8086,1
0.04739,0.07931,0.3877,0.02151,0.02215,0.02238,NMC111,25,1,0.07698,1
0.08335,0.05396,0.3658,0.2973,2.345,0.2809,NMC811,25,1,1.433,1
0.03372,0.0335,0.0103,0.2337,2.091,0.2687,NMC811,25,1,0.04809,1
0.1158,0.08051,0.2249,0.2569,0.7946,0.254,NMC622,25,1,0.2636,1
0.1453,0.1082,0.196,0.481,1.287,0.7949,NMC532,25,1,0.05709,1
0.1601,0.06924,0.1234,0.1269,0.1139,0.1286,NMC111,25,1,0.4669,1
0.09344,0.08622,0.1906,0.7033,0.7216,0.6544,NMC111,25,1,0.02443,1
0.06502,0.01799,0.4245,0.3248,0.3087,0.3263,NMC111,25,1,0.5235,1
0.08979,0.04477,0.2434,0.01809,0.1281,0.01604,NMC811,25,1,1.089,1
0.0306,0.08485,0.3048,0.5096,1.317,0.8877,NMC532,25,1,1.311,1
0.0615,0.03213,0.2459,0.09586,0.3083,0.1012,NMC622,25,1,0.0354,1
0.06561,0.06604,0.3402,0.5219,1.708,0.6073,NMC622,25,1,0.0335,1
0.153,0.1008,0.1222,0.3118,0.9132,0.3127,NMC622,25,1,1.018,1
0.1295,0.09861,0.1269,0.2034,0.6391,0.1952,NMC622,25,1,0.3061,1
0.1245,0.08599,0.4464,0.2871,0.8313,0.2409,NMC622,25,1,0.04423,1
0.04823,0.07177,0.05192,0.4486,1.333,0.4361,NMC622,25,1,0.1259,1
0.1009,0.08301,0.143,0.5214,1.641,0.4954,NMC622,25,1,0.7414,1
0.0401,0.01303,0.1418,0.5072,1.315,0.7737,NMC532,25,1,1.378,1
0.01533,0.03058,0.1517,0.04696,0.1414,0.04163,NMC622,25,1,0.3445,1
0.07062,0.08736,0.3423,0.5473,0.8769,0.3738,NMC523,25,1,0.04079,1
0.2086,0.05368,0.3425,0.09523,0.2265,0.1379,NMC532,25,1,0.0628,1
0.1801,0.1097,0.03266,0.2096,1.629,0.1986,NMC811,25,1,0.2306,1
0.1902,0.05174,0.1502,0.02701,0.2212,0.02737,NMC811,25,1,0.4348,1
0.1382,0.05642,0.4175,0.3793,0.9527,0.3416,NMC622,25,1,0.03299,1
0.006803,0.02101,0.3721,0.1993,0.1903,0.176,NMC111,25,1,1.113,1
0.02459,0.03839,0.4418,0.03429,0.2429,0.03252,NMC811,25,1,0.03819,1
0.07631,0.01782,0.1813,1.029,1.004,0.9358,NMC111,25,1,0.08718,1
0.1843,0.07268,0.1848,0.4823,0.9012,0.3363,NMC523,25,1,0.2345,1
0.03479,0.068,0.02551,0.3656,0.6037,0.2431,NMC523,25,1,1.034,1
0.1992,0.03967,0.3611,0.0906,0.6656,0.08376,NMC811,25,1,0.06432,1
0.141,0.08089,0.01975,0.07632,0.06761,0.06709,NMC111,25,1,0.1932,1
0.1455,0.07676,0.4048,0.5244,0.4346,0.5273,NMC111,25,1,0.1779,1
0.1244,0.0833,0.2009,0.5864,0.9775,0.3664,NMC523,25,1,0.5638,1
0.0872,0.04334,0.2546,0.03437,0.0965,0.03154,NMC622,25,1,0.07522,1
0.01512,0.09036,0.3069,0.2354,0.5372,0.3614,NMC532,25,1,0.05165,1
0.02057,0.004935,0.2583,0.1521,1.223,0.1417,NMC811,25,1,0.5107,1
0.03831,0.09245,0.2308,0.5105,1.454,0.4574,NMC622,25,1,0.387,1
0.1193,0.03839,0.0668,0.5287,1.309,0.8455,NMC532,25,1,0.6891,1
0.06226,0.03336,0.02139,0.4584,0.8256,0.3298,NMC523,25,1,0.02094,1
0.2275,0.1039,0.2789,0.2804,2.469,0.2671,NMC811,25,1,0.1528,1
0.1404,0.03652,0.1733,0.6856,0.6932,0.735,NMC111,25,1,0.4623,1
0.1665,0.07601,0.2391,0.06904,0.1751,0.09407,NMC532,25,1,1.311,1
0.1416,0.05194,0.2205,0.3343,0.7947,0.4844,NMC532,25,1,1.219,1
0.1478,0.02997,0.2237,0.8478,0.8722,0.8661,NMC111,25,1,0.05069,1
0.09987,0.08617,0.1178,0.09469,0.7792,0.104,NMC811,25,1,0.07387,1
0.03781,0.08987,0.2365,0.06197,0.09597,0.0395,NMC523,25,1,0.1679,1
0.1568,0.06705,0.3812,0.3938,1.227,0.4652,NMC622,25,1,0.03394,1
0.02331,0.05351,0.02525,0.2033,1.551,0.1766,NMC811,25,1,0.0292,1
0.1022,0.01601,0.3254,0.2044,1.739,0.2167,NMC811,25,1,1.255,1
0.0377,0.04303,0.3652,0.346,0.557,0.2095,NMC523,25,1,0.382,1
0.1871,0.06202,0.08428,0.2628,2.324,0.2971,NMC811,25,1,0.278,1
0.05172,0.08796,0.05513,0.07655,0.6464,0.07395,NMC811,25,1,0.9908,1
0.1334,0.00394,0.1571,0.2563,2.167,0.2739,NMC811,25,1,0.4252,1
0.2192,0.1073,0.4206,0.01526,0.1178,0.01528,NMC811,25,1,0.1619,1
0.193,0.1057,0.3797,0.1283,0.3882,0.1294,NMC622,25,1,0.06786,1
0.09624,0.06108,0.1106,0.5311,1.334,0.8202,NMC532,25,1,0.04033,1
0.2155,0.1113,0.01863,0.4613,1.093,0.7089,NMC532,25,1,0.5591,1
0.1241,0.06144,0.3456,0.4327,0.7365,0.2748,NMC523,25,1,0.1404,1
0.0904,0.05302,0.4048,0.6256,1.689,0.6199,NMC622,25,1,0.7018,1
0.06731,0.05549,0.2349,0.374,0.3931,0.4181,NMC111,25,1,0.6121,1
0.003845,0.09376,0.2464,0.1112,0.1795,0.08297,NMC523,25,1,1.46,1
0.1627,0.0548,0.3099,0.5827,0.5799,0.5964,NMC111,25,1,0.7699,1
0.1898,0.1013,0.11,0.219,0.6594,0.2267,NMC622,25,1,0.3654,1
0.1669,0.00358,0.3707,0.4784,1.496,0.5523,NMC622,25,1,0.03583,1
0.1199,0.03685,0.4464,0.006593,0.05206,0.007159,NMC811,25,1,0.03126,1
0.112,0.09933,0.3091,0.8199,1.417,0.5327,NMC523,25,1,0.4002,1
0.009233,0.03732,0.198,0.1863,0.3255,0.1279,NMC523,25,1,0.1695,1
0.01077,0.09829,0.0779,0.1831,0.5037,0.1753,NMC622,25,1,0.1589,1
0.07869,0.02115,0.2147,0.2869,0.6829,0.4439,NMC532,25,1,0.06374,1
0.08034,0.07881,0.06065,0.7822,0.8166,0.7441,NMC111,25,1,0.02824,1
0.1023,0.02072,0.1195,0.1451,1.234,0.1515,NMC811,25,1,0.2223,1
0.1664,0.1103,0.4012,0.3588,0.3938,0.3552,NMC111,25,1,0.04826,1
0.1548,0.02454,0.1088,0.07907,0.1262,0.05456,NMC523,25,1,0.1269,1
0.1117,0.002144,0.2702,0.08357,0.1877,0.1126,NMC532,25,1,0.02681,1
0.1339,0.07301,0.01802,0.6641,1.118,0.4862,NMC523,25,1,0.03545,1
0.08247,0.09045,0.4075,0.9269,0.8328,0.7867,NMC111,25,1,0.6422,1
0.03237,0.05914,0.4106,0.894,0.9009,0.8083,NMC111,25,1,0.4184,1
0.09606,0.09024,0.4417,0.196,0.488,0.2764,NMC532,25,1,0.1959,1
0.2135,0.05374,0.4109,0.3676,0.9139,0.5463,NMC532,25,1,0.3218,1
0.04757,0.03945,0.4475,0.2827,0.4321,0.1682,NMC523,25,1,0.3293,1
0.04104,0.03184,0.4555,0.3952,0.6708,0.2441,NMC523,25,1,0.07882,1
0.09317,0.03443,0.03206,0.4766,0.4254,0.4477,NMC111,25,1,0.03142,1
0.05035,0.02187,0.09241,0.2001,0.4819,0.3172,NMC532,25,1,0.337,1
0.01834,0.09697,0.3765,0.1876,1.743,0.2001,NMC811,25,1,0.1717,1
0.01707,0.0423,0.4241,0.6213,0.5862,0.6364,NMC111,25,1,0.2645,1
0.07374,0.0617,0.1716,0.07756,0.1796,0.1128,NMC532,25,1,0.02109,1
0.2025,0.1101,0.2424,0.3153,0.6406,0.2468,NMC523,25,1,0.8228,1
0.05104,0.003534,0.09155,0.4083,1.179,0.3718,NMC622,25,1,0.02547,1
0.2052,0.0974,0.1721,0.4697,0.5009,0.5117,NMC111,25,1,0.1288,1
0.08347,0.03567,0.3357,0.05221,0.45,0.05639,NMC811,25,1,0.02806,1
0.09764,0.09327,0.09,0.58,1.45,0.8046,NMC532,25,1,0.02368,1
0.2109,0.1061,0.1787,0.5318,0.9438,0.3514,NMC523,25,1,0.141,1
0.0877,0.09351,0.4089,0.7483,0.8617,0.853,NMC111,25,1,0.6684,1
0.07929,0.07741,0.01235,0.5184,1.31,0.4837,NMC622,25,1,0.03976,1
0.1988,0.07398,0.2992,0.1458,0.4441,0.1525,NMC622,25,1,0.09562,1
0.2106,0.09444,0.3955,0.2123,0.6534,0.2189,NMC622,25,1,0.8275,1
0.03096,0.09047,0.03409,0.0494,0.06995,0.03168,NMC523,25,1,1.318,1
0.1663,0.08422,0.1435,0.4071,1.116,0.5929,NMC532,25,1,0.3844,1
0.04746,0.1099,0.2443,0.177,0.4566,0.2821,NMC532,25,1,0.1417,1
0.02603,0.105,0.2603,0.5689,1.262,0.7505,NMC532,25,1,0.09633,1
0.01711,0.07014,0.3653,0.05365,0.3801,0.05238,NMC811,25,1,0.2812,1
0.0784,0.0524,0.07169,0.1693,1.313,0.1631,NMC811,25,1,0.08502,1
0.07917,0.05817,0.3756,0.5506,0.9998,0.3711,NMC523,25,1,0.02595,1
0.004577,0.01786,0.1877,0.08927,0.09941,0.1018,NMC111,25,1,0.2561,1
0.02668,0.06105,0.1041,0.2807,0.2715,0.2861,NMC111,25,1,0.1036,1
0.2275,0.09609,0.4513,0.05325,0.1217,0.07135,NMC532,25,1,0.03909,1
0.01897,0.07554,0.2541,0.8702,0.9259,0.8442,NMC111,25,1,0.6163,1
0.09685,0.03405,0.09096,0.5987,0.9323,0.3886,NMC523,25,1,0.08545,1
0.1308,0.02448,0.4407,0.1422,1.183,0.1445,NMC811,25,1,0.03035,1
0.03528,0.0713,0.1323,0.2181,0.6493,0.2156,NMC622,25,1,0.78,1
0.1179,0.04281,0.2073,0.2288,0.5453,0.3196,NMC532,25,1,1.302,1
0.1834,0.04574,0.1544,0.4577,0.7284,0.3123,NMC523,25,1,0.4899,1
0.05224,0.04042,0.25,0.01322,0.1061,0.01463,NMC811,25,1,0.07707,1
0.1867,0.01472,0.09703,0.2561,0.6132,0.3466,NMC532,25,1,0.5069,1
0.2159,0.02246,0.04642,0.2067,0.586,0.1964,NMC622,25,1,0.02042,1
0.03303,0.08395,0.128,0.8154,1.365,0.5467,NMC523,25,1,0.1027,1
0.08791,0.05628,0.08632,0.2442,0.2249,0.2418,NMC111,25,1,0.06072,1
0.06948,0.07444,0.169,0.1797,0.5427,0.1908,NMC622,25,1,0.06887,1
0.01959,0.02811,0.1002,0.04048,0.0703,0.02698,NMC523,25,1,0.0219,1
0.01751,0.06968,0.05389,0.1836,0.5752,0.1775,NMC622,25,1,0.169,1
0.135,0.06065,0.0869,0.1106,0.1181,0.1309,NMC111,25,1,0.09614,1
0.1427,0.1078,0.3824,0.7391,0.7749,0.8568,NMC111,25,1,0.0854,1
0.1272,0.03482,0.02452,0.7985,0.798,0.8736,NMC111,25,1,0.06668,1
0.0616,0.08558,0.2977,0.5658,1.405,0.8534,NMC532,25,1,0.0222,1
0.02354,0.07867,0.2552,0.02458,0.07428,0.02474,NMC622,25,1,0.2224,1
0.04008,0.01007,0.4364,0.08526,0.2094,0.1173,NMC532,25,1,0.09998,1
0.1913,0.08128,0.3054,0.07334,0.5298,0.06929,NMC811,25,1,0.02853,1
0.2176,0.03001,0.1833,0.7345,0.7604,0.766,NMC111,25,1,0.08383,1
0.1111,0.04515,0.05713,0.01948,0.01953,0.01894,NMC111,25,1,0.07912,1
0.0526,0.09542,0.1626,0.4064,0.7858,0.2872,NMC523,25,1,0.08044,1
0.1004,0.007153,0.2745,0.3463,0.3511,0.3338,NMC111,25,1,0.9539,1
0.2085,0.06553,0.442,0.9727,1.004,1.053,NMC111,25,1,0.3181,1
0.03547,0.0639,0.2285,0.2052,0.3185,0.1403,NMC523,25,1,0.9609,1
0.1083,0.02413,0.3263,0.2718,0.2937,0.2813,NMC111,25,1,1.235,1
0.02184,0.006061,0.4261,0.5534,0.5705,0.6196,NMC111,25,1,0.4007,1
0.1979,0.07407,0.3335,0.1382,1.205,0.1369,NMC811,25,1,0.6985,1
0.01058,0.01627,0.2843,0.6758,0.6789,0.6624,NMC111,25,1,0.1393,1
0.1182,0.09771,0.04749,0.2869,2,0.2338,NMC811,25,1,1.155,1
0.1144,0.04962,0.3595,0.6947,0.6573,0.6605,NMC111,25,1,0.5879,1
0.0227,0.03137,0.007273,0.4507,1.387,0.4839,NMC622,25,1,0.3608,1
0.02194,0.03073,0.245,0.326,0.3406,0.3524,NMC111,25,1,1.374,1
0.1149,0.02795,0.252,0.4987,1.168,0.7926,NMC532,25,1,0.3185,1
0.1813,0.09645,0.1557,0.09917,0.7995,0.1028,NMC811,25,1,0.0453,1
0.02479,0.0195,0.2035,0.3643,0.5915,0.2344,NMC523,25,1,0.05415,1
0.1952,0.04182,0.2782,0.1926,1.75,0.2242,NMC811,25,1,0.02504,1
0.1133,0.05986,0.3747,0.3164,0.8977,0.2869,NMC622,25,1,0.4116,1
0.2101,0.08488,0.3701,0.5509,0.5915,0.5217,NMC111,25,1,0.03387,1
0.1921,0.006972,0.0412,0.8927,0.9525,0.9283,NMC111,25,1,0.02755,1
0.1833,0.08988,0.2626,0.2465,1.966,0.2375,NMC811,25,1,0.6319,1
0.1994,0.07645,0.2061,0.2685,2.136,0.2479,NMC811,25,1,0.0294,1
0.02933,0.07939,0.152,0.57,0.9824,0.3901,NMC523,25,1,0.03436,1
0.1168,0.1048,0.02715,0.09866,0.8503,0.09733,NMC811,25,1,0.6029,1
0.2123,0.04548,0.3288,0.2699,0.4457,0.1596,NMC523,25,1,0.07754,1
0.009575,0.03853,0.03137,0.06266,0.1475,0.08064,NMC532,25,1,1.445,1
0.01968,0.005422,0.3425,0.6148,1.416,0.9393,NMC532,25,1,0.204,1
0.07474,0.1018,0.3804,0.2011,0.1955,0.2014,NMC111,25,1,0.1643,1
0.1614,0.01066,0.06528,0.3398,1.096,0.3178,NMC622,25,1,0.5101,1
0.1437,0.08638,0.2766,0.4564,1.122,0.6507,NMC532,25,1,0.06115,1
0.1671,0.003141,0.1218,1.031,0.9677,0.9667,NMC111,25,1,0.8386,1
0.02013,0.1011,0.08386,0.1183,1.038,0.1193,NMC811,25,1,0.6887,1
0.1654,0.03645,0.3207,0.5337,1.325,0.7503,NMC532,25,1,0.2595,1
0.1344,0.02807,0.1095,0.2773,0.7011,0.4061,NMC532,25,1,0.6508,1
0.1472,0.1008,0.008235,0.09156,0.6613,0.08199,NMC811,25,1,0.3304,1
0.1403,0.1066,0.08687,0.4817,1.516,0.535,NMC622,25,1,0.5115,1
0.0859,0.04509,0.184,0.01689,0.04972,0.01644,NMC622,25,1,1.045,1
0.1333,0.09097,0.03937,0.4769,0.8158,0.3366,NMC523,25,1,0.02351,1
0.1973,0.08727,0.08597,0.2635,0.7289,0.2798,NMC622,25,1,0.1073,1
0.05826,0.09071,0.05983,0.5031,1.48,0.4873,NMC622,25,1,0.5024,1
0.03416,0.0552,0.2798,0.1982,1.873,0.2025,NMC811,25,1,0.03277,1
0.1841,0.1029,0.449,0.4855,0.5429,0.5262,NMC111,25,1,1.188,1
0.1192,0.1029,0.1359,0.383,0.4001,0.4126,NMC111,25,1,1.462,1
0.09688,0.01894,0.04081,0.4109,1.287,0.4484,NMC622,25,1,0.2553,1
0.01766,0.05477,0.1144,0.9114,1.366,0.6216,NMC523,25,1,0.3445,1
0.2241,0.09808,0.08102,0.7608,0.7595,0.7542,NMC111,25,1,0.1108,1
0.1036,0.1008,0.1381,0.5085,0.8673,0.3678,NMC523,25,1,0.595,1
0.1126,0.04758,0.1445,0.129,0.365,0.2243,NMC532,25,1,0.1115,1
0.1,0.08724,0.1404,0.4678,0.6535,0.3032,NMC523,25,1,0.1,1
0.1947,0.01426,0.3661,0.5744,1.368,0.8152,NMC532,25,1,0.03538,1
0.08014,0.04519,0.4177,0.07601,0.211,0.06791,NMC622,25,1,0.5271,1
0.05503,0.09687,0.04,0.1115,0.2849,0.1608,NMC532,25,1,0.02924,1
0.1806,0.07389,0.4486,0.4645,0.7483,0.3159,NMC523,25,1,0.02224,1
0.1308,0.0125,0.2462,0.1739,0.314,0.1263,NMC523,25,1,0.04349,1
0.04467,0.01354,0.0633,0.08922,0.223,0.1221,NMC532,25,1,1.449,1
0.1095,0.01767,0.149,0.2264,1.699,0.2179,NMC811,25,1,1.076,1
0.1174,0.02398,0.2899,0.1457,0.139,0.1397,NMC111,25,1,0.02283,1
0.1702,0.06811,0.1417,0.109,0.8873,0.1151,NMC811,25,1,1.141,1
0.1291,0.102,0.1173,0.3134,0.816,0.5065,NMC532,25,1,0.05137,1
0.1549,0.0514,0.3592,0.1593,1.291,0.1675,NMC811,25,1,0.8455,1
0.1728,0.04393,0.252,0.9459,0.8782,0.9197,NMC111,25,1,0.1712,1
0.2048,0.05537,0.1747,0.3714,1.101,0.3296,NMC622,25,1,0.02212,1
0.1855,0.0962,0.3063,0.01032,0.03194,0.01033,NMC622,25,1,0.3569,1
0.04056,0.1038,0.1527,0.2097,0.7012,0.2249,NMC622,25,1,0.02249,1
0.06518,0.09216,0.4044,0.1703,1.268,0.149,NMC811,25,1,0.7334,1
0.22,0.07258,0.4397,1.014,1.064,1.015,NMC111,25,1,0.02601,1
0.1096,0.05119,0.2594,0.7612,1.313,0.5398,NMC523,25,1,0.1163,1
0.1354,0.01078,0.1805,0.3953,1.003,0.5203,NMC532,25,1,0.04356,1
0.06036,0.04492,0.2807,0.5253,1.447,0.4871,NMC622,25,1,0.3246,1
0.1761,0.09307,0.2476,0.09317,0.2861,0.0992,NMC622,25,1,0.07228,1
0.1554,0.02401,0.03936,0.3833,0.4105,0.3979,NMC111,25,1,0.634,1
0.01811,0.0386,0.1375,0.6726,1.11,0.4287,NMC523,25,1,0.3626,1
0.1523,0.09846,0.06583,0.3744,0.3861,0.4126,NMC111,25,1,0.02715,1
0.1767,0.1092,0.4043,0.3134,0.3284,0.3264,NMC111,25,1,0.6556,1
0.04145,0.07439,0.2398,0.1993,1.464,0.1984,NMC811,25,1,0.03226,1
0.02454,0.03576,0.302,0.6743,1.038,0.4693,NMC523,25,1,0.1069,1
0.1187,0.06514,0.4455,0.1316,0.1161,0.1209,NMC111,25,1,0.021,1
0.2232,0.0316,0.3737,0.2107,1.695,0.2022,NMC811,25,1,0.09541,1
0.1908,0.08115,0.1741,0.06075,0.1528,0.09703,NMC532,25,1,0.1087,1
0.07808,0.09167,0.3789,0.6226,0.6286,0.6273,NMC111,25,1,0.246,1
0.02007,0.03581,0.2794,0.06744,0.5851,0.06775,NMC811,25,1,0.4158,1
0.04214,0.06792,0.04543,0.218,1.943,0.2307,NMC811,25,1,0.02124,1
0.05947,0.09218,0.05142,0.3318,0.3364,0.3007,NMC111,25,1,0.3596,1
0.1182,0.01848,0.3979,0.2437,0.2264,0.2193,NMC111,25,1,0.4755,1
0.1707,0.02646,0.4216,0.2289,1.898,0.2446,NMC811,25,1,0.02738,1
0.1051,0.03757,0.1797,0.3404,1.032,0.3296,NMC622,25,1,0.1386,1
0.1821,0.01468,0.1489,0.5576,1.681,0.6334,NMC622,25,1,0.852,1
0.1591,0.08572,0.1608,0.03981,0.1257,0.04651,NMC622,25,1,0.1288,1
0.0777,0.03832,0.3518,0.8025,1.207,0.4813,NMC523,25,1,0.02194,1
0.09329,0.0434,0.2815,0.4675,1.274,0.7707,NMC532,25,1,0.03945,1
0.02503,0.03068,0.1988,0.5308,1.838,0.601,NMC622,25,1,1.022,1
0.2063,0.06953,0.4155,0.4957,1.347,0.7353,NMC532,25,1,0.02656,1
0.2,0.008282,0.2234,0.2146,0.3796,0.133,NMC523,25,1,0.03422,1
0.1752,0.01584,0.04249,0.8782,1.008,0.9215,NMC111,25,1,0.2403,1
0.137,0.04484,0.2087,0.647,0.9892,0.4108,NMC523,25,1,0.4952,1
0.006466,0.09138,0.1927,0.9143,0.911,0.8886,NMC111,25,1,0.235,1
0.1291,0.01586,0.4256,0.572,1.504,0.8218,NMC532,25,1,0.05697,1
0.01293,0.03832,0.4141,0.9613,0.8918,0.9604,NMC111,25,1,1.138,1
0.05046,0.0329,0.2109,0.8264,1.267,0.5347,NMC523,25,1,0.3468,1
0.04608,0.06262,0.3403,0.569,1.463,0.7311,NMC532,25,1,0.02849,1
0.03671,0.04611,0.336,0.2184,1.813,0.2148,NMC811,25,1,0.2659,1
0.1307,0.08065,0.4113,0.2721,2.264,0.2649,NMC811,25,1,0.2182,1
0.1413,0.05165,0.0843,0.08902,0.2414,0.08874,NMC622,25,1,1.256,1
0.151,0.04026,0.3473,0.6,1.356,0.7898,NMC532,25,1,1.167,1
0.2266,0.04863,0.008309,0.1617,1.401,0.184,NMC811,25,1,0.1049,1
0.1204,0.09824,0.1324,0.3542,0.6071,0.2277,NMC523,25,1,0.08458,1
0.174,0.05222,0.04943,0.08375,0.2075,0.1279,NMC532,25,1,0.2077,1
0.2268,0.07764,0.1811,0.6421,1.246,0.502,NMC523,25,1,0.03653,1
0.1061,0.02441,0.3291,0.3415,0.3558,0.3497,NMC111,25,1,0.0251,1
0.1425,0.01948,0.2366,0.1505,1.216,0.1417,NMC811,25,1,0.02315,1
0.1514,0.09813,0.3351,0.1773,0.578,0.1852,NMC622,25,1,0.9036,1
0.0419,0.03651,0.1226,0.7882,1.383,0.6151,NMC523,25,1,0.04671,1
0.02104,0.01813,0.1396,0.1282,0.1484,0.1543,NMC111,25,1,0.1701,1
0.1538,0.09614,0.1501,0.5291,1.478,0.5151,NMC622,25,1,0.2501,1
0.2218,0.0989,0.3309,0.1631,0.2846,0.115,NMC523,25,1,0.03244,1
0.1437,0.0801,0.3226,0.1196,0.2014,0.08315,NMC523,25,1,0.08735,1
0.1681,0.1015,0.4147,0.2576,0.2799,0.244,NMC111,25,1,0.03897,1
0.02573,0.0105,0.2114,0.209,0.5929,0.1927,NMC622,25,1,0.02943,1
0.03618,0.08386,0.3948,0.1169,0.3518,0.1143,NMC622,25,1,0.2082,1
0.1146,0.05956,0.333,0.1998,0.5264,0.2721,NMC532,25,1,0.6879,1
0.09712,0.08524,0.2348,0.1176,0.1915,0.07169,NMC523,25,1,0.3287,1
0.05491,0.03637,0.1001,0.02644,0.08266,0.02728,NMC622,25,1,0.928,1
0.1156,0.07999,0.4193,0.9329,0.9855,0.8786,NMC111,25,1,1.024,1
0.1066,0.02038,0.1184,0.8802,1.555,0.5663,NMC523,25,1,0.1669,1
0.07078,0.07371,0.2425,0.2886,0.3026,0.278,NMC111,25,1,0.1013,1
0.02718,0.09126,0.3521,0.3389,1.145,0.318,NMC622,25,1,0.2922,1
0.06726,0.08162,0.3984,0.6561,1.695,0.5866,NMC622,25,1,0.3714,1
0.1658,0.04702,0.03326,0.1279,0.9644,0.1249,NMC811,25,1,0.283,1
0.08083,0.08212,0.3246,0.3853,1.11,0.3684,NMC622,25,1,0.161,1
0.1854,0.05195,0.1118,0.262,2.112,0.267,NMC811,25,1,0.2209,1
0.08085,0.0436,0.3159,0.2479,0.309,0.2905,NMC111,25,1,0.4784,1
0.1637,0.05867,0.403,0.4652,0.7071,0.2821,NMC523,25,1,0.4329,1
0.03179,0.01638,0.07968,0.3052,0.9702,0.3019,NMC622,25,1,0.09378,1
0.1388,0.1003,0.1191,0.09166,0.2435,0.1449,NMC532,25,1,0.03665,1
0.0244,0.08832,0.401,0.2004,1.62,0.1892,NMC811,25,1,0.4543,1
0.06843,0.1058,0.03408,0.5831,0.6392,0.5999,NMC111,25,1,0.9676,1
0.2097,0.06775,0.2276,0.3645,0.3431,0.337,NMC111,25,1,0.123,1
0.1338,0.09288,0.2855,0.5541,1.444,0.9924,NMC532,25,1,0.8236,1
0.2098,0.1003,0.259,0.358,1.028,0.3546,NMC622,25,1,0.02851,1
0.03756,0.0292,0.08098,0.2726,0.2815,0.2741,NMC111,25,1,0.08767,1
0.1144,0.08055,0.02506,0.2545,2.136,0.2826,NMC811,25,1,0.1111,1
0.09125,0.01941,0.272,0.9496,0.957,0.9916,NMC111,25,1,0.04905,1
0.009691,0.04385,0.1213,0.5236,1.221,0.6678,NMC532,25,1,0.4366,1
0.2252,0.08834,0.02152,0.622,0.5434,0.5954,NMC111,25,1,0.05493,1
0.02248,0.03759,0.13,0.01053,0.02757,0.01683,NMC532,25,1,0.4316,1
0.1663,0.003453,0.2481,0.1784,1.516,0.1821,NMC811,25,1,1.251,1
0.02202,0.08071,0.01553,0.05848,0.05942,0.06499,NMC111,25,1,0.2506,1
0.02295,0.02772,0.03005,0.1558,0.4088,0.2384,NMC532,25,1,0.2132,1
0.003922,0.09039,0.4032,0.5978,1.887,0.5627,NMC622,25,1,1.472,1
0.1385,0.02507,0.02249,0.3808,0.9812,0.6341,NMC532,25,1,0.0277,1
0.1125,0.09136,0.3148,0.3938,0.4137,0.4099,NMC111,25,1,0.08584,1
0.04708,0.05151,0.03112,0.05726,0.05976,0.06126,NMC111,25,1,0.03569,1
0.1904,0.06859,0.05422,0.2324,0.6524,0.2418,NMC622,25,1,1.037,1
0.1256,0.03422,0.3759,0.252,0.2509,0.2441,NMC111,25,1,0.03624,1
0.07701,0.06863,0.0283,0.4683,1.151,0.8065,NMC532,25,1,0.7211,1
0.05248,0.01375,0.05844,0.8034,0.8512,0.7743,NMC111,25,1,0.04299,1
0.1101,0.08809,0.03298,0.424,0.7215,0.2688,NMC523,25,1,0.06201,1
0.05201,0.05862,0.3018,0.02106,0.01893,0.02075,NMC111,25,1,0.3285,1
0.1838,0.07306,0.009852,0.2293,0.6658,0.2404,NMC622,25,1,0.6106,1
0.2211,0.05863,0.1423,0.1243,0.2125,0.08,NMC523,25,1,0.09576,1
0.02061,0.101,0.1307,0.2008,1.467,0.1744,NMC811,25,1,0.06611,1
0.08815,0.0956,0.2838,0.1223,0.8722,0.1091,NMC811,25,1,0.03101,1
0.2156,0.07001,0.04397,0.06042,0.1748,0.06243,NMC622,25,1,0.6628,1
0.1894,0.06688,0.09677,0.2854,2.136,0.306,NMC811,25,1,1.371,1
0.1406,0.1109,0.09454,0.5475,1.26,0.7613,NMC532,25,1,0.0337,1
0.08352,0.09693,0.1445,0.1678,0.446,0.1606,NMC622,25,1,0.1017,1
0.1322,0.1081,0.06742,0.991,1.069,1.028,NMC111,25,1,0.06314,1
0.01318,0.1109,0.3417,0.5364,1.41,0.836,NMC532,25,1,0.4311,1
0.03312,0.03458,0.1318,0.2093,1.685,0.2136,NMC811,25,1,1.37,1
0.2214,0.02489,0.2841,0.5663,1.243,0.7654,NMC532,25,1,0.04285,1
0.1082,0.08974,0.07408,0.1626,0.421,0.2551,NMC532,25,1,0.5422,1
0.06851,0.049,0.02442,0.3153,0.7678,0.4452,NMC532,25,1,0.03562,1
0.07907,0.01382,0.2643,0.07212,0.2107,0.1156,NMC532,25,1,0.06324,1
0.2219,0.07621,0.2234,0.8088,1.496,0.5738,NMC523,25,1,0.4613,1
0.1005,0.04903,0.2635,0.2778,0.6766,0.4112,NMC532,25,1,0.05141,1
0.01358,0.02438,0.225,0.1112,0.9322,0.1109,NMC811,25,1,0.04489,1
0.163,0.02036,0.2647,0.3387,0.5286,0.2077,NMC523,25,1,1.192,1
0.1066,0.09135,0.1039,0.3182,0.842,0.4861,NMC532,25,1,0.03366,1
0.1454,0.08974,0.2929,0.1595,0.2667,0.1053,NMC523,25,1,0.1733,1
0.1081,0.09561,0.1966,0.3455,0.9846,0.3435,NMC622,25,1,0.02135,1
0.063,0.02102,0.2526,0.09566,0.2995,0.1023,NMC622,25,1,0.123,1
0.07991,0.1061,0.3193,0.3423,1.028,0.3348,NMC622,25,1,0.5648,1
0.2077,0.08795,0.3294,0.447,1.174,0.7312,NMC532,25,1,0.6682,1
0.01446,0.01515,0.009512,0.8225,1.289,0.4823,NMC523,25,1,0.4483,1
0.07617,0.05436,0.1938,0.1604,0.2658,0.1022,NMC523,25,1,0.05451,1
0.1423,0.02777,0.1326,0.7292,0.7344,0.6886,NMC111,25,1,0.09047,1
0.1803,0.0802,0.2378,0.95,1.039,0.9792,NMC111,25,1,0.3904,1
0.2154,0.03796,0.3278,0.633,1.021,0.3862,NMC523,25,1,0.09116,1
0.1313,0.03383,0.3004,0.3322,0.6382,0.2254,NMC523,25,1,0.4505,1
0.02602,0.05611,0.07648,0.1998,0.1783,0.2061,NMC111,25,1,0.8213,1
0.2136,0.04501,0.1189,0.7609,0.8089,0.7921,NMC111,25,1,0.06489,1
0.0824,0.04929,0.2753,0.03601,0.263,0.0301,NMC811,25,1,0.6317,1
0.1908,0.02174,0.3804,0.2558,0.7101,0.2606,NMC622,25,1,0.7374,1
0.05339,0.05234,0.09436,0.8613,1.282,0.5325,NMC523,25,1,0.8943,1
0.2235,0.09282,0.09944,0.3146,0.8431,0.528,NMC532,25,1,0.03065,1
0.05977,0.1086,0.1281,0.9059,0.9787,0.9507,NMC111,25,1,0.02778,1
0.02638,0.06919,0.4505,0.0465,0.3464,0.04291,NMC811,25,1,1.154,1
0.03937,0.04465,0.03687,0.1977,0.1925,0.2015,NMC111,25,1,1.114,1
0.2264,0.003891,0.3804,0.4257,0.9841,0.6746,NMC532,25,1,0.5373,1
0.1924,0.1039,0.09447,0.06482,0.5785,0.05762,NMC811,25,1,0.02448,1
0.1973,0.07326,0.1601,0.2464,0.4013,0.1594,NMC523,25,1,1.056,1
0.005543,0.07113,0.4241,0.4221,0.4275,0.4525,NMC111,25,1,0.02666,1
0.08279,0.003936,0.3704,0.7138,0.716,0.7356,NMC111,25,1,0.1731,1
0.1068,0.01536,0.1322,0.3097,2.447,0.318,NMC811,25,1,0.1179,1
0.2104,0.1016,0.08952,0.07224,0.65,0.07667,NMC811,25,1,0.1285,1
0.08272,0.1079,0.4553,0.154,0.1424,0.1535,NMC111,25,1,0.1797,1
0.1033,0.08915,0.1702,0.5907,1.785,0.6084,NMC622,25,1,0.03563,1
0.01984,0.04398,0.2376,0.1708,0.4588,0.1578,NMC622,25,1,0.1894,1
0.136,0.1078,0.235,0.0308,0.07735,0.0474,NMC532,25,1,0.2058,1
0.02181,0.02134,0.06111,0.3724,0.6694,0.2571,NMC523,25,1,1.171,1
0.1557,0.02962,0.1015,0.5435,1.469,0.5491,NMC622,25,1,0.656,1
0.1102,0.08247,0.4325,0.8045,0.8221,0.8335,NMC111,25,1,0.233,1
0.08511,0.01253,0.4011,0.2106,1.599,0.1984,NMC811,25,1,0.03171,1
0.08733,0.02622,0.009409,0.2737,0.8199,0.2554,NMC622,25,1,0.8067,1
0.1038,0.03663,0.04876,0.5451,0.7992,0.3353,NMC523,25,1,0.2369,1
0.216,0.07748,0.4277,0.05515,0.4699,0.05788,NMC811,25,1,0.1193,1
0.2275,0.007442,0.3986,0.1475,0.2261,0.1055,NMC523,25,1,0.5261,1
0.03816,0.07599,0.2379,0.1797,1.359,0.1788,NMC811,25,1,0.2769,1
0.07107,0.05962,0.1725,0.311,0.8121,0.5149,NMC532,25,1,0.8993,1
0.1146,0.06152,0.05366,0.5527,1.841,0.5421,NMC622,25,1,0.7473,1
0.1679,0.1021,0.389,0.01018,0.02604,0.01482,NMC532,25,1,0.1963,1
0.141,0.1038,0.2899,0.1316,0.3309,0.1824,NMC532,25,1,1.238,1
0.04601,0.107,0.1592,0.08316,0.7312,0.08037,NMC811,25,1,0.08651,1
0.02625,0.01575,0.3206,0.7119,0.7134,0.7254,NMC111,25,1,0.02568,1
0.08355,0.1087,0.2244,0.4541,1.61,0.5361,NMC622,25,1,0.1224,1
0.121,0.071,0.1428,0.8029,1.266,0.5725,NMC523,25,1,0.2639,1
0.08608,0.002811,0.1139,0.4189,0.4537,0.4045,NMC111,25,1,1.343,1
0.07127,0.0185,0.03034,0.1515,1.328,0.1538,NMC811,25,1,0.0203,1
0.1508,0.08542,0.4117,0.2784,2.325,0.2948,NMC811,25,1,0.03883,1
0.08007,0.07685,0.01076,0.5526,0.8663,0.3441,NMC523,25,1,0.1847,1
0.1942,0.1018,0.2881,0.4499,1.178,0.7122,NMC532,25,1,0.07979,1
0.1274,0.0674,0.1156,0.753,0.7242,0.6838,NMC111,25,1,0.1646,1
0.1007,0.05041,0.4223,0.4489,1.097,0.6445,NMC532,25,1,0.4306,1
0.1302,0.04658,0.1918,0.9715,0.9812,0.8918,NMC111,25,1,0.09022,1
0.2031,0.03091,0.4308,0.1193,0.3672,0.1298,NMC622,25,1,0.08241,1
0.1033,0.09724,0.2587,0.2322,0.3677,0.1567,NMC523,25,1,0.1455,1
0.07467,0.01944,0.3393,0.474,1.143,0.713,NMC532,25,1,0.05154,1
0.1319,0.08323,0.1931,0.02844,0.1008,0.03293,NMC622,25,1,0.1883,1
0.02202,0.03308,0.2817,0.4728,0.7818,0.3201,NMC523,25,1,0.8813,1
0.1426,0.094,0.06722,0.9962,1.013,0.9882,NMC111,25,1,0.1539,1
0.06648,0.0508,0.4073,0.3926,0.663,0.2571,NMC523,25,1,0.9192,1
0.1788,0.1043,0.09993,0.3607,1.168,0.3629,NMC622,25,1,0.05876,1
0.02593,0.02323,0.1534,0.5394,1.291,0.8886,NMC532,25,1,0.582,1
0.07347,0.105,0.2177,1.02,1.018,0.9554,NMC111,25,1,0.05026,1
0.153,0.05697,0.2821,0.4856,1.444,0.4794,NMC622,25,1,0.06777,1
0.02918,0.03361,0.4231,0.06659,0.5345,0.0668,NMC811,25,1,0.549,1
0.05725,0.05156,0.1305,0.3424,1.038,0.3172,NMC622,25,1,0.9274,1
0.125,0.07503,0.4319,0.8607,1.483,0.6414,NMC523,25,1,1.272,1
0.009012,0.02783,0.03667,0.2477,0.665,0.3888,NMC532,25,1,0.08016,1
0.07255,0.02748,0.1139,0.7976,1.397,0.6307,NMC523,25,1,0.02328,1
0.1064,0.01077,0.4392,0.7127,0.7224,0.7136,NMC111,25,1,0.2983,1
0.01037,0.04201,0.08601,0.1943,1.842,0.2092,NMC811,25,1,0.4819,1
0.2057,0.07236,0.09434,0.6266,0.9407,0.4235,NMC523,25,1,0.06044,1
0.1453,0.04862,0.3873,0.425,0.9851,0.6341,NMC532,25,1,0.08231,1
0.1731,0.02526,0.09486,0.2812,2.374,0.2735,NMC811,25,1,0.5825,1
0.09547,0.05422,0.008214,0.547,1.342,0.8608,NMC532,25,1,0.2593,1
0.05714,0.07237,0.04074,0.6049,1.06,0.4255,NMC523,25,1,0.06245,1
0.1979,0.06281,0.3965,0.2244,1.957,0.2363,NMC811,25,1,0.2895,1
0.06647,0.009381,0.1301,0.1033,0.9219,0.09962,NMC811,25,1,0.122,1
0.07403,0.08496,0.4206,0.5803,1.417,0.8764,NMC532,25,1,0.5001,1
0.0789,0.02317,0.164,0.1546,0.1657,0.1651,NMC111,25,1,0.1122,1
0.1696,0.04331,0.392,0.09176,0.8118,0.09947,NMC811,25,1,0.2439,1
0.1056,0.04442,0.04527,0.5972,1.615,0.5623,NMC622,25,1,0.2013,1
0.1112,0.1107,0.2511,0.05037,0.3962,0.05371,NMC811,25,1,0.04045,1
0.2126,0.08581,0.3063,0.2396,0.2498,0.2405,NMC111,25,1,0.0344,1
0.07376,0.03421,0.1122,0.09169,0.08839,0.09135,NMC111,25,1,0.9941,1
0.0972,0.06243,0.2465,0.3199,0.804,0.5165,NMC532,25,1,0.2189,1
0.1441,0.01525,0.2921,0.4535,0.6747,0.3073,NMC523,25,1,0.145,1
0.1902,0.006311,0.03621,0.4738,0.7848,0.3484,NMC523,25,1,0.06108,1
0.091,0.05745,0.1565,0.2871,0.6795,0.4039,NMC532,25,1,0.06117,1
0.06768,0.07038,0.3896,0.5524,0.9707,0.3809,NMC523,25,1,0.03074,1
0.08797,0.006651,0.1502,0.3418,0.8542,0.3034,NMC622,25,1,0.4294,1
0.05568,0.09599,0.2697,0.9916,0.9116,1.11,NMC111,25,1,0.02685,1
0.04828,0.07232,0.03892,0.4483,1.054,0.6442,NMC532,25,1,0.7101,1
0.1258,0.05916,0.3305,0.4121,0.984,0.6082,NMC532,25,1,0.03813,1
0.06198,0.03067,0.2113,0.2775,0.2738,0.2604,NMC111,25,1,0.691,1
0.2157,0.05678,0.1568,0.5464,1.324,0.829,NMC532,25,1,1.19,1
0.03207,0.06293,0.1655,0.7021,0.7064,0.6364,NMC111,25,1,0.09135,1
0.005613,0.1043,0.2718,0.6049,0.9812,0.4205,NMC523,25,1,0.138,1
0.1337,0.1022,0.05267,0.4234,1.177,0.7029,NMC532,25,1,0.9104,1
0.1825,0.04351,0.3552,0.07064,0.2015,0.1006,NMC532,25,1,0.03761,1
0.1785,0.1071,0.3712,0.2815,2.1,0.2669,NMC811,25,1,0.07095,1
0.2117,0.04527,0.1289,0.02569,0.02597,0.02609,NMC111,25,1,1.17,1
0.0373,0.03265,0.03414,0.3033,0.889,0.2882,NMC622,25,1,0.1603,1
0.03866,0.00291,0.3331,0.2618,0.5837,0.3602,NMC532,25,1,0.1302,1
0.1996,0.03292,0.08727,0.06432,0.5239,0.06601,NMC811,25,1,0.5188,1
0.05525,0.04202,0.4313,0.4206,0.4159,0.4666,NMC111,25,1,0.2819,1
0.008917,0.06588,0.2065,0.02031,0.1575,0.01833,NMC811,25,1,0.118,1
0.05641,0.006534,0.05099,0.7793,1.344,0.5561,NMC523,25,1,0.6569,1
0.09874,0.003669,0.1097,0.2443,0.623,0.3787,NMC532,25,1,1.345,1
0.007503,0.02452,0.362,0.2503,0.431,0.1668,NMC523,25,1,0.1881,1
0.1332,0.00202,0.3777,1.056,0.917,1.015,NMC111,25,1,0.09017,1
0.168,0.09722,0.1451,0.007006,0.05608,0.006955,NMC811,25,1,1.062,1
0.1466,0.07016,0.452,0.4771,0.7522,0.3197,NMC523,25,1,0.06192,1
0.06678,0.02761,0.3288,0.2292,0.3897,0.167,NMC523,25,1,0.02416,1
0.1335,0.07256,0.3549,0.1029,0.1808,0.07115,NMC523,25,1,0.8335,1
0.192,0.09514,0.05132,0.1181,0.1047,0.107,NMC111,25,1,0.02299,1
0.1661,0.005242,0.1501,0.4369,0.4941,0.5084,NMC111,25,1,0.1366,1
0.1469,0.009768,0.3419,0.5034,1.448,0.4827,NMC622,25,1,0.02024,1
0.01799,0.07863,0.1473,0.4915,1.093,0.6691,NMC532,25,1,0.06017,1
0.1963,0.1042,0.3241,0.07856,0.6454,0.07472,NMC811,25,1,0.3143,1
0.0173,0.07477,0.1979,0.2856,0.8002,0.2923,NMC622,25,1,0.1516,1
0.02808,0.01181,0.1169,0.5466,0.8529,0.3957,NMC523,25,1,0.3295,1
0.1406,0.0963,0.1847,0.04347,0.0709,0.03014,NMC523,25,1,0.2225,1
0.2214,0.02636,0.2227,0.2604,2.136,0.2603,NMC811,25,1,0.2939,1
0.101,0.08738,0.4267,0.1963,0.5857,0.1864,NMC622,25,1,0.04253,1
0.146,0.07435,0.225,0.1058,0.3182,0.1136,NMC622,25,1,0.06548,1
0.03691,0.03614,0.4366,0.674,1.191,0.4507,NMC523,25,1,0.02531,1
0.05561,0.01793,0.1036,0.04651,0.1144,0.0741,NMC532,25,1,0.05127,1
0.02347,0.06356,0.4465,0.1448,0.1592,0.1497,NMC111,25,1,0.1629,1
0.2243,0.02234,0.1758,0.2076,0.579,0.2092,NMC622,25,1,0.4325,1
0.03468,0.09947,0.1971,0.07407,0.1743,0.1039,NMC532,25,1,0.7295,1
0.162,0.1007,0.1319,0.1573,1.26,0.157,NMC811,25,1,0.03732,1
0.179,0.09102,0.2978,0.3558,0.9937,0.3592,NMC622,25,1,0.1184,1
0.1616,0.1049,0.2729,0.04983,0.4227,0.04618,NMC811,25,1,0.4515,1
0.1047,0.03854,0.01538,0.4828,0.9107,0.3761,NMC523,25,1,0.03912,1
0.115,0.06874,0.3716,0.2941,0.8921,0.2996,NMC622,25,1,0.1321,1
0.1126,0.03467,0.4046,0.1993,1.995,0.242,NMC811,25,1,0.09198,1
0.2216,0.08535,0.0234,0.9395,0.9988,0.8893,NMC111,25,1,0.06746,1
0.03251,0.04236,0.142,0.03121,0.09798,0.03119,NMC622,25,1,1.394,1
0.06221,0.1055,0.2253,0.08024,0.07795,0.0766,NMC111,25,1,0.1772,1
0.1032,0.006919,0.1334,0.02089,0.06783,0.02226,NMC622,25,1,0.158,1
0.1152,0.006432,0.3798,0.3538,0.3995,0.3625,NMC111,25,1,0.08605,1
0.03594,0.06866,0.4253,0.3078,2.339,0.3185,NMC811,25,1,0.6257,1
0.04133,0.02705,0.354,0.3871,0.3767,0.3718,NMC111,25,1,0.06251,1
0.2022,0.05473,0.2098,0.7691,1.305,0.4736,NMC523,25,1,0.2385,1
0.09704,0.01234,0.1761,0.3276,0.8259,0.4814,NMC532,25,1,0.1292,1
0.09505,0.05438,0.04209,0.0166,0.0533,0.01653,NMC622,25,1,1.336,1
0.006963,0.09749,0.2109,0.5555,1.433,0.7998,NMC532,25,1,0.2207,1
0.2225,0.03974,0.4355,0.2155,0.6403,0.2235,NMC622,25,1,1.088,1
0.01158,0.09051,0.07672,0.2836,2.165,0.2874,NMC811,25,1,0.04083,1
0.2026,0.1027,0.4373,0.2853,0.7144,0.4651,NMC532,25,1,0.1979,1
0.2086,0.06552,0.1607,0.2091,1.497,0.2161,NMC811,25,1,0.52,1
0.1602,0.0184,0.05791,0.6711,0.5915,0.604,NMC111,25,1,0.02143,1
0.2157,0.02222,0.3559,0.6189,1.617,0.8097,NMC532,25,1,0.1533,1
0.1477,0.08493,0.2968,0.5076,1.203,0.7196,NMC532,25,1,0.04858,1
0.04441,0.04106,0.1723,0.1909,1.499,0.1788,NMC811,25,1,0.1137,1
0.07164,0.08019,0.359,0.1665,1.369,0.1656,NMC811,25,1,0.1453,1
0.1811,0.03267,0.2988,0.5203,1.485,0.8237,NMC532,25,1,0.1533,1
0.05963,0.06565,0.3688,0.2477,0.6732,0.3783,NMC532,25,1,0.6779,1
0.08469,0.05376,0.04032,0.474,1.55,0.487,NMC622,25,1,0.2968,1
0.1933,0.01568,0.3698,0.9509,0.9863,0.99,NMC111,25,1,0.5841,1
0.1733,0.03562,0.1003,0.5891,1.498,0.9482,NMC532,25,1,0.3598,1
0.1217,0.1094,0.3527,0.02499,0.06198,0.03495,NMC532,25,1,0.02983,1
0.01653,0.007652,0.4196,0.03906,0.1035,0.04029,NMC622,25,1,0.05918,1
0.1785,0.0026,0.3522,0.2717,0.7344,0.2804,NMC622,25,1,1.214,1
0.1111,0.02141,0.09955,0.1458,1.123,0.1446,NMC811,25,1,0.06089,1
0.07717,0.05194,0.2167,0.02265,0.02044,0.0227,NMC111,25,1,0.8469,1
0.02565,0.04644,0.1825,0.5464,1.422,0.8674,NMC532,25,1,0.2561,1
0.2064,0.05201,0.4433,0.5124,0.5857,0.525,NMC111,25,1,0.08741,1
0.06654,0.07103,0.2765,0.2251,0.5157,0.3108,NMC532,25,1,0.3785,1
0.09074,0.07665,0.1847,0.08073,0.2584,0.08628,NMC622,25,1,0.1424,1
0.2068,0.004391,0.3202,0.1169,0.8126,0.1083,NMC811,25,1,0.3576,1
0.1915,0.09698,0.177,0.2944,0.7808,0.4796,NMC532,25,1,0.02091,1
0.1619,0.002489,0.3182,0.1359,1.155,0.1406,NMC811,25,1,0.4178,1
0.1722,0.08165,0.09462,0.4368,1.217,0.7684,NMC532,25,1,0.06651,1
0.2048,0.01629,0.1641,0.3382,1.03,0.2979,NMC622,25,1,1.382,1
0.01707,0.01536,0.009237,0.4247,1.229,0.4336,NMC622,25,1,0.02507,1
0.06194,0.0236,0.3979,0.4659,1.078,0.7276,NMC532,25,1,0.1593,1
0.0919,0.02385,0.1346,0.5496,1.309,0.8103,NMC532,25,1,0.3661,1
0.1484,0.05996,0.1167,0.1804,0.2823,0.1155,NMC523,25,1,0.736,1
0.07306,0.03824,0.1099,0.1188,0.2117,0.07912,NMC523,25,1,1.162,1
0.1093,0.05345,0.1122,0.2247,0.558,0.3142,NMC532,25,1,1.052,1
0.2041,0.01108,0.2188,0.4203,0.9654,0.5867,NMC532,25,1,0.09824,1
0.01618,0.1006,0.2642,0.4692,1.46,0.4768,NMC622,25,1,0.771,1
0.1554,0.08913,0.1247,0.4044,0.6566,0.2743,NMC523,25,1,0.4047,1
0.1863,0.1051,0.3846,0.04063,0.03637,0.04055,NMC111,25,1,0.6612,1
0.03696,0.05341,0.2604,0.8019,0.7487,0.7953,NMC111,25,1,0.0394,1
0.2054,0.05916,0.1847,0.1699,0.1816,0.1749,NMC111,25,1,0.7555,1
0.04388,0.06035,0.2814,0.2836,2.517,0.2839,NMC811,25,1,0.1238,1
0.1483,0.01892,0.2869,0.05054,0.121,0.07551,NMC532,25,1,0.595,1
0.02842,0.04535,0.0299,0.5457,1.696,0.5158,NMC622,25,1,0.1051,1
0.009646,0.04771,0.206,0.5432,0.9764,0.3413,NMC523,25,1,0.3125,1
0.188,0.1016,0.2477,0.4498,0.7772,0.3155,NMC523,25,1,0.1555,1
0.1964,0.09985,0.375,0.4787,1.257,0.7375,NMC532,25,1,0.0382,1
0.159,0.09523,0.1276,0.0717,0.1873,0.1017,NMC532,25,1,0.0204,1
0.1981,0.04178,0.3632,0.5007,1.174,0.7848,NMC532,25,1,0.02723,1
0.08766,0.08321,0.2805,0.598,0.6149,0.6278,NMC111,25,1,0.4415,1
0.216,0.06832,0.3661,0.2779,0.5067,0.1859,NMC523,25,1,0.02028,1
0.01961,0.1026,0.1416,0.08667,0.2331,0.1191,NMC532,25,1,0.1065,1
0.1548,0.08716,0.1891,0.379,1.034,0.63,NMC532,25,1,0.06078,1
0.0969,0.04405,0.1182,0.5103,0.5185,0.491,NMC111,25,1,1.358,1
0.0116,0.05826,0.2005,0.6819,0.628,0.6469,NMC111,25,1,1.033,1
0.1358,0.06654,0.07672,0.2254,1.723,0.2341,NMC811,25,1,0.4012,1
0.1456,0.02095,0.3679,0.06609,0.2048,0.06674,NMC622,25,1,0.3088,1
0.04782,0.09839,0.1464,0.332,0.3159,0.3233,NMC111,25,1,1.194,1
0.1157,0.105,0.1559,0.03071,0.2285,0.02938,NMC811,25,1,0.5053,1
0.1224,0.05516,0.4214,0.9011,0.8094,0.9244,NMC111,25,1,0.2158,1
0.0843,0.09393,0.04593,0.1689,1.272,0.1589,NMC811,25,1,0.05616,1
0.0466,0.01574,0.2079,0.8726,1.389,0.4827,NMC523,25,1,0.5456,1
0.07729,0.08872,0.3751,0.553,1.309,0.8447,NMC532,25,1,0.9261,1
0.1581,0.01879,0.4112,0.174,0.5719,0.1812,NMC622,25,1,0.8047,1
0.1588,0.05826,0.0627,0.2969,0.2989,0.3022,NMC111,25,1,0.5624,1
0.1394,0.03166,0.03235,0.1257,1.031,0.1241,NMC811,25,1,1.214,1
0.1524,0.04812,0.01457,0.8544,1.485,0.5988,NMC523,25,1,0.02112,1
0.1252,0.0517,0.2948,0.2583,0.7283,0.2298,NMC622,25,1,0.0288,1
0.186,0.05407,0.4353,0.7985,0.788,0.7427,NMC111,25,1,0.9011,1
0.1849,0.09388,0.292,0.8915,1.423,0.5754,NMC523,25,1,0.03817,1
0.01272,0.03938,0.2864,0.2339,0.2125,0.2205,NMC111,25,1,0.1114,1
0.1127,0.09774,0.0281,0.04499,0.4153,0.05166,NMC811,25,1,0.4637,1
0.1234,0.08142,0.1413,0.3821,0.9977,0.5331,NMC532,25,1,0.0389,1
0.2207,0.07546,0.2455,0.3705,0.5779,0.2317,NMC523,25,1,0.4232,1
0.09919,0.0608,0.3392,0.7551,0.7065,0.6747,NMC111,25,1,0.3161,1
0.1786,0.09806,0.4325,0.6916,0.8668,0.8231,NMC111,25,1,0.2808,1
0.2117,0.02359,0.4464,1.011,1.015,0.9862,NMC111,25,1,0.8018,1
0.01154,0.0643,0.03546,0.5099,1.562,0.5647,NMC622,25,1,0.1257,1
0.03417,0.09553,0.346,0.03599,0.1109,0.03849,NMC622,25,1,0.06825,1
0.04365,0.03364,0.1358,0.02225,0.0621,0.02162,NMC622,25,1,0.06276,1
0.09136,0.03248,0.3325,0.1785,1.373,0.1878,NMC811,25,1,0.03616,1
0.08428,0.04156,0.254,0.278,2.019,0.2685,NMC811,25,1,0.02933,1
0.1196,0.007404,0.3441,0.3395,0.8859,0.5736,NMC532,25,1,0.2788,1
0.2202,0.101,0.3142,0.03334,0.2826,0.0344,NMC811,25,1,0.04275,1
0.1476,0.006231,0.05874,0.1723,1.441,0.1749,NMC811,25,1,0.6124,1
0.2095,0.04363,0.2927,0.3219,0.8398,0.5082,NMC532,25,1,0.02795,1
0.1513,0.01182,0.2669,0.1481,0.4361,0.1271,NMC622,25,1,0.5633,1
0.1852,0.07825,0.4079,0.2627,0.8038,0.2797,NMC622,25,1,0.2075,1
0.02641,0.007394,0.02895,0.1336,0.1219,0.135,NMC111,25,1,0.2744,1
0.1003,0.07427,0.1639,0.5458,0.619,0.5645,NMC111,25,1,0.2086,1
0.02805,0.07237,0.05996,0.4609,0.815,0.3098,NMC523,25,1,0.4428,1
0.1176,0.08229,0.163,0.1066,0.1959,0.06592,NMC523,25,1,0.1099,1
0.2267,0.05279,0.04484,0.1321,0.207,0.0906,NMC523,25,1,0.1778,1
0.1049,0.05361,0.2481,0.225,0.5812,0.3272,NMC532,25,1,0.4459,1
0.1426,0.09648,0.3471,0.2978,0.6905,0.4873,NMC532,25,1,0.3007,1
0.09244,0.06306,0.4196,0.9894,1.467,0.6378,NMC523,25,1,0.03148,1
0.06312,0.06259,0.3848,0.296,0.8472,0.2938,NMC622,25,1,0.0319,1
0.1744,0.02099,0.349,0.2221,1.829,0.2224,NMC811,25,1,0.1909,1
0.03052,0.03592,0.2604,0.4308,1.308,0.444,NMC622,25,1,0.5432,1
0.09192,0.06873,0.2879,0.1708,1.307,0.1707,NMC811,25,1,0.2903,1
0.02437,0.05554,0.2461,0.07672,0.247,0.07761,NMC622,25,1,0.3615,1
0.1254,0.07656,0.3304,0.01404,0.1095,0.01349,NMC811,25,1,1.464,1
0.2126,0.1091,0.1629,0.158,0.4682,0.1539,NMC622,25,1,0.09827,1
0.1453,0.04618,0.3873,0.9485,0.8864,0.9633,NMC111,25,1,0.3581,1
0.05854,0.01166,0.1055,0.3546,0.9685,0.5588,NMC532,25,1,1.494,1
0.1885,0.1095,0.4214,0.828,0.7142,0.7866,NMC111,25,1,0.4447,1
0.1158,0.009721,0.3185,0.71,1.065,0.4726,NMC523,25,1,0.8538,1
0.1116,0.09043,0.1114,0.1224,0.3677,0.11,NMC622,25,1,0.02217,1
0.04953,0.03505,0.3333,0.2991,0.5407,0.2068,NMC523,25,1,0.628,1
0.0515,0.06851,0.4516,0.4344,0.5991,0.2662,NMC523,25,1,0.03704,1
0.0711,0.101,0.4239,0.3286,1.005,0.3706,NMC622,25,1,0.1886,1
0.2145,0.09497,0.2832,0.5625,1.717,0.5493,NMC622,25,1,0.09507,1
0.1407,0.1066,0.4309,0.4868,0.5135,0.4492,NMC111,25,1,0.5135,1
0.02201,0.02553,0.1957,0.09787,0.2575,0.1482,NMC532,25,1,0.5652,1
0.1392,0.08165,0.3788,0.1677,1.482,0.1865,NMC811,25,1,0.09875,1
0.07684,0.05058,0.01769,0.1367,0.2351,0.09454,NMC523,25,1,0.4594,1
0.07241,0.006882,0.07581,0.09452,0.2326,0.1642,NMC532,25,1,0.08388,1
0.1991,0.1034,0.1196,0.3642,1.176,0.3815,NMC622,25,1,0.2279,1
0.1278,0.06092,0.2483,0.3831,0.6497,0.2559,NMC523,25,1,0.6011,1
0.189,0.009598,0.1412,0.3111,2.399,0.3304,NMC811,25,1,0.3439,1
0.006744,0.0196,0.3637,0.502,1.575,0.551,NMC622,25,1,0.02585,1
0.093,0.01949,0.03835,0.2816,0.661,0.3863,NMC532,25,1,0.2717,1
0.009429,0.05862,0.27,0.0345,0.1086,0.03267,NMC622,25,1,0.5508,1
0.1175,0.01816,0.1187,0.7119,1.167,0.5023,NMC523,25,1,0.3019,1
0.2256,0.013,0.165,0.138,1.023,0.1228,NMC811,25,1,0.5224,1
0.1383,0.0862,0.4424,0.4264,1.091,0.6582,NMC532,25,1,0.7585,1
0.02515,0.08759,0.1874,0.4318,0.7337,0.2965,NMC523,25,1,0.037,1
0.1652,0.008294,0.3988,0.1281,1.051,0.1387,NMC811,25,1,0.2498,1
0.1279,0.02189,0.2906,0.5834,0.5469,0.5767,NMC111,25,1,0.3564,1
0.1039,0.03351,0.04571,0.07587,0.2364,0.0876,NMC622,25,1,0.2753,1
0.1335,0.07212,0.4499,0.7991,1.507,0.5478,NMC523,25,1,0.07518,1
0.2248,0.069,0.07161,0.06971,0.2297,0.08273,NMC622,25,1,0.2312,1
0.02318,0.0311,0.4346,0.7353,1.185,0.5133,NMC523,25,1,0.7347,1
0.1136,0.1001,0.4111,0.4286,1.326,0.4214,NMC622,25,1,0.08121,1
0.09429,0.0779,0.231,0.4307,0.7496,0.2786,NMC523,25,1,0.1767,1
0.1398,0.04915,0.24,0.198,0.6193,0.2067,NMC622,25,1,0.07809,1
0.06788,0.04123,0.2542,0.05989,0.51,0.06803,NMC811,25,1,0.918,1
0.02355,0.02588,0.2358,0.01657,0.04825,0.01641,NMC622,25,1,0.6212,1
0.06781,0.03691,0.2088,0.0738,0.5814,0.06754,NMC811,25,1,1.481,1
0.1047,0.03674,0.06119,0.4828,0.4561,0.4399,NMC111,25,1,0.1406,1
0.1469,0.06441,0.2501,0.1673,0.4407,0.2407,NMC532,25,1,0.08586,1
0.07045,0.08512,0.318,0.3113,0.8186,0.3392,NMC622,25,1,0.9832,1
0.15,0.09392,0.1801,0.571,0.627,0.5869,NMC111,25,1,0.1305,1
0.134,0.03438,0.1688,0.08158,0.6425,0.08583,NMC811,25,1,0.4638,1
0.197,0.1061,0.3114,0.5957,1.27,0.8433,NMC532,25,1,0.1837,1
0.2033,0.0596,0.3377,0.252,0.8533,0.28,NMC622,25,1,0.02173,1
0.1427,0.03321,0.02298,0.0628,0.524,0.0652,NMC811,25,1,0.05629,1
0.1336,0.03277,0.3296,0.1008,0.7165,0.09394,NMC811,25,1,0.06005,1
0.1227,0.06595,0.1303,0.1022,0.2485,0.1354,NMC532,25,1,0.6421,1
0.2181,0.0709,0.381,0.5177,1.518,0.5035,NMC622,25,1,0.0239,1
0.0663,0.02105,0.2189,0.09558,0.1643,0.06795,NMC523,25,1,1.331,1
0.02322,0.007458,0.04076,0.3784,1.276,0.4116,NMC622,25,1,0.5292,1
0.02921,0.03518,0.1914,0.4884,1.283,0.8486,NMC532,25,1,0.2535,1
0.1814,0.04243,0.2611,0.3246,0.7877,0.4635,NMC532,25,1,0.08895,1
0.04648,0.02816,0.1868,0.4449,0.5867,0.2754,NMC523,25,1,0.03915,1
0.04847,0.06876,0.1488,0.4385,1.033,0.6416,NMC532,25,1,0.0492,1
0.2011,0.06569,0.2254,0.01803,0.1502,0.01733,NMC811,25,1,0.1145,1
0.1215,0.09961,0.3102,0.7607,0.7988,0.7517,NMC111,25,1,0.7345,1
0.04871,0.07406,0.08648,0.2879,0.7857,0.434,NMC532,25,1,0.1173,1
0.1457,0.03955,0.4127,0.6553,1.12,0.4676,NMC523,25,1,0.1582,1
0.05842,0.1041,0.4113,0.3044,0.8414,0.2967,NMC622,25,1,0.03741,1
0.04719,0.06205,0.2228,0.3453,1.049,0.3601,NMC622,25,1,0.5572,1
0.01072,0.06939,0.05627,0.5982,1.82,0.6381,NMC622,25,1,0.09098,1
0.1241,0.04154,0.07358,0.1034,0.2546,0.16,NMC532,25,1,0.02701,1
0.03855,0.1086,0.116,0.1917,1.624,0.1901,NMC811,25,1,0.169,1
0.1975,0.06899,0.3735,0.1151,0.2593,0.1627,NMC532,25,1,0.02899,1
0.2166,0.05816,0.3626,0.5078,0.8337,0.3222,NMC523,25,1,1.032,1
0.1145,0.0958,0.03223,0.6182,1.58,0.8923,NMC532,25,1,0.4707,1
0.091,0.05437,0.09297,0.3908,1.252,0.4143,NMC622,25,1,0.4863,1
0.08298,0.03604,0.2468,0.1162,0.9155,0.1193,NMC811,25,1,0.2161,1
0.1597,0.04836,0.4315,0.6029,1.655,0.5409,NMC622,25,1,1.184,1
0.04982,0.03273,0.3554,0.1131,0.3429,0.1213,NMC622,25,1,0.03793,1
0.1922,0.0917,0.1664,0.1261,0.3935,0.13,NMC622,25,1,0.05569,1
0.03858,0.06532,0.4383,0.3595,1.121,0.3532,NMC622,25,1,0.02137,1
0.1266,0.02638,0.1866,0.684,0.6696,0.7342,NMC111,25,1,0.2019,1
0.222,0.06133,0.2083,0.6211,0.5805,0.588,NMC111,25,1,0.03414,1
0.1658,0.0117,0.1287,0.101,0.7351,0.09325,NMC811,25,1,0.2171,1
0.2185,0.08129,0.01526,0.1979,0.5656,0.1933,NMC622,25,1,0.1995,1
0.1565,0.04537,0.4167,0.4099,0.6733,0.243,NMC523,25,1,0.8008,1
0.1393,0.07157,0.3591,0.1242,0.2193,0.08828,NMC523,25,1,0.1924,1
0.07015,0.05749,0.1668,0.3426,0.3745,0.3569,NMC111,25,1,0.06207,1
0.1267,0.09755,0.3692,0.6043,1.422,0.7824,NMC532,25,1,0.0218,1
0.007664,0.04476,0.0584,0.3216,0.978,0.3323,NMC622,25,1,0.06641,1
0.1107,0.0184,0.1038,0.07866,0.6726,0.08766,NMC811,25,1,1.313,1
0.1312,0.01106,0.08719,0.7018,1.082,0.4479,NMC523,25,1,0.4748,1
0.0829,0.06641,0.1027,0.6552,0.6867,0.7003,NMC111,25,1,0.3091,1
0.0139,0.03254,0.2173,0.02805,0.2459,0.02891,NMC811,25,1,0.2312,1
0.2254,0.02188,0.2718,0.08487,0.1303,0.05692,NMC523,25,1,0.3001,1
0.1651,0.03059,0.316,0.1227,0.9725,0.1225,NMC811,25,1,0.02627,1
0.08278,0.02931,0.1102,0.4422,0.7814,0.3097,NMC523,25,1,0.07442,1
0.2087,0.05662,0.0395,0.4784,1.392,0.4291,NMC622,25,1,0.4721,1
0.03583,0.1079,0.2177,0.1342,0.3882,0.1274,NMC622,25,1,1.196,1
0.1717,0.06271,0.3057,0.4975,1.196,0.7648,NMC532,25,1,0.1708,1
0.06866,0.04069,0.03228,0.1605,1.119,0.1604,NMC811,25,1,0.5071,1
0.02571,0.09255,0.4033,0.06214,0.5282,0.06165,NMC811,25,1,0.9051,1
0.1951,0.01786,0.2981,0.04623,0.1343,0.04699,NMC622,25,1,0.09814,1
0.07847,0.08887,0.1057,0.207,0.5132,0.3035,NMC532,25,1,0.09605,1
0.0423,0.02464,0.1016,0.3462,0.9362,0.3492,NMC622,25,1,1.19,1
0.1293,0.01192,0.4217,0.5086,1.578,0.4759,NMC622,25,1,1.357,1
0.151,0.07583,0.0971,0.7817,1.278,0.5537,NMC523,25,1,1.005,1
0.1619,0.06163,0.3673,0.1382,0.3017,0.1925,NMC532,25,1,0.03294,1
0.2187,0.03203,0.06872,0.0244,0.1926,0.02011,NMC811,25,1,0.0224,1
0.07767,0.05347,0.2642,0.3109,2.287,0.3054,NMC811,25,1,0.3899,1
0.1227,0.02156,0.2006,0.4204,1.246,0.4533,NMC622,25,1,0.04441,1
0.06357,0.02807,0.1165,0.3727,0.9428,0.5432,NMC532,25,1,0.09147,1
0.1854,0.07006,0.3907,0.1273,0.3954,0.122,NMC622,25,1,0.5908,1
0.1771,0.07483,0.3376,0.1094,0.3525,0.1118,NMC622,25,1,0.4484,1
0.08369,0.1113,0.2076,0.1032,0.267,0.1696,NMC532,25,1,0.0527,1
0.1992,0.06482,0.04258,0.1236,0.3058,0.1586,NMC532,25,1,0.06301,1
0.1608,0.008368,0.1513,0.08809,0.2415,0.07895,NMC622,25,1,1.145,1
0.1387,0.07932,0.1945,0.2035,0.5207,0.3218,NMC532,25,1,0.0476,1
0.04622,0.006639,0.07847,0.2299,0.7106,0.2434,NMC622,25,1,0.1895,1
0.06675,0.06633,0.07993,0.1902,0.6443,0.2167,NMC622,25,1,0.0258,1
0.01788,0.0454,0.07582,0.2329,0.6501,0.2194,NMC622,25,1,0.1271,1
0.1197,0.008835,0.2779,0.1995,1.536,0.1767,NMC811,25,1,0.5805,1
0.06067,0.02007,0.2777,0.1919,1.458,0.1842,NMC811,25,1,0.07407,1
0.09279,0.05268,0.1751,0.3482,0.8795,0.5279,NMC532,25,1,0.7664,1
0.1889,0.03493,0.1559,0.3596,0.3207,0.346,NMC111,25,1,1.18,1
0.1965,0.01279,0.04004,0.2543,0.4065,0.1785,NMC523,25,1,0.3502,1
0.03702,0.07754,0.1145,0.04547,0.3495,0.04554,NMC811,25,1,0.954,1
0.07076,0.08721,0.02376,0.1948,0.1853,0.1952,NMC111,25,1,0.2128,1
0.01051,0.05673,0.3444,0.6004,0.6154,0.5859,NMC111,25,1,0.1824,1
0.104,0.04328,0.06478,0.08417,0.08162,0.07708,NMC111,25,1,0.02474,1
0.2072,0.08095,0.03192,0.5945,1.766,0.6258,NMC622,25,1,0.0594,1
0.06183,0.02362,0.4347,0.7022,1.301,0.4465,NMC523,25,1,0.08175,1
0.05269,0.003791,0.2853,0.911,0.9042,0.8577,NMC111,25,1,0.6996,1
0.1194,0.06155,0.01221,0.4688,1.496,0.5014,NMC622,25,1,1.185,1
0.0405,0.05202,0.1905,0.4357,1.233,0.7195,NMC532,25,1,1.296,1
0.04539,0.06801,0.4067,0.394,1.227,0.4508,NMC622,25,1,0.03879,1
0.03843,0.1111,0.01766,0.6178,0.5391,0.6073,NMC111,25,1,1.342,1
0.207,0.0145,0.2576,0.4101,0.4126,0.4108,NMC111,25,1,1.208,1
0.03422,0.0515,0.2507,0.2674,0.4837,0.1707,NMC523,25,1,0.04109,1
0.03308,0.02685,0.09746,0.6249,0.5813,0.6018,NMC111,25,1,0.8141,1
0.03814,0.005884,0.3764,0.6033,1.507,0.9494,NMC532,25,1,1.22,1
0.2212,0.08505,0.1841,0.6067,1.554,0.8314,NMC532,25,1,0.03845,1
0.1139,0.08511,0.2545,0.293,0.4709,0.1826,NMC523,25,1,0.03724,1
0.1963,0.0338,0.1289,0.4902,1.368,0.4567,NMC622,25,1,0.2704,1
0.09994,0.08504,0.3893,0.01399,0.03758,0.02252,NMC532,25,1,1.124,1
0.06743,0.1089,0.1415,0.1864,0.4709,0.3214,NMC532,25,1,0.02801,1
0.07242,0.01582,0.05589,0.877,1.383,0.6,NMC523,25,1,0.08351,1
0.1435,0.04511,0.2517,0.4643,0.7252,0.3101,NMC523,25,1,0.6401,1
0.1493,0.009034,0.06382,0.3851,1.266,0.417,NMC622,25,1,0.05909,1
0.1434,0.0915,0.336,0.01583,0.04429,0.01454,NMC622,25,1,0.0867,1
0.06445,0.1091,0.3069,0.8806,1.294,0.6097,NMC523,25,1,0.7934,1
0.02174,0.03579,0.06741,0.572,0.9395,0.3737,NMC523,25,1,0.0243,1
0.05901,0.00711,0.3383,0.9562,0.9669,0.8493,NMC111,25,1,0.2656,1
0.1755,0.06979,0.169,0.2646,0.2942,0.2847,NMC111,25,1,0.0883,1
0.0671,0.1108,0.423,0.1729,0.4703,0.2801,NMC532,25,1,1.094,1
0.1148,0.06499,0.06542,0.1927,1.688,0.1986,NMC811,25,1,0.1789,1
0.06794,0.08591,0.1363,0.4906,0.689,0.3044,NMC523,25,1,0.5127,1
0.03247,0.08142,0.3749,0.1076,0.2655,0.1591,NMC532,25,1,0.05711,1
0.1874,0.07064,0.2516,0.2621,0.7053,0.253,NMC622,25,1,1.107,1
0.1063,0.08928,0.009219,0.04019,0.03836,0.04036,NMC111,25,1,0.04448,1
0.1831,0.04615,0.4294,0.6357,1.079,0.454,NMC523,25,1,0.6126,1
0.2168,0.07851,0.07647,0.2695,0.8276,0.2749,NMC622,25,1,0.1253,1
0.07421,0.0609,0.1883,0.2397,0.3886,0.151,NMC523,25,1,0.1309,1
0.02599,0.07714,0.1018,0.3446,0.8934,0.5466,NMC532,25,1,0.02624,1
0.151,0.11,0.2222,0.3929,0.7392,0.2908,NMC523,25,1,1.092,1
0.2191,0.06628,0.06574,0.1787,1.644,0.1661,NMC811,25,1,0.04978,1
0.1208,0.03586,0.3117,0.2964,0.8354,0.288,NMC622,25,1,0.5324,1
0.1156,0.09121,0.3729,0.09923,0.7538,0.09412,NMC811,25,1,0.7492,1
0.1449,0.01106,0.4079,0.3765,0.3799,0.3934,NMC111,25,1,1.211,1
0.1959,0.06696,0.3371,0.1925,0.6082,0.1877,NMC622,25,1,0.08765,1
0.2032,0.03764,0.1928,0.06269,0.1957,0.06073,NMC622,25,1,0.4609,1
0.167,0.09221,0.2696,0.3437,0.58,0.232,NMC523,25,1,0.02957,1
0.05481,0.05274,0.3949,0.4296,1.13,0.7001,NMC532,25,1,0.06158,1
0.1675,0.07405,0.1361,0.2903,0.6938,0.4233,NMC532,25,1,0.1322,1
0.1316,0.04625,0.1429,0.597,0.5377,0.526,NMC111,25,1,0.02521,1
0.1283,0.02358,0.4578,0.4249,0.6895,0.2952,NMC523,25,1,0.0317,1
0.213,0.02787,0.06379,0.3203,0.7568,0.4901,NMC532,25,1,0.05577,1
0.2098,0.03333,0.3439,0.5338,1.238,0.833,NMC532,25,1,0.3474,1
0.1647,0.109,0.4503,0.2623,0.7899,0.2619,NMC622,25,1,0.07994,1
0.1457,0.09592,0.2653,0.1302,0.2326,0.0919,NMC523,25,1,1.34,1
0.006992,0.003296,0.06538,0.1489,1.137,0.1445,NMC811,25,1,0.5942,1
0.1318,0.1048,0.173,0.5792,1.554,0.913,NMC532,25,1,1.328,1
0.06671,0.01534,0.2706,0.5478,1.621,0.6083,NMC622,25,1,0.2779,1
0.03197,0.04407,0.3941,0.5484,0.9688,0.3438,NMC523,25,1,0.09501,1
0.1681,0.0271,0.1665,0.09866,0.7555,0.09932,NMC811,25,1,0.5174,1
0.09005,0.02497,0.2777,0.02149,0.05176,0.03193,NMC532,25,1,0.1359,1
0.1918,0.007891,0.2023,0.01342,0.09421,0.01401,NMC811,25,1,0.4412,1
0.2239,0.09021,0.1294,0.6804,1.081,0.4492,NMC523,25,1,0.03474,1
0.1936,0.05509,0.3847,0.7413,1.255,0.4578,NMC523,25,1,0.2074,1
0.1941,0.06206,0.1841,0.1094,0.9516,0.1208,NMC811,25,1,0.1498,1
0.1725,0.07001,0.3541,0.287,2.02,0.2691,NMC811,25,1,0.3003,1
0.1644,0.06278,0.04751,0.06821,0.1623,0.1078,NMC532,25,1,0.2393,1
0.01742,0.0803,0.2641,0.113,0.9004,0.1219,NMC811,25,1,0.1916,1
0.1488,0.003727,0.4089,0.5132,1.593,0.5058,NMC622,25,1,0.3266,1
0.1805,0.06918,0.02688,0.5588,0.9128,0.3652,NMC523,25,1,0.08354,1
0.1123,0.07726,0.08557,0.4698,1.524,0.5041,NMC622,25,1,0.02488,1
0.117,0.01875,0.01052,0.3004,0.864,0.301,NMC622,25,1,0.04346,1
0.1048,0.03148,0.2896,0.6289,0.9971,0.4327,NMC523,25,1,0.03984,1
0.03401,0.02772,0.2408,0.07059,0.5762,0.07525,NMC811,25,1,0.1283,1
0.07452,0.1097,0.2628,0.4746,1.134,0.6459,NMC532,25,1,0.6195,1
0.1727,0.1015,0.4313,0.3616,0.9935,0.5967,NMC532,25,1,0.6954,1
0.1431,0.1071,0.1436,0.3411,0.5408,0.2297,NMC523,25,1,0.5747,1
0.1067,0.1046,0.1197,0.009605,0.08541,0.01137,NMC811,25,1,0.46,1
0.02954,0.02863,0.03819,0.3266,0.6135,0.2213,NMC523,25,1,0.06877,1
0.06957,0.08739,0.3598,0.421,0.7781,0.2873,NMC523,25,1,0.2044,1
0.02499,0.0133,0.06992,0.04172,0.0389,0.03803,NMC111,25,1,0.02211,1
0.1793,0.08053,0.3868,0.07929,0.6394,0.08175,NMC811,25,1,0.04623,1
0.1325,0.08051,0.08546,0.2439,1.804,0.2145,NMC811,25,1,1.234,1
0.2196,0.02678,0.2873,0.107,0.3246,0.1066,NMC622,25,1,0.2839,1
0.1586,0.0651,0.2123,0.1397,0.3688,0.1313,NMC622,25,1,0.4528,1
0.006938,0.00189,0.2476,0.3789,1.093,0.3429,NMC622,25,1,0.06472,1
0.1127,0.09962,0.06814,0.02173,0.05169,0.03368,NMC532,25,1,0.1446,1
0.06718,0.006479,0.2856,0.4349,1.08,0.6761,NMC532,25,1,0.224,1
0.1453,0.1046,0.01356,0.01198,0.03649,0.0123,NMC622,25,1,0.07388,1
0.164,0.09805,0.06284,0.3939,0.9898,0.6206,NMC532,25,1,0.05011,1
0.08288,0.08552,0.01016,0.7574,0.8315,0.8242,NMC111,25,1,0.2276,1
0.1349,0.009776,0.0497,0.1142,0.3399,0.1196,NMC622,25,1,0.173,1
0.1421,0.03547,0.2099,0.1962,1.53,0.1898,NMC811,25,1,0.09952,1
0.1339,0.1004,0.1096,0.8968,0.8817,0.8653,NMC111,25,1,0.3464,1
0.2041,0.06961,0.2053,0.7048,0.812,0.7043,NMC111,25,1,0.575,1
0.03133,0.06348,0.2549,0.1133,0.917,0.1122,NMC811,25,1,0.1095,1
0.05047,0.01606,0.4057,0.07433,0.2155,0.1213,NMC532,25,1,0.06299,1
0.1155,0.1098,0.2501,0.3842,1.136,0.3614,NMC622,25,1,0.2761,1
0.1573,0.02773,0.1516,0.1984,1.605,0.2114,NMC811,25,1,0.1241,1
0.146,0.06296,0.3968,0.5014,1.532,0.5614,NMC622,25,1,0.2102,1
0.09155,0.1049,0.2069,0.2444,1.945,0.2528,NMC811,25,1,0.475,1
0.2045,0.09681,0.2045,0.7427,1.347,0.463,NMC523,25,1,0.03139,1
0.1825,0.04448,0.3994,0.6336,1.854,0.5855,NMC622,25,1,0.2866,1
0.164,0.003641,0.4196,1.087,0.9796,0.997,NMC111,25,1,0.05244,1
0.1094,0.06421,0.01583,0.549,1.21,0.8591,NMC532,25,1,0.02537,1
0.1166,0.004528,0.3712,0.2891,0.3312,0.2963,NMC111,25,1,0.3831,1
0.05133,0.04423,0.1664,0.4142,0.9601,0.6258,NMC532,25,1,0.4015,1
0.06631,0.04956,0.2029,0.5802,0.5607,0.5999,NMC111,25,1,0.03367,1
0.01701,0.05791,0.1412,0.2035,1.786,0.2208,NMC811,25,1,0.03359,1
0.07478,0.05358,0.1822,0.6141,1.714,0.5604,NMC622,25,1,0.1891,1
0.195,0.1036,0.4425,0.3449,1.074,0.3659,NMC622,25,1,0.03514,1
0.1768,0.04391,0.1982,0.3617,0.9393,0.5771,NMC532,25,1,0.04234,1
0.2002,0.02981,0.04468,0.1256,1.028,0.1233,NMC811,25,1,0.2372,1
0.07226,0.01516,0.2518,0.09162,0.2786,0.09512,NMC622,25,1,1.093,1
0.2103,0.06905,0.1198,0.9836,1.073,1.02,NMC111,25,1,1.392,1
0.1564,0.04869,0.3925,0.1718,1.277,0.1712,NMC811,25,1,1.163,1
0.1053,0.01752,0.1336,0.2617,0.4688,0.2013,NMC523,25,1,0.09328,1
0.111,0.09418,0.2582,0.3716,0.8818,0.5747,NMC532,25,1,0.2677,1
0.07731,0.05057,0.3719,0.5609,1.337,0.804,NMC532,25,1,0.476,1
0.1375,0.09202,0.08786,0.2187,1.765,0.1995,NMC811,25,1,0.4601,1
0.2001,0.05526,0.4437,0.1444,0.3453,0.2312,NMC532,25,1,1.174,1
0.1872,0.009949,0.3949,1.001,1.055,0.9897,NMC111,25,1,0.2307,1
0.2173,0.06461,0.02446,0.6622,0.9763,0.4045,NMC523,25,1,0.1391,1
0.02525,0.1039,0.06817,0.5571,1.643,0.5621,NMC622,25,1,0.1464,1
0.2219,0.1105,0.3268,0.5695,1.59,0.9305,NMC532,25,1,0.1693,1
0.197,0.09138,0.01057,0.3822,0.6494,0.2736,NMC523,25,1,0.121,1
0.1711,0.06825,0.06667,0.3107,2.36,0.3027,NMC811,25,1,0.09669,1
0.2087,0.05975,0.337,0.3153,1.036,0.3463,NMC622,25,1,0.1083,1
0.09621,0.06579,0.4239,0.05517,0.09611,0.03864,NMC523,25,1,0.8032,1
0.08553,0.02905,0.4094,0.01981,0.0458,0.0285,NMC532,25,1,0.03646,1
0.1239,0.01737,0.417,0.7966,0.7594,0.8879,NMC111,25,1,0.7753,1
0.2066,0.06705,0.1032,0.323,0.9875,0.3351,NMC622,25,1,0.1718,1
0.1961,0.06363,0.396,0.2931,0.7079,0.4375,NMC532,25,1,0.1703,1
0.2045,0.02668,0.3501,0.539,1.323,0.788,NMC532,25,1,0.06321,1
0.1787,0.09709,0.01355,0.365,0.9138,0.5894,NMC532,25,1,0.06674,1
0.1869,0.07426,0.4246,0.5078,1.402,0.7916,NMC532,25,1,0.03047,1
0.1351,0.0736,0.063,0.5468,1.238,0.7594,NMC532,25,1,0.1491,1
0.0109,0.07881,0.4016,0.61,1.005,0.4014,NMC523,25,1,0.09352,1
0.172,0.1021,0.2662,0.4819,0.4375,0.4824,NMC111,25,1,0.3276,1
0.2064,0.1047,0.2828,0.4078,1.039,0.5919,NMC532,25,1,0.05731,1
0.03292,0.109,0.4089,0.6264,1.828,0.5955,NMC622,25,1,0.2348,1
0.1535,0.06305,0.01954,0.2743,0.7272,0.4306,NMC532,25,1,0.1728,1
0.08358,0.1075,0.09257,0.5625,0.7816,0.3732,NMC523,25,1,0.02257,1
0.1687,0.07231,0.4062,0.142,1.095,0.1308,NMC811,25,1,0.1205,1
0.06951,0.1062,0.1134,0.08838,0.08681,0.08609,NMC111,25,1,0.2379,1
0.09929,0.0669,0.1548,0.2657,0.7268,0.3752,NMC532,25,1,0.2261,1
0.1224,0.06531,0.1567,0.02452,0.06247,0.04189,NMC532,25,1,0.02471,1
0.03008,0.01268,0.2238,0.1883,0.5946,0.1969,NMC622,25,1,0.08682,1
0.03093,0.09187,0.1046,0.254,0.593,0.336,NMC532,25,1,1.368,1
0.1386,0.07183,0.1371,0.0379,0.04311,0.04031,NMC111,25,1,0.1661,1
0.1929,0.01342,0.2927,0.8153,1.299,0.6121,NMC523,25,1,0.3425,1
0.08761,0.01671,0.3595,0.1894,0.55,0.1838,NMC622,25,1,0.06973,1
0.07323,0.08937,0.3932,0.5711,0.5896,0.5754,NMC111,25,1,0.2485,1
0.0961,0.03044,0.05124,0.7129,1.145,0.4842,NMC523,25,1,0.02949,1
0.06236,0.03858,0.08701,0.5814,1.78,0.5722,NMC622,25,1,0.03901,1
0.1861,0.0413,0.2162,1.009,1.028,1.043,NMC111,25,1,0.02616,1
0.1704,0.0732,0.1598,0.2965,2.327,0.289,NMC811,25,1,1.007,1
0.132,0.09305,0.2723,0.4641,1.476,0.4725,NMC622,25,1,0.6311,1
0.02232,0.1032,0.01343,0.1224,0.3734,0.1179,NMC622,25,1,0.7745,1
0.02439,0.109,0.3746,0.4805,0.477,0.4841,NMC111,25,1,0.08649,1
0.1274,0.02353,0.2075,0.612,1.008,0.4066,NMC523,25,1,0.09393,1
0.0463,0.006805,0.2199,0.1685,0.5108,0.1701,NMC622,25,1,0.9503,1
0.06236,0.00598,0.2457,0.102,0.1853,0.06799,NMC523,25,1,1.103,1
0.2081,0.0812,0.01502,0.1824,1.287,0.1704,NMC811,25,1,0.09835,1
0.02609,0.01459,0.355,0.3659,1.235,0.3681,NMC622,25,1,1.001,1
0.1332,0.07976,0.2844,0.0578,0.1441,0.08284,NMC532,25,1,0.05505,1
0.0159,0.1036,0.3271,0.1944,0.4905,0.3017,NMC532,25,1,0.1744,1
0.2025,0.0774,0.1481,0.3607,1.032,0.3542,NMC622,25,1,1.15,1
0.0586,0.1033,0.1843,0.08047,0.1434,0.05285,NMC523,25,1,0.8988,1
0.06457,0.09042,0.1438,0.5227,0.962,0.3725,NMC523,25,1,0.04313,1
0.1584,0.07959,0.2876,0.6813,0.6808,0.6613,NMC111,25,1,0.02644,1
0.2018,0.01363,0.3274,0.6269,1.778,0.6077,NMC622,25,1,0.4661,1
0.03416,0.03118,0.03882,0.2037,0.1981,0.1809,NMC111,25,1,0.3086,1
0.1021,0.01875,0.03568,0.1612,1.268,0.1751,NMC811,25,1,0.08326,1
0.06372,0.1092,0.3625,0.1297,1.154,0.1409,NMC811,25,1,0.2396,1
0.1354,0.09524,0.07123,0.5686,1.328,0.8131,NMC532,25,1,0.08225,1
0.1855,0.08452,0.1501,0.6525,1.116,0.4128,NMC523,25,1,1.033,1
0.05712,0.06742,0.05185,0.6351,1.459,0.825,NMC532,25,1,1.321,1
0.08506,0.01396,0.03377,0.3554,0.8818,0.5366,NMC532,25,1,0.1354,1
0.2124,0.07781,0.3508,0.08006,0.1307,0.05411,NMC523,25,1,0.1038,1
0.2063,0.04487,0.02732,0.6481,1.444,0.9477,NMC532,25,1,0.313,1
0.04573,0.1054,0.1577,0.1867,0.5186,0.1754,NMC622,25,1,0.0975,1
0.09681,0.09564,0.2375,0.3781,1.044,0.3724,NMC622,25,1,0.7689,1
0.1489,0.09328,0.1159,0.1413,0.3034,0.1901,NMC532,25,1,0.5834,1
0.1305,0.0674,0.04246,0.3944,1.209,0.7001,NMC532,25,1,0.02314,1
0.07692,0.002859,0.3003,0.2528,1.772,0.2308,NMC811,25,1,0.3874,1
0.08792,0.09391,0.3469,0.4249,0.9424,0.6346,NMC532,25,1,0.09347,1
0.2009,0.05454,0.02525,0.03474,0.05542,0.02613,NMC523,25,1,0.2554,1
0.0496,0.08924,0.08905,0.2569,2.1,0.269,NMC811,25,1,1.161,1
0.2091,0.08088,0.4498,0.1195,0.997,0.1138,NMC811,25,1,0.2812,1
0.1357,0.1032,0.4495,0.1937,0.5677,0.1971,NMC622,25,1,0.1065,1
0.03959,0.02413,0.1325,0.3897,0.3456,0.3543,NMC111,25,1,0.04512,1
0.01306,0.02762,0.4413,0.1776,0.4251,0.2791,NMC532,25,1,0.07493,1
0.01578,0.09824,0.07544,0.1279,0.4205,0.142,NMC622,25,1,0.08001,1
0.1011,0.01738,0.06754,0.03366,0.2572,0.03434,NMC811,25,1,0.03337,1
0.04267,0.02969,0.4459,0.2828,0.2798,0.2952,NMC111,25,1,0.05928,1
0.2133,0.1093,0.2822,0.3561,1.027,0.35,NMC622,25,1,0.04976,1
0.1888,0.0841,0.2239,0.3387,0.9068,0.5342,NMC532,25,1,0.164,1
0.008959,0.005606,0.3519,0.1015,0.1944,0.07603,NMC523,25,1,0.04008,1
0.1019,0.05461,0.3595,0.0533,0.4253,0.05577,NMC811,25,1,0.1774,1
0.08232,0.007277,0.4128,0.4266,0.4593,0.4742,NMC111,25,1,0.07989,1
0.04184,0.03028,0.1663,0.1004,0.8589,0.09955,NMC811,25,1,0.08492,1
0.214,0.03156,0.2251,0.4916,1.225,0.7221,NMC532,25,1,0.2976,1
0.02595,0.0854,0.2878,0.4356,1.123,0.6284,NMC532,25,1,0.1629,1
0.1783,0.09145,0.04982,0.04833,0.07793,0.02953,NMC523,25,1,0.1616,1
0.1377,0.01326,0.06842,0.2039,0.5404,0.3208,NMC532,25,1,0.02415,1
0.1593,0.07451,0.1389,0.1566,0.152,0.1404,NMC111,25,1,0.7121,1
0.2271,0.04027,0.2803,0.2683,0.8163,0.272,NMC622,25,1,0.06584,1
0.1789,0.08262,0.4145,0.5466,0.6072,0.5968,NMC111,25,1,0.733,1
0.2112,0.03571,0.2065,0.4804,1.442,0.5103,NMC622,25,1,0.2118,1
0.1131,0.05096,0.1003,0.1994,0.5239,0.3065,NMC532,25,1,0.2964,1
0.1554,0.1004,0.2685,0.5962,1.88,0.5917,NMC622,25,1,0.6921,1
0.129,0.05261,0.1031,0.1223,0.9648,0.1224,NMC811,25,1,0.2729,1
0.02577,0.08358,0.2757,0.4228,1.02,0.6297,NMC532,25,1,0.1546,1
0.203,0.07059,0.1055,0.5119,1.24,0.7987,NMC532,25,1,0.1516,1
0.03293,0.1109,0.1397,0.2189,0.2104,0.2,NMC111,25,1,0.02908,1
0.1848,0.08049,0.3594,0.09609,0.2954,0.09567,NMC622,25,1,0.1644,1
0.2027,0.04329,0.1821,0.4327,1.294,0.4294,NMC622,25,1,0.4787,1
0.03597,0.05585,0.3191,0.4394,1.082,0.6227,NMC532,25,1,0.1055,1
0.11,0.0927,0.09597,0.2622,2.039,0.2535,NMC811,25,1,1.059,1
0.1901,0.1078,0.06089,0.5067,1.476,0.5159,NMC622,25,1,0.07711,1
0.1615,0.0947,0.03485,0.1386,1.061,0.1352,NMC811,25,1,0.1052,1
0.06923,0.04785,0.1648,0.7905,0.8053,0.7852,NMC111,25,1,0.9168,1
0.1604,0.09222,0.25,0.3189,0.4359,0.186,NMC523,25,1,0.05624,1
0.1452,0.04534,0.2232,0.06222,0.457,0.06167,NMC811,25,1,0.2349,1
0.1767,0.05888,0.2866,0.5537,1.646,0.5714,NMC622,25,1,0.05517,1
0.09195,0.007556,0.2494,0.1321,0.1507,0.1442,NMC111,25,1,0.5565,1
0.03629,0.1071,0.3316,0.5653,1.74,0.5222,NMC622,25,1,0.2374,1
0.01397,0.04369,0.44,0.04013,0.1216,0.04253,NMC622,25,1,0.2898,1
0.03243,0.02564,0.3287,0.5562,1.666,0.5897,NMC622,25,1,0.1061,1
0.166,0.05906,0.1268,0.1459,0.2659,0.09878,NMC523,25,1,1.355,1
0.1156,0.06335,0.3411,0.3788,1.14,0.4119,NMC622,25,1,0.3968,1
0.09711,0.04243,0.2542,0.3899,1.151,0.3527,NMC622,25,1,0.02125,1
0.1824,0.02734,0.4364,0.6467,0.6904,0.6759,NMC111,25,1,0.03833,1
0.01538,0.05104,0.2079,0.2883,0.8246,0.3112,NMC622,25,1,0.5833,1
0.008036,0.05048,0.3089,0.06384,0.1569,0.0876,NMC532,25,1,0.0393,1
0.1522,0.01789,0.2233,0.3212,0.884,0.3007,NMC622,25,1,0.2253,1
0.03158,0.01544,0.1359,0.4591,1.334,0.7874,NMC532,25,1,0.2368,1
0.1133,0.008733,0.3545,0.3415,0.5452,0.2021,NMC523,25,1,1.387,1
0.08768,0.1097,0.101,0.4766,1.262,0.779,NMC532,25,1,0.1069,1
0.1585,0.1108,0.2009,0.1577,1.277,0.1604,NMC811,25,1,0.2317,1
0.109,0.08003,0.3267,0.882,0.7743,0.863,NMC111,25,1,1.092,1
0.143,0.07571,0.4047,0.2251,0.4298,0.164,NMC523,25,1,0.9687,1
0.2175,0.08818,0.0824,0.04764,0.4009,0.04631,NMC811,25,1,1.136,1
0.09019,0.06295,0.2361,0.388,0.4126,0.3992,NMC111,25,1,0.5529,1
0.0469,0.04844,0.08238,0.9384,1.511,0.6081,NMC523,25,1,0.592,1
0.1186,0.01129,0.1455,0.07982,0.6618,0.08019,NMC811,25,1,0.06573,1
0.1458,0.08243,0.4011,0.1822,0.1866,0.172,NMC111,25,1,1.025,1
0.1893,0.05887,0.2641,0.383,0.3376,0.3977,NMC111,25,1,0.08071,1
0.1389,0.02325,0.2548,0.0773,0.5876,0.07825,NMC811,25,1,1.071,1
0.09521,0.05605,0.1213,0.0138,0.04594,0.01494,NMC622,25,1,0.4692,1
0.09808,0.01663,0.2282,0.02008,0.06406,0.01954,NMC622,25,1,1.318,1
0.2117,0.1094,0.08993,0.3276,0.7647,0.4527,NMC532,25,1,0.5313,1
0.1878,0.07494,0.3833,0.4942,1.295,0.8004,NMC532,25,1,0.1229,1
0.2236,0.0108,0.2939,0.8535,0.8112,0.765,NMC111,25,1,0.3146,1
0.03682,0.06333,0.4124,0.3593,1.039,0.3445,NMC622,25,1,0.06561,1
0.01422,0.1033,0.4031,0.155,0.53,0.1702,NMC622,25,1,0.02256,1
0.06777,0.0109,0.3013,0.3548,0.8329,0.4779,NMC532,25,1,0.2041,1
0.003825,0.09029,0.3981,0.1474,0.3447,0.2065,NMC532,25,1,0.3663,1
0.0616,0.1034,0.04483,0.6988,0.6211,0.686,NMC111,25,1,0.4701,1
0.2072,0.0432,0.2386,0.1046,0.1068,0.1046,NMC111,25,1,0.2165,1
0.0819,0.02947,0.243,1.014,0.8917,0.898,NMC111,25,1,0.03025,1
0.1772,0.1069,0.1908,0.1734,0.2995,0.1275,NMC523,25,1,1.217,1
0.006011,0.01133,0.266,0.4913,1.388,0.5039,NMC622,25,1,0.02691,1
0.07646,0.05843,0.4159,0.4843,1.388,0.4463,NMC622,25,1,0.06154,1
0.1932,0.05464,0.2191,0.5802,1.477,0.9464,NMC532,25,1,0.03266,1
0.1527,0.07166,0.07875,0.5204,0.4835,0.4935,NMC111,25,1,0.03131,1
0.06249,0.07534,0.3464,0.4016,0.3811,0.4162,NMC111,25,1,0.3131,1
0.06158,0.07263,0.1032,0.7788,0.7482,0.7751,NMC111,25,1,1.09,1
0.02493,0.1113,0.05051,0.166,1.385,0.1675,NMC811,25,1,0.0698,1
0.2207,0.09306,0.4433,0.5845,0.9701,0.3663,NMC523,25,1,0.05858,1
0.1189,0.04116,0.4232,0.3159,0.7724,0.457,NMC532,25,1,0.05552,1
0.2147,0.07503,0.2231,0.3102,2.279,0.3024,NMC811,25,1,0.3174,1
0.1062,0.01879,0.3678,0.3463,0.9418,0.533,NMC532,25,1,0.7047,1
0.1133,0.07533,0.0826,0.2345,2.024,0.249,NMC811,25,1,0.1444,1
0.004524,0.04067,0.1943,0.07114,0.2238,0.07374,NMC622,25,1,0.07691,1
0.2205,0.09739,0.03252,0.5583,0.5801,0.6697,NMC111,25,1,0.3207,1
0.09553,0.02201,0.4421,0.5943,1.627,0.5909,NMC622,25,1,0.3078,1
0.09767,0.0328,0.1989,0.3516,0.9496,0.62,NMC532,25,1,0.119,1
0.02845,0.1014,0.4351,0.709,1.115,0.4242,NMC523,25,1,0.4353,1
0.144,0.09057,0.1982,0.06773,0.1862,0.06942,NMC622,25,1,1.102,1
0.06604,0.03046,0.3326,0.3294,0.8135,0.5261,NMC532,25,1,0.0214,1
0.1773,0.09341,0.1747,0.09363,0.7632,0.1022,NMC811,25,1,0.2205,1
0.05447,0.01651,0.192,0.421,1.059,0.6809,NMC532,25,1,1.135,1
0.06007,0.0992,0.4143,0.3735,0.3774,0.3855,NMC111,25,1,0.4443,1
0.1237,0.09421,0.4176,0.2787,2.133,0.295,NMC811,25,1,0.7195,1
0.09109,0.006728,0.2193,0.1443,0.3331,0.2014,NMC532,25,1,0.1015,1
0.1285,0.005602,0.0928,0.3387,0.8879,0.6165,NMC532,25,1,0.2388,1
0.1225,0.03232,0.3395,0.4767,1.355,0.5321,NMC622,25,1,0.1614,1
0.09004,0.09638,0.195,0.9592,0.9131,0.9586,NMC111,25,1,0.2981,1
0.1763,0.004912,0.06196,0.5323,1.933,0.5948,NMC622,25,1,0.06296,1
0.1133,0.01668,0.2825,0.3395,1.041,0.3304,NMC622,25,1,0.05905,1
0.01656,0.01103,0.4144,0.557,1.81,0.5393,NMC622,25,1,0.568,1
0.1366,0.08768,0.1593,0.5071,1.738,0.558,NMC622,25,1,0.07335,1
0.01674,0.02709,0.2574,0.3162,2.454,0.3212,NMC811,25,1,0.2234,1
0.2124,0.0963,0.2555,0.479,0.415,0.4202,NMC111,25,1,0.06592,1
0.223,0.03873,0.1673,0.01098,0.02754,0.01539,NMC532,25,1,1.057,1
0.1304,0.09732,0.1494,0.5572,0.8763,0.331,NMC523,25,1,0.7307,1
0.2109,0.05826,0.3315,0.4201,0.7599,0.276,NMC523,25,1,0.1476,1
0.1707,0.06785,0.1993,0.3277,1.028,0.3232,NMC622,25,1,0.2119,1
0.1656,0.04747,0.04339,0.2424,0.6898,0.2388,NMC622,25,1,0.05727,1
0.05634,0.08569,0.01361,0.8586,1.437,0.539,NMC523,25,1,0.07419,1
0.04906,0.1059,0.1972,0.05385,0.4219,0.05314,NMC811,25,1,0.142,1
0.1302,0.06701,0.174,0.1995,0.4659,0.2619,NMC532,25,1,0.02985,1
0.1977,0.0331,0.3496,0.7588,0.8074,0.8244,NMC111,25,1,0.8919,1
0.05396,0.004875,0.04051,0.4235,1.444,0.4647,NMC622,25,1,0.3096,1
0.1696,0.05793,0.291,0.14,1.02,0.1394,NMC811,25,1,0.0435,1
0.1661,0.08996,0.3308,0.2765,2,0.231,NMC811,25,1,0.1927,1
0.148,0.08577,0.2402,0.126,1.062,0.1225,NMC811,25,1,1.11,1
0.03795,0.02156,0.1131,0.8216,1.324,0.544,NMC523,25,1,0.1836,1
0.172,0.06892,0.1489,0.5487,1.405,0.8114,NMC532,25,1,0.1044,1
0.1763,0.101,0.1827,0.01568,0.1266,0.01545,NMC811,25,1,0.0981,1
0.1721,0.01033,0.171,0.7979,0.759,0.7661,NMC111,25,1,0.4433,1
0.1317,0.08177,0.2973,0.4551,1.448,0.4422,NMC622,25,1,1.5,1
0.1655,0.0395,0.2495,0.06491,0.1275,0.04721,NMC523,25,1,0.5602,1
0.05583,0.08249,0.385,0.8175,1.33,0.5415,NMC523,25,1,0.02563,1
0.2223,0.03577,0.2977,0.6596,1.156,0.4806,NMC523,25,1,0.04126,1
0.04758,0.03009,0.03499,0.01192,0.09854,0.012,NMC811,25,1,0.06311,1
0.03893,0.06365,0.09668,1.021,0.9628,0.9239,NMC111,25,1,0.05772,1
0.209,0.1074,0.02688,0.3739,0.9818,0.3405,NMC622,25,1,0.04929,1
0.05159,0.003868,0.1422,0.1243,0.9778,0.1419,NMC811,25,1,1.418,1
0.07359,0.0312,0.1683,0.01837,0.0538,0.01818,NMC622,25,1,0.03672,1
0.2243,0.06699,0.06891,0.01574,0.04511,0.01668,NMC622,25,1,0.02309,1
0.1747,0.01327,0.4187,0.2316,2.082,0.2208,NMC811,25,1,0.1666,1
0.042,0.09635,0.1639,0.7718,0.8019,0.7985,NMC111,25,1,0.02697,1
0.00576,0.01348,0.1764,0.1159,0.1899,0.06741,NMC523,25,1,0.03493,1
0.07029,0.08371,0.1097,0.5171,1.557,0.5013,NMC622,25,1,0.05705,1
0.04811,0.06912,0.2219,0.1794,1.404,0.1762,NMC811,25,1,0.3987,1
0.04853,0.01626,0.01291,0.4005,0.6292,0.2794,NMC523,25,1,0.5034,1
0.1019,0.02862,0.3162,0.08809,0.7532,0.0887,NMC811,25,1,0.4373,1
0.05121,0.0879,0.3198,0.6205,1.362,0.9533,NMC532,25,1,0.1097,1
0.1898,0.0779,0.1018,0.8403,0.8035,0.8035,NMC111,25,1,0.02546,1
0.139,0.005062,0.1931,0.5817,1.529,0.9565,NMC532,25,1,1.169,1
0.1802,0.06545,0.1786,0.9174,1.525,0.577,NMC523,25,1,0.032,1
0.149,0.03085,0.06593,0.1838,1.444,0.1906,NMC811,25,1,0.04704,1
0.03351,0.07006,0.4337,0.4803,1.45,0.4863,NMC622,25,1,0.03836,1
0.1485,0.1055,0.1521,0.1745,1.505,0.1999,NMC811,25,1,0.1283,1
0.1855,0.03049,0.1284,0.1226,1.044,0.1201,NMC811,25,1,0.2784,1
0.1405,0.06311,0.2157,0.3006,2.374,0.3236,NMC811,25,1,0.2243,1
0.1765,0.01402,0.3562,0.3757,1.22,0.4056,NMC622,25,1,0.3644,1
0.1164,0.02493,0.3875,0.606,1.366,0.8927,NMC532,25,1,0.1153,1
0.0263,0.08314,0.3032,0.2515,2.239,0.2518,NMC811,25,1,0.7665,1
0.01296,0.1047,0.0926,0.2364,0.2589,0.2767,NMC111,25,1,0.5511,1
0.1974,0.107,0.211,0.03487,0.2743,0.03535,NMC811,25,1,0.03865,1
0.1635,0.06802,0.3216,0.0449,0.3437,0.04382,NMC811,25,1,0.03923,1
0.04363,0.1044,0.05822,0.05361,0.08217,0.037,NMC523,25,1,0.5528,1
0.1907,0.07125,0.2063,0.6289,1.023,0.4259,NMC523,25,1,0.643,1
0.1755,0.01427,0.1504,0.5898,1.55,0.9415,NMC532,25,1,1.13,1
0.0479,0.01445,0.1364,0.4366,0.6956,0.2738,NMC523,25,1,0.1609,1
0.09763,0.1052,0.03802,0.6237,1.824,0.6085,NMC622,25,1,0.09041,1
0.09318,0.06745,0.383,0.1849,1.505,0.2003,NMC811,25,1,0.03602,1
0.06602,0.0114,0.1124,0.4488,1.194,0.8184,NMC532,25,1,0.02147,1
0.107,0.02771,0.2187,0.1388,1.052,0.1406,NMC811,25,1,1.064,1
0.1715,0.09522,0.3892,0.171,0.2989,0.1033,NMC523,25,1,0.9247,1
0.04998,0.03211,0.1662,1.056,0.9973,1.039,NMC111,25,1,0.5808,1
0.02796,0.01099,0.334,0.1258,0.1881,0.08357,NMC523,25,1,0.2741,1
0.1738,0.001875,0.4036,0.6075,1.177,0.4186,NMC523,25,1,0.277,1
0.1058,0.03161,0.3806,0.01962,0.0185,0.02169,NMC111,25,1,1.326,1
0.04702,0.09273,0.1878,0.8569,1.436,0.5901,NMC523,25,1,0.2821,1
0.1412,0.0821,0.1277,0.2387,2.038,0.2444,NMC811,25,1,0.0699,1
0.03566,0.03425,0.4181,0.2703,2.192,0.2611,NMC811,25,1,0.02235,1
0.1367,0.03355,0.3655,0.04491,0.3585,0.04303,NMC811,25,1,1.324,1
0.02946,0.1034,0.151,0.1923,0.4659,0.2718,NMC532,25,1,0.6284,1
0.215,0.09453,0.3641,0.3963,1.156,0.3876,NMC622,25,1,0.2023,1
0.2163,0.04902,0.195,0.6122,1.714,0.6544,NMC622,25,1,1.058,1
0.1662,0.03822,0.3658,0.4304,1.066,0.7142,NMC532,25,1,0.0489,1
0.1271,0.002622,0.3507,0.5788,1.42,0.8784,NMC532,25,1,0.06273,1
0.2069,0.01952,0.1208,0.5989,0.5542,0.5967,NMC111,25,1,0.02164,1
0.1263,0.07836,0.2594,0.2569,0.7999,0.2545,NMC622,25,1,0.02739,1
0.07033,0.05573,0.08302,0.02215,0.1856,0.02221,NMC811,25,1,0.02092,1
0.1264,0.0982,0.2653,0.1482,0.3761,0.1383,NMC622,25,1,0.1121,1
0.074,0.07943,0.04342,0.1581,0.5104,0.1717,NMC622,25,1,0.06661,1
0.2071,0.09405,0.3963,0.02512,0.2184,0.02975,NMC811,25,1,0.1701,1
0.2042,0.08586,0.3269,0.08752,0.2865,0.0888,NMC622,25,1,0.6462,1
0.1264,0.06841,0.3637,0.302,0.7886,0.4453,NMC532,25,1,0.1836,1
0.1343,0.06209,0.1272,0.401,1.2,0.4057,NMC622,25,1,0.06334,1
0.07122,0.03501,0.34,0.08513,0.1238,0.0557,NMC523,25,1,0.1049,1
0.1663,0.06999,0.1981,0.02276,0.06434,0.02141,NMC622,25,1,0.9237,1
0.06788,0.09992,0.3639,0.383,0.9408,0.5581,NMC532,25,1,0.369,1
0.05158,0.0667,0.1032,0.5467,1.466,0.9068,NMC532,25,1,0.8433,1
0.07333,0.034,0.3723,0.01603,0.0451,0.01641,NMC622,25,1,0.1197,1
0.05665,0.05693,0.3377,0.1906,0.4259,0.2748,NMC532,25,1,0.5847,1
0.2148,0.007555,0.1724,0.05991,0.4603,0.0589,NMC811,25,1,1.248,1
0.1947,0.08253,0.4171,0.6242,0.6015,0.6061,NMC111,25,1,0.02475,1
0.04089,0.005392,0.3109,0.7747,0.7774,0.8102,NMC111,25,1,0.471,1
0.06637,0.04522,0.04887,0.6894,0.7011,0.6194,NMC111,25,1,0.8934,1
0.1154,0.08542,0.1469,0.1478,0.4509,0.1575,NMC622,25,1,0.5454,1
0.1038,0.08846,0.412,0.2705,0.297,0.2829,NMC111,25,1,0.4361,1
0.08046,0.08815,0.4404,0.1145,0.3024,0.1126,NMC622,25,1,0.2005,1
0.1408,0.07936,0.1746,0.3794,1.148,0.4408,NMC622,25,1,1.275,1
0.1846,0.09761,0.1929,0.5007,0.894,0.3152,NMC523,25,1,0.04158,1
0.03488,0.1071,0.1609,0.06778,0.1917,0.06642,NMC622,25,1,0.0268,1
0.0564,0.07301,0.3424,0.1055,0.3003,0.09652,NMC622,25,1,0.06504,1
0.05306,0.0515,0.2867,0.3272,0.326,0.2908,NMC111,25,1,0.04757,1
0.2133,0.01621,0.05726,0.2966,0.5078,0.1876,NMC523,25,1,0.1646,1
0.1846,0.103,0.1503,0.6124,1.824,0.6381,NMC622,25,1,0.02872,1
0.2138,0.05619,0.3434,0.09316,0.2734,0.09929,NMC622,25,1,0.02386,1
0.04934,0.04634,0.4182,0.6162,1.027,0.4557,NMC523,25,1,0.04185,1
0.05498,0.07512,0.1161,0.6878,1.272,0.4617,NMC523,25,1,0.5403,1
0.06882,0.09642,0.2524,0.4943,1.213,0.7102,NMC532,25,1,0.7528,1
0.0923,0.1082,0.3566,0.3379,1.051,0.3778,NMC622,25,1,0.03973,1
0.2158,0.07444,0.1509,0.01448,0.03878,0.01453,NMC622,25,1,0.3343,1
0.1324,0.08512,0.3145,0.4757,0.7796,0.3212,NMC523,25,1,0.06597,1
0.1313,0.0248,0.03177,0.4484,1.199,0.4283,NMC622,25,1,0.1145,1
0.04802,0.01908,0.2091,1.026,0.9809,1,NMC111,25,1,0.6178,1
0.2147,0.09902,0.1038,0.5422,0.866,0.3762,NMC523,25,1,1.143,1
0.0598,0.1071,0.3225,0.2857,0.7584,0.4686,NMC532,25,1,0.3786,1
0.1963,0.0114,0.4407,1,0.8164,0.9034,NMC111,25,1,0.08853,1
0.009456,0.0202,0.188,0.3875,1.069,0.6001,NMC532,25,1,0.3197,1
0.04655,0.05673,0.3815,0.1473,1.195,0.14,NMC811,25,1,0.1334,1
0.1099,0.05376,0.3424,0.8088,1.224,0.5656,NMC523,25,1,0.284,1
0.03886,0.02966,0.186,0.5357,1.66,0.5466,NMC622,25,1,0.8647,1
0.05419,0.02307,0.2078,0.02952,0.06489,0.04282,NMC532,25,1,0.1667,1
0.07085,0.03444,0.3326,0.2248,0.7024,0.2624,NMC622,25,1,0.3159,1
0.2119,0.03268,0.4099,0.546,1.455,0.7386,NMC532,25,1,0.248,1
0.1181,0.07438,0.2586,0.5433,1.226,0.7907,NMC532,25,1,0.6645,1
0.1063,0.01948,0.2159,0.5271,1.464,0.5466,NMC622,25,1,0.5243,1
0.08879,0.004214,0.191,0.1945,0.5016,0.3009,NMC532,25,1,0.1106,1
0.05146,0.035,0.1685,0.4232,1.426,0.4792,NMC622,25,1,0.1917,1
0.1649,0.01776,0.4112,0.1472,0.403,0.1298,NMC622,25,1,0.9811,1
0.06088,0.08789,0.4181,0.09109,0.087,0.08578,NMC111,25,1,0.06986,1
0.1899,0.05652,0.0411,0.5902,1.29,0.8515,NMC532,25,1,0.02648,1
0.08663,0.07944,0.3152,0.1581,0.514,0.1696,NMC622,25,1,0.03188,1
0.227,0.01801,0.4484,0.4184,0.4815,0.4362,NMC111,25,1,0.06622,1
0.1395,0.09209,0.3451,0.2008,0.5573,0.1817,NMC622,25,1,0.03725,1
0.1465,0.06458,0.3866,0.5039,1.373,0.7729,NMC532,25,1,0.2505,1
0.1171,0.04722,0.2757,0.04803,0.126,0.07626,NMC532,25,1,0.8224,1
0.07713,0.0359,0.4325,0.4514,1.572,0.4838,NMC622,25,1,0.0211,1
0.02678,0.05613,0.3678,0.5155,1.574,0.5038,NMC622,25,1,0.02177,1
0.1397,0.06349,0.03389,0.4838,1.414,0.7359,NMC532,25,1,0.07798,1
0.1976,0.01264,0.2453,0.7698,1.31,0.5108,NMC523,25,1,0.4806,1
0.1207,0.09345,0.2097,0.2519,2.221,0.2541,NMC811,25,1,0.04084,1
0.02324,0.0123,0.4354,0.5597,1.381,0.8156,NMC532,25,1,0.8971,1
0.07537,0.08539,0.08182,0.3668,0.5765,0.2245,NMC523,25,1,1.26,1
0.1926,0.05112,0.0773,0.06958,0.2106,0.07474,NMC622,25,1,0.3809,1
0.01587,0.06152,0.1131,0.119,0.3142,0.1955,NMC532,25,1,0.08886,1
0.1406,0.03653,0.31,0.1012,0.0996,0.09289,NMC111,25,1,0.2798,1
0.05168,0.07246,0.2392,0.03066,0.2196,0.03048,NMC811,25,1,0.8462,1
0.07891,0.03455,0.07503,0.9168,0.9711,1.006,NMC111,25,1,0.9139,1
0.1713,0.07148,0.4525,0.9328,1.441,0.4879,NMC523,25,1,1.028,1
0.06013,0.0924,0.1783,0.1678,0.4354,0.2549,NMC532,25,1,1.022,1
0.2179,0.01396,0.3858,0.1696,1.414,0.1635,NMC811,25,1,0.1507,1
0.1821,0.06833,0.3074,0.5337,1.457,0.5187,NMC622,25,1,0.2701,1
0.09942,0.04065,0.282,0.8238,0.8725,0.8596,NMC111,25,1,0.1801,1
0.1942,0.1034,0.179,0.09551,0.3105,0.09381,NMC622,25,1,0.02639,1
0.1613,0.03195,0.2253,0.2445,0.5691,0.3328,NMC532,25,1,0.8187,1
0.08949,0.05051,0.1306,0.2082,1.687,0.2121,NMC811,25,1,0.04517,1
0.04455,0.08278,0.187,0.5632,0.9122,0.3883,NMC523,25,1,0.8331,1
0.07053,0.0251,0.03545,0.3278,0.3158,0.3287,NMC111,25,1,0.03045,1
0.08975,0.08901,0.02248,0.5494,0.602,0.5913,NMC111,25,1,0.6786,1
0.0736,0.01556,0.3949,0.4924,1.721,0.4779,NMC622,25,1,0.1096,1
0.2252,0.08835,0.2179,0.09942,0.2256,0.146,NMC532,25,1,0.1022,1
0.1279,0.04333,0.174,0.01783,0.04603,0.02952,NMC532,25,1,0.984,1
0.1281,0.08029,0.2022,0.117,0.8728,0.1167,NMC811,25,1,0.1633,1
0.04273,0.05345,0.104,0.4737,1.368,0.4793,NMC622,25,1,1.179,1
0.1617,0.05116,0.2728,0.3656,0.9722,0.5291,NMC532,25,1,0.4099,1
0.09109,0.01813,0.08734,0.01833,0.1641,0.01992,NMC811,25,1,0.6522,1
0.1838,0.05817,0.0643,0.2962,2.364,0.2571,NMC811,25,1,0.06969,1
0.1236,0.04238,0.03953,0.4882,0.5296,0.5001,NMC111,25,1,0.06864,1
0.1168,0.07063,0.3224,0.1803,1.372,0.1574,NMC811,25,1,0.04458,1
0.2224,0.03088,0.1677,0.1477,0.4568,0.1706,NMC622,25,1,0.232,1
0.1666,0.0733,0.4505,0.4407,1.075,0.6208,NMC532,25,1,0.2984,1
0.04448,0.03076,0.1053,0.1028,0.1052,0.1019,NMC111,25,1,0.02424,1
0.01275,0.1014,0.1322,0.453,0.7643,0.3169,NMC523,25,1,0.3361,1
0.04579,0.0322,0.01242,0.02173,0.06322,0.02141,NMC622,25,1,0.3407,1
0.005094,0.07391,0.02736,0.8153,1.316,0.5641,NMC523,25,1,0.7155,1
0.1654,0.004197,0.2783,0.3238,0.3101,0.3319,NMC111,25,1,0.02253,1
0.164,0.1057,0.1424,0.1802,0.4469,0.2736,NMC532,25,1,0.1332,1
0.05805,0.05773,0.01111,0.4326,0.6735,0.2795,NMC523,25,1,0.07301,1
0.0278,0.006212,0.02506,0.01389,0.03843,0.01431,NMC622,25,1,0.3097,1
0.1389,0.06764,0.1108,0.2911,0.7938,0.4389,NMC532,25,1,0.2455,1
0.02507,0.04241,0.3574,0.9283,1.573,0.5775,NMC523,25,1,1.435,1
0.1349,0.07837,0.07731,0.04727,0.1329,0.07492,NMC532,25,1,0.1275,1
0.08779,0.02218,0.1696,0.03723,0.09146,0.06425,NMC532,25,1,0.3933,1
0.154,0.02121,0.05516,0.2565,0.4161,0.1682,NMC523,25,1,0.03438,1
0.07591,0.05293,0.09584,0.04565,0.1271,0.04682,NMC622,25,1,0.3015,1
0.06297,0.03992,0.03001,0.08329,0.5621,0.07273,NMC811,25,1,0.1262,1
0.02371,0.1086,0.03895,0.635,1.524,0.9246,NMC532,25,1,0.09481,1
0.09921,0.07475,0.08006,0.1984,1.652,0.2046,NMC811,25,1,0.83,1
0.09758,0.08125,0.3712,0.2393,1.81,0.2405,NMC811,25,1,0.2104,1
0.1462,0.03681,0.3824,0.9511,0.9637,0.9841,NMC111,25,1,0.07832,1
0.103,0.002391,0.2337,0.3407,1.245,0.3997,NMC622,25,1,0.03177,1
0.01456,0.0509,0.3941,0.3565,0.537,0.2275,NMC523,25,1,0.4547,1
0.1076,0.0863,0.1019,0.3831,0.5738,0.2485,NMC523,25,1,0.2255,1
0.2159,0.0234,0.2416,0.4216,1.316,0.4127,NMC622,25,1,0.9483,1
0.1581,0.03692,0.1025,0.2422,0.6352,0.3898,NMC532,25,1,0.2719,1
0.08718,0.07658,0.3359,0.07111,0.1642,0.1123,NMC532,25,1,0.1155,1
0.07082,0.02833,0.02598,0.6732,1.144,0.4422,NMC523,25,1,0.2281,1
0.1065,0.003887,0.06347,0.2166,0.6191,0.2146,NMC622,25,1,1.209,1
0.08533,0.08515,0.0849,0.7487,0.7738,0.764,NMC111,25,1,0.08792,1
0.113,0.05961,0.03305,0.4674,0.85,0.3569,NMC523,25,1,0.03299,1
0.04276,0.0631,0.2965,0.1836,0.4588,0.2761,NMC532,25,1,0.1409,1
0.1663,0.09969,0.2369,0.1238,1.1,0.1358,NMC811,25,1,0.6308,1
0.2059,0.01389,0.162,0.1341,1.04,0.1215,NMC811,25,1,0.0228,1
0.122,0.05369,0.2487,0.2585,0.4191,0.1865,NMC523,25,1,0.2781,1
0.1494,0.05521,0.08881,0.4476,1.195,0.6482,NMC532,25,1,0.5519,1
0.01611,0.04973,0.2304,0.1286,0.3855,0.1309,NMC622,25,1,0.3432,1
0.03221,0.07625,0.4101,0.114,0.9007,0.1214,NMC811,25,1,0.3878,1
0.207,0.03032,0.1443,0.5661,0.5692,0.5174,NMC111,25,1,0.1174,1
0.05165,0.08655,0.3488,0.7617,0.9406,0.909,NMC111,25,1,1.232,1
0.06995,0.09534,0.1141,0.5109,1.633,0.4768,NMC622,25,1,0.9786,1
0.1208,0.02036,0.1519,0.1762,0.5453,0.1697,NMC622,25,1,0.4119,1
0.05817,0.03436,0.1564,0.3273,0.8927,0.5709,NMC532,25,1,1.213,1
0.1819,0.02998,0.09538,0.3104,0.9598,0.3302,NMC622,25,1,0.8998,1
0.04076,0.07481,0.2318,0.5461,1.821,0.5411,NMC622,25,1,0.2851,1
0.181,0.04931,0.1748,0.1145,0.293,0.18,NMC532,25,1,0.2826,1
0.03432,0.02241,0.0239,0.9193,0.9339,0.9275,NMC111,25,1,0.03449,1
0.04015,0.05844,0.4526,0.4477,0.4612,0.422,NMC111,25,1,0.07015,1
0.1146,0.01369,0.1306,0.2512,1.939,0.2304,NMC811,25,1,0.7273,1
0.1963,0.03793,0.1756,0.1231,0.2019,0.08213,NMC523,25,1,0.08407,1
0.127,0.002373,0.04137,0.5969,1.512,0.8826,NMC532,25,1,0.0423,1
0.05875,0.02852,0.3642,0.1868,0.5783,0.1966,NMC622,25,1,0.1802,1
0.2255,0.03281,0.2104,0.2084,0.5219,0.2931,NMC532,25,1,0.7849,1
0.1127,0.1046,0.4125,0.402,1.285,0.4433,NMC622,25,1,0.4456,1
0.03812,0.1013,0.3367,0.2581,0.2485,0.2262,NMC111,25,1,0.8166,1
0.116,0.01807,0.356,0.4776,1.28,0.7513,NMC532,25,1,0.3085,1
0.09353,0.02767,0.3126,0.4224,1.225,0.6314,NMC532,25,1,0.4216,1
0.09887,0.06538,0.1,0.6139,0.549,0.523,NMC111,25,1,0.473,1
0.09274,0.007908,0.05602,0.3543,0.874,0.4734,NMC532,25,1,0.1104,1
0.1818,0.04679,0.4551,0.02353,0.1983,0.02461,NMC811,25,1,0.9041,1
0.08997,0.07166,0.0903,0.4834,1.139,0.6975,NMC532,25,1,0.7077,1
0.1394,0.03775,0.1732,0.02191,0.1893,0.02199,NMC811,25,1,0.02876,1
0.1554,0.0986,0.1137,0.01148,0.03095,0.0173,NMC532,25,1,0.192,1
0.1413,0.1021,0.38,0.1509,0.4319,0.1418,NMC622,25,1,0.5555,1
0.05916,0.01024,0.2295,0.3658,0.9648,0.5915,NMC532,25,1,0.05276,1
0.03234,0.03794,0.04357,0.6689,1.155,0.446,NMC523,25,1,0.1281,1
0.07355,0.09148,0.1655,0.2107,1.529,0.189,NMC811,25,1,0.04946,1
0.2253,0.006109,0.1902,0.5608,0.5791,0.5445,NMC111,25,1,0.07892,1
0.1229,0.02933,0.1714,0.8844,0.8873,0.8722,NMC111,25,1,0.5814,1
0.04324,0.0373,0.03113,0.9547,0.9583,0.9466,NMC111,25,1,0.03452,1
0.0793,0.02022,0.01452,0.1873,0.5602,0.2022,NMC622,25,1,0.03418,1
0.02404,0.05477,0.3794,0.5762,0.4984,0.6009,NMC111,25,1,0.1957,1
0.03521,0.004298,0.09382,0.1084,0.2632,0.1633,NMC532,25,1,0.04341,1
0.007957,0.08823,0.2776,0.6239,0.6986,0.638,NMC111,25,1,0.2574,1
0.06402,0.06897,0.03823,0.3945,0.9244,0.5489,NMC532,25,1,0.1186,1
0.09889,0.003602,0.3196,0.5105,0.4645,0.4244,NMC111,25,1,0.2476,1
0.2089,0.05494,0.06533,0.9307,1.011,0.9615,NMC111,25,1,0.02554,1
0.2181,0.1087,0.2438,0.1323,0.3055,0.1949,NMC532,25,1,0.05638,1
0.2053,0.05445,0.2943,0.344,0.9711,0.5474,NMC532,25,1,0.1639,1
0.05276,0.04655,0.3497,0.1269,0.2005,0.08218,NMC523,25,1,0.4716,1
0.1346,0.05259,0.07216,0.3899,1.152,0.4064,NMC622,25,1,0.8669,1
0.01023,0.06355,0.1851,0.5627,0.8131,0.3309,NMC523,25,1,0.151,1
0.01899,0.09818,0.2199,0.9396,0.9328,0.9308,NMC111,25,1,0.03935,1
0.05019,0.004444,0.345,0.5064,0.9288,0.3688,NMC523,25,1,0.1707,1
0.1723,0.0133,0.3279,0.4223,1.256,0.6933,NMC532,25,1,1.441,1
0.2113,0.09689,0.2153,0.3056,0.8409,0.428,NMC532,25,1,0.06869,1
0.07805,0.02466,0.3353,0.06139,0.428,0.0568,NMC811,25,1,0.04601,1
0.01194,0.01047,0.1962,0.2719,0.3047,0.3023,NMC111,25,1,0.1045,1
0.01136,0.02795,0.2584,0.5752,0.6039,0.6015,NMC111,25,1,0.2065,1
0.02607,0.05291,0.2499,0.5816,0.5559,0.5824,NMC111,25,1,0.09012,1
0.0655,0.006029,0.2716,0.3388,1.034,0.3264,NMC622,25,1,0.097,1
0.04567,0.05059,0.02319,0.8243,1.348,0.4793,NMC523,25,1,0.05609,1
0.1436,0.03626,0.332,0.03674,0.1204,0.03701,NMC622,25,1,0.04145,1
0.06357,0.03693,0.4104,0.1554,0.4039,0.2386,NMC532,25,1,0.09559,1
0.1882,0.1102,0.2009,0.2091,1.851,0.2132,NMC811,25,1,0.5372,1
0.1145,0.02065,0.3125,0.241,1.975,0.2399,NMC811,25,1,0.7927,1
0.07482,0.08462,0.1631,0.01359,0.03885,0.02274,NMC532,25,1,0.1103,1
0.09567,0.07782,0.1731,0.5376,0.8422,0.3215,NMC523,25,1,0.08032,1
0.114,0.07482,0.1465,0.1852,0.5542,0.187,NMC622,25,1,1.082,1
0.1547,0.09208,0.3161,0.03065,0.06847,0.04213,NMC532,25,1,1.023,1
0.1411,0.01059,0.3288,0.8573,1.477,0.5294,NMC523,25,1,0.101,1
0.04192,0.04562,0.1212,0.363,1.09,0.3675,NMC622,25,1,0.4198,1
0.1783,0.003708,0.1808,0.2516,0.6106,0.3632,NMC532,25,1,1.264,1
0.1237,0.09501,0.04618,0.3799,0.9845,0.5644,NMC532,25,1,0.7872,1
0.1068,0.004358,0.3477,0.5918,1.321,0.8515,NMC532,25,1,0.03395,1
0.1694,0.1107,0.3242,0.1001,0.2385,0.1452,NMC532,25,1,0.07311,1
0.2241,0.01131,0.04653,0.3814,0.578,0.2358,NMC523,25,1,0.1032,1
0.02631,0.04109,0.0337,0.1158,0.2041,0.0808,NMC523,25,1,0.5652,1
0.1257,0.005053,0.382,0.02172,0.02372,0.02107,NMC111,25,1,0.7654,1
0.175,0.005923,0.2673,0.2091,1.738,0.206,NMC811,25,1,1.135,1
0.08425,0.04409,0.3574,0.1764,1.508,0.186,NMC811,25,1,0.3421,1
0.02719,0.02209,0.2659,0.2379,2.127,0.2979,NMC811,25,1,0.7202,1
0.08443,0.05792,0.1697,0.2652,0.6392,0.4217,NMC532,25,1,0.2179,1
0.08249,0.04145,0.2865,0.2188,1.765,0.2467,NMC811,25,1,0.3861,1
0.005341,0.03271,0.257,0.5074,1.158,0.7137,NMC532,25,1,0.2955,1
0.05752,0.05321,0.2156,0.5038,0.5931,0.6021,NMC111,25,1,0.05317,1
0.2062,0.1033,0.2648,0.5374,0.9056,0.3793,NMC523,25,1,0.1369,1
0.1429,0.05682,0.01645,0.742,1.173,0.4814,NMC523,25,1,0.09663,1
0.08824,0.01597,0.0613,0.1538,0.3998,0.234,NMC532,25,1,0.1912,1
0.08637,0.05616,0.3322,0.5087,1.482,0.4995,NMC622,25,1,0.04081,1
0.1382,0.008088,0.3228,0.2548,0.7762,0.2448,NMC622,25,1,1.059,1
0.05153,0.09187,0.162,0.0179,0.1499,0.01745,NMC811,25,1,0.1762,1
0.2122,0.05166,0.03398,0.3092,0.2757,0.2642,NMC111,25,1,0.2464,1
0.05089,0.07712,0.3937,0.09733,0.1089,0.1008,NMC111,25,1,0.3237,1
0.04237,0.08155,0.249,0.9213,1.499,0.6516,NMC523,25,1,0.2911,1
0.04835,0.01181,0.0922,0.2777,2.454,0.3103,NMC811,25,1,0.4718,1
0.1054,0.1036,0.148,0.9651,1.524,0.5918,NMC523,25,1,0.1842,1
0.04194,0.06678,0.1175,0.2299,0.2105,0.2082,NMC111,25,1,0.219,1
0.2223,0.09088,0.009292,0.1017,0.1037,0.1013,NMC111,25,1,0.3359,1
0.088,0.02781,0.2086,0.2855,0.5184,0.1977,NMC523,25,1,0.03593,1
0.02644,0.04032,0.07015,0.02176,0.1879,0.02473,NMC811,25,1,0.8083,1
0.06708,0.03201,0.184,0.6918,0.6516,0.6955,NMC111,25,1,1.152,1
0.08925,0.09311,0.07483,0.4101,0.6017,0.2642,NMC523,25,1,0.03755,1
0.01473,0.02534,0.1066,0.01177,0.0315,0.01894,NMC532,25,1,0.1122,1
0.1907,0.04191,0.2103,0.578,0.9312,0.3745,NMC523,25,1,0.03349,1
0.1973,0.07163,0.007377,0.5547,1.621,0.6093,NMC622,25,1,0.02443,1
0.1373,0.005134,0.09798,0.3078,2.44,0.3288,NMC811,25,1,0.7363,1
0.05118,0.01577,0.2523,0.3616,0.6543,0.2432,NMC523,25,1,0.403,1
0.1475,0.04909,0.4146,0.2461,0.3655,0.1668,NMC523,25,1,0.9757,1
0.1337,0.1111,0.4217,0.8833,1.469,0.589,NMC523,25,1,0.8734,1
0.1401,0.09692,0.07506,0.2042,1.732,0.2047,NMC811,25,1,1.363,1
0.04331,0.0601,0.4425,0.05478,0.4492,0.0578,NMC811,25,1,0.1411,1
0.09269,0.08565,0.261,0.3976,1.027,0.5419,NMC532,25,1,0.1541,1
0.1442,0.0949,0.443,0.909,1.432,0.6177,NMC523,25,1,1.359,1
0.07454,0.06713,0.4515,0.8165,0.7656,0.812,NMC111,25,1,0.7654,1
0.01912,0.1015,0.2792,0.6159,1.35,0.8251,NMC532,25,1,0.02985,1
0.09451,0.08168,0.3377,0.3306,0.5517,0.215,NMC523,25,1,1.299,1
0.1974,0.09571,0.06169,0.4684,1.24,0.6966,NMC532,25,1,0.0369,1
0.1045,0.03823,0.3528,0.2951,0.7084,0.4216,NMC532,25,1,0.2,1
0.05271,0.009205,0.3463,0.08989,0.7034,0.09925,NMC811,25,1,0.2992,1
0.1911,0.09663,0.2625,0.08982,0.234,0.1401,NMC532,25,1,0.9451,1
0.1589,0.00501,0.3976,0.414,0.6822,0.2867,NMC523,25,1,0.1036,1
0.1807,0.09155,0.3351,1.04,0.9498,0.9719,NMC111,25,1,0.674,1
0.1966,0.08212,0.3879,0.2135,0.5448,0.2873,NMC532,25,1,0.508,1
0.06817,0.008919,0.03434,0.8157,1.324,0.5235,NMC523,25,1,0.2144,1
0.1867,0.008116,0.4094,0.903,0.9909,0.911,NMC111,25,1,0.07848,1
0.06099,0.008004,0.2892,0.2984,1.004,0.3108,NMC622,25,1,0.1168,1
0.1003,0.003841,0.4056,0.5145,1.402,0.8576,NMC532,25,1,0.03092,1
0.1249,0.01435,0.1906,0.5015,0.4984,0.5453,NMC111,25,1,0.04061,1
0.2012,0.0452,0.03181,0.2713,0.5397,0.2029,NMC523,25,1,0.04401,1
0.08703,0.08549,0.3647,0.1579,0.4269,0.2652,NMC532,25,1,0.987,1
0.1424,0.03655,0.3509,0.2648,0.5126,0.2122,NMC523,25,1,0.03869,1
0.1773,0.06812,0.3648,0.468,0.7562,0.2973,NMC523,25,1,0.5488,1
0.0561,0.0744,0.04204,0.2515,2.01,0.2708,NMC811,25,1,0.02043,1
0.2225,0.07328,0.3882,0.2486,2.133,0.2196,NMC811,25,1,0.9134,1
0.18,0.02907,0.2009,0.7054,1.235,0.4963,NMC523,25,1,0.03835,1
0.07251,0.03439,0.4188,0.1344,0.3813,0.1342,NMC622,25,1,0.957,1
0.1468,0.03479,0.1988,0.6821,1.039,0.4553,NMC523,25,1,0.03254,1
0.02675,0.06606,0.05681,0.4415,1.015,0.6217,NMC532,25,1,0.2585,1
0.1115,0.06926,0.1919,0.1602,1.322,0.1715,NMC811,25,1,0.07347,1
0.07956,0.01273,0.1008,0.4473,1.112,0.6428,NMC532,25,1,0.03377,1
0.02269,0.05796,0.3368,0.4836,0.8079,0.3242,NMC523,25,1,0.3619,1
0.1208,0.09689,0.1884,0.9614,1.014,0.9621,NMC111,25,1,0.372,1
0.1326,0.06329,0.4322,0.1082,0.1787,0.07631,NMC523,25,1,0.1645,1
0.2122,0.05936,0.1305,0.4483,1.226,0.7138,NMC532,25,1,0.6249,1
0.01228,0.07595,0.0243,0.3936,1.084,0.3851,NMC622,25,1,0.1338,1
0.008033,0.0208,0.3227,0.08931,0.1514,0.05882,NMC523,25,1,0.2463,1
0.2187,0.008987,0.03587,0.05668,0.4279,0.0552,NMC811,25,1,0.03129,1
0.1949,0.03286,0.08082,0.2443,0.4431,0.164,NMC523,25,1,0.1282,1
0.1726,0.07484,0.3863,0.517,1.374,0.7398,NMC532,25,1,0.1178,1
0.1092,0.04847,0.2897,0.2764,0.428,0.1826,NMC523,25,1,0.6438,1
0.1752,0.03787,0.3126,0.4182,0.3782,0.3858,NMC111,25,1,1.295,1
0.04146,0.008119,0.04309,0.08274,0.6706,0.08578,NMC811,25,1,1.054,1
0.1268,0.07034,0.01163,0.4288,0.7203,0.3096,NMC523,25,1,0.1264,1
0.109,0.09447,0.0224,0.06795,0.07136,0.06692,NMC111,25,1,0.1252,1
0.1998,0.01881,0.2944,0.5218,1.372,0.8201,NMC532,25,1,0.5722,1
0.2002,0.01828,0.4358,0.2388,0.5864,0.3708,NMC532,25,1,0.7802,1
0.1753,0.05255,0.3985,0.4565,1.077,0.6765,NMC532,25,1,0.02045,1
0.1283,0.01779,0.2162,0.1639,1.206,0.1703,NMC811,25,1,0.04427,1
0.1279,0.05312,0.129,0.1453,0.141,0.1314,NMC111,25,1,0.2027,1
0.1089,0.059,0.04662,0.0217,0.0338,0.01454,NMC523,25,1,0.294,1
0.01077,0.06314,0.331,0.5792,1.52,0.8727,NMC532,25,1,0.6335,1
0.04319,0.0847,0.3631,0.3196,0.7561,0.4575,NMC532,25,1,0.4155,1
0.02987,0.05103,0.2752,0.04429,0.1091,0.0629,NMC532,25,1,0.1135,1
0.02372,0.0778,0.008817,0.1711,0.4008,0.2655,NMC532,25,1,0.9299,1
0.1452,0.1109,0.02414,0.1464,0.4262,0.1515,NMC622,25,1,0.1017,1
0.1883,0.08193,0.2305,0.06973,0.2154,0.07451,NMC622,25,1,0.02523,1
0.1777,0.09393,0.02727,0.8584,1.432,0.5116,NMC523,25,1,0.3465,1
0.06435,0.09855,0.1712,0.4035,0.9941,0.649,NMC532,25,1,0.02096,1
0.09733,0.07851,0.2062,0.2955,0.4977,0.1692,NMC523,25,1,0.3322,1
0.05335,0.06872,0.3888,0.4037,0.3893,0.4088,NMC111,25,1,0.8871,1
0.08675,0.0187,0.1852,0.2551,2.187,0.2728,NMC811,25,1,0.342,1
0.1761,0.09498,0.3447,0.661,1.122,0.4006,NMC523,25,1,0.1148,1
0.1729,0.08085,0.3636,0.05534,0.0902,0.03542,NMC523,25,1,0.02079,1
0.0675,0.04985,0.08327,0.09997,0.09671,0.09438,NMC111,25,1,0.1422,1
0.1271,0.09374,0.1714,0.04501,0.3897,0.04998,NMC811,25,1,0.5554,1
0.1746,0.05153,0.1941,0.1187,0.3788,0.1361,NMC622,25,1,0.3629,1
0.1753,0.09641,0.4526,0.4504,1.318,0.4218,NMC622,25,1,1.276,1
0.2051,0.05132,0.07517,0.9284,0.8906,1.061,NMC111,25,1,0.9529,1
0.147,0.04944,0.07527,0.3656,0.4194,0.4261,NMC111,25,1,0.7746,1
0.1154,0.05099,0.06101,0.08663,0.6983,0.08188,NMC811,25,1,0.07266,1
0.007684,0.07169,0.4421,0.1738,0.4792,0.2825,NMC532,25,1,0.2285,1
0.1661,0.1102,0.1449,0.2578,0.6921,0.2609,NMC622,25,1,0.2642,1
0.1001,0.005464,0.4195,0.5531,1.336,0.8558,NMC532,25,1,0.3638,1
0.004476,0.03886,0.3263,0.1786,0.1911,0.1824,NMC111,25,1,0.5828,1
0.05872,0.07529,0.3655,0.08799,0.1477,0.05375,NMC523,25,1,0.09058,1
0.1131,0.05149,0.1074,0.4338,0.777,0.2763,NMC523,25,1,0.1208,1
0.1925,0.03237,0.1556,0.1799,1.546,0.1975,NMC811,25,1,0.0363,1
0.1413,0.03788,0.334,0.9179,0.9628,0.8913,NMC111,25,1,0.09829,1
0.09764,0.04063,0.05884,0.5848,1.66,0.551,NMC622,25,1,0.1457,1
0.1189,0.0382,0.1524,0.9091,1.366,0.5869,NMC523,25,1,0.02605,1
0.1913,0.04827,0.163,0.06021,0.163,0.05543,NMC622,25,1,0.1214,1
0.01585,0.03626,0.3777,0.357,1.147,0.3745,NMC622,25,1,0.3883,1
0.2239,0.1108,0.1601,0.5192,1.197,0.8753,NMC532,25,1,1.121,1
0.1982,0.07404,0.03912,0.6471,1.558,0.8504,NMC532,25,1,0.03642,1
0.007637,0.02625,0.2621,0.07787,0.1945,0.1069,NMC532,25,1,0.03136,1
0.1199,0.08337,0.1113,0.09723,0.289,0.0912,NMC622,25,1,0.7449,1
0.02173,0.02278,0.3719,0.445,1.379,0.4899,NMC622,25,1,0.3642,1
0.139,0.02104,0.3278,0.8417,1.371,0.5851,NMC523,25,1,0.05694,1
0.1415,0.03609,0.2755,0.8334,0.9207,0.7226,NMC111,25,1,0.05863,1
0.127,0.01396,0.2169,0.1017,0.2763,0.1647,NMC532,25,1,0.07983,1
0.1048,0.07989,0.2801,0.4251,1.177,0.4006,NMC622,25,1,0.2133,1
0.2247,0.008764,0.3575,0.08338,0.6285,0.08967,NMC811,25,1,0.2497,1
0.1923,0.01631,0.3564,0.4858,0.7443,0.3224,NMC523,25,1,0.03783,1
0.01291,0.03979,0.3144,0.5967,1.85,0.579,NMC622,25,1,0.3478,1
0.1198,0.1094,0.0814,0.1362,0.3714,0.2162,NMC532,25,1,1.326,1
0.03671,0.02479,0.3209,0.1828,0.183,0.1739,NMC111,25,1,0.0905,1
0.007007,0.06343,0.2196,0.918,1.512,0.6281,NMC523,25,1,0.2973,1
0.1668,0.08165,0.3258,0.5207,1.357,0.7857,NMC532,25,1,0.0232,1
0.1404,0.02391,0.1488,0.4161,1.051,0.6462,NMC532,25,1,0.1483,1
0.01661,0.05772,0.1613,0.7222,0.6947,0.6386,NMC111,25,1,0.8263,1
0.2216,0.02779,0.1907,0.09267,0.09461,0.08192,NMC111,25,1,0.04652,1
0.178,0.1098,0.3514,0.2878,2.144,0.2456,NMC811,25,1,0.04698,1
0.06203,0.03572,0.1031,0.06793,0.5386,0.06805,NMC811,25,1,0.09502,1
0.03975,0.04443,0.1269,0.3274,0.7523,0.475,NMC532,25,1,0.09,1
0.08717,0.08206,0.03718,0.3117,2.424,0.2687,NMC811,25,1,1.338,1
0.1169,0.03864,0.02918,0.6647,0.5756,0.6161,NMC111,25,1,0.02601,1
0.2053,0.05715,0.4184,0.3783,0.3745,0.4056,NMC111,25,1,0.2004,1
0.02077,0.07282,0.1919,0.08252,0.2476,0.08699,NMC622,25,1,0.5267,1
0.08753,0.08652,0.1162,0.1744,1.476,0.1821,NMC811,25,1,0.02857,1
0.05504,0.02071,0.1924,0.1434,1.102,0.1233,NMC811,25,1,0.02659,1
0.02107,0.06109,0.06148,0.1873,0.5635,0.1837,NMC622,25,1,0.114,1
0.0486,0.07454,0.3418,0.08426,0.2434,0.07596,NMC622,25,1,0.05327,1
0.03823,0.002997,0.2092,0.5937,0.5821,0.5845,NMC111,25,1,0.1683,1
0.1688,0.04056,0.1736,0.1921,1.687,0.197,NMC811,25,1,0.37,1
0.01273,0.01139,0.3529,0.5291,1.362,0.835,NMC532,25,1,0.3741,1
0.1395,0.05618,0.3841,0.009926,0.08555,0.009075,NMC811,25,1,0.1688,1
0.02603,0.0265,0.2691,0.4005,0.4358,0.3804,NMC111,25,1,0.04169,1
0.08606,0.003406,0.1449,0.5236,1.622,0.5254,NMC622,25,1,0.2684,1
0.02729,0.04719,0.242,0.3497,0.3278,0.31,NMC111,25,1,0.3522,1
0.04356,0.09676,0.3561,0.1011,0.8354,0.1011,NMC811,25,1,0.2959,1
0.1587,0.06836,0.03758,0.5452,1.599,0.4597,NMC622,25,1,0.1617,1
0.1423,0.071,0.1346,0.3447,1.107,0.3469,NMC622,25,1,0.08599,1
0.2166,0.05741,0.05878,0.2414,0.415,0.1737,NMC523,25,1,0.07359,1
0.0144,0.01615,0.04597,0.2128,1.645,0.2301,NMC811,25,1,1.47,1
0.1439,0.0247,0.1758,0.3549,0.3984,0.3985,NMC111,25,1,1.224,1
0.1032,0.02987,0.1719,0.0884,0.233,0.1475,NMC532,25,1,0.03318,1
0.06326,0.06867,0.289,0.3921,0.4046,0.4054,NMC111,25,1,0.1839,1
0.2116,0.01675,0.3784,0.9357,0.9663,0.9399,NMC111,25,1,0.113,1
0.06362,0.08197,0.3886,0.2403,0.2322,0.246,NMC111,25,1,1.467,1
0.09461,0.06736,0.3462,1.012,1.008,0.8823,NMC111,25,1,0.03964,1
0.06721,0.02265,0.1052,0.4739,0.4838,0.5178,NMC111,25,1,0.4454,1
0.01363,0.05658,0.05032,0.4107,0.4094,0.4057,NMC111,25,1,0.07461,1
0.1005,0.09563,0.1671,0.007884,0.07222,0.008809,NMC811,25,1,0.6452,1
0.1901,0.01689,0.2222,0.6987,0.7675,0.8055,NMC111,25,1,0.3911,1
0.2002,0.03601,0.3035,0.2732,2.233,0.2973,NMC811,25,1,0.4588,1
0.03305,0.03275,0.2991,0.3844,1.096,0.3984,NMC622,25,1,0.5204,1
0.09157,0.02263,0.1146,0.4734,0.7723,0.3409,NMC523,25,1,0.3368,1
0.1762,0.02437,0.08113,0.2816,0.7774,0.2877,NMC622,25,1,0.6183,1
0.2169,0.08797,0.4483,0.2679,0.4556,0.1704,NMC523,25,1,0.1798,1
0.0404,0.07524,0.4043,0.08248,0.6675,0.08674,NMC811,25,1,0.04855,1
0.09385,0.08977,0.3279,0.07282,0.1227,0.05134,NMC523,25,1,0.2177,1
0.02161,0.1088,0.3323,0.342,0.2939,0.3098,NMC111,25,1,0.02594,1
0.2074,0.09327,0.182,0.5667,1.365,0.8414,NMC532,25,1,0.04018,1
0.02995,0.08801,0.07182,0.478,0.803,0.3337,NMC523,25,1,0.3294,1
0.2231,0.08923,0.197,0.2892,0.8319,0.2806,NMC622,25,1,0.06922,1
0.02879,0.05829,0.2901,0.7947,0.7659,0.7557,NMC111,25,1,0.1711,1
0.09891,0.06228,0.01428,0.3826,0.9635,0.551,NMC532,25,1,0.03292,1
0.1434,0.06159,0.1411,0.1899,0.4758,0.2866,NMC532,25,1,0.04499,1
0.1442,0.01094,0.2881,0.2026,0.4673,0.3061,NMC532,25,1,0.03119,1
0.09762,0.06312,0.3099,0.1439,0.405,0.1413,NMC622,25,1,0.5708,1
0.08599,0.09905,0.03763,0.01763,0.1263,0.01686,NMC811,25,1,0.1033,1
0.07707,0.00762,0.07112,0.2842,0.9199,0.2886,NMC622,25,1,0.11,1
0.1163,0.1101,0.1479,0.3001,2.1,0.266,NMC811,25,1,0.6753,1
0.04371,0.01236,0.09776,0.1106,0.3507,0.1176,NMC622,25,1,0.02303,1
0.1374,0.102,0.3643,0.149,0.321,0.2033,NMC532,25,1,0.1024,1
0.0586,0.09489,0.299,0.1198,1.034,0.1325,NMC811,25,1,0.3375,1
0.04168,0.06036,0.1253,0.6328,1.138,0.4289,NMC523,25,1,0.423,1
0.171,0.06323,0.09832,0.1866,1.546,0.1689,NMC811,25,1,0.4317,1
0.1615,0.08188,0.453,0.08537,0.7242,0.101,NMC811,25,1,0.09592,1
0.1681,0.0427,0.05288,0.06971,0.07632,0.07056,NMC111,25,1,0.05355,1
0.1235,0.07088,0.2823,0.5507,1.644,0.6014,NMC622,25,1,0.0714,1
0.142,0.05838,0.1924,0.2332,0.643,0.3585,NMC532,25,1,0.1818,1
0.07483,0.002934,0.03105,0.1453,0.3866,0.1372,NMC622,25,1,1.001,1
0.02803,0.02031,0.3618,0.3819,0.3404,0.3524,NMC111,25,1,0.02886,1
0.09776,0.01835,0.1528,0.4744,1.151,0.6334,NMC532,25,1,0.1471,1
0.1926,0.03814,0.3034,0.2689,0.7346,0.4628,NMC532,25,1,0.4797,1
0.2064,0.04051,0.05636,0.578,1.809,0.6081,NMC622,25,1,1.341,1
0.1878,0.0354,0.1212,0.9056,1.494,0.5846,NMC523,25,1,0.05589,1
0.07334,0.04142,0.122,0.3131,0.5386,0.2308,NMC523,25,1,0.03905,1
0.1477,0.07826,0.3846,0.2303,0.5628,0.3528,NMC532,25,1,0.1983,1
0.1169,0.04786,0.1953,0.2719,0.7957,0.2548,NMC622,25,1,0.0422,1
0.02909,0.05861,0.1834,0.02116,0.05427,0.03428,NMC532,25,1,0.1031,1
0.1807,0.0378,0.2195,0.2208,0.5608,0.3184,NMC532,25,1,0.07251,1
0.02956,0.09401,0.3988,0.5387,1.246,0.7561,NMC532,25,1,0.5766,1
0.1115,0.07374,0.1851,0.1775,1.413,0.1648,NMC811,25,1,0.4023,1
0.03431,0.091,0.4342,0.1669,0.1813,0.1671,NMC111,25,1,0.04365,1
0.1902,0.01565,0.4158,0.3482,0.5701,0.21,NMC523,25,1,1.262,1
0.02753,0.00964,0.2425,0.09216,0.2287,0.1342,NMC532,25,1,0.413,1
0.1419,0.08451,0.2733,0.3819,0.3858,0.3992,NMC111,25,1,0.259,1
0.1225,0.103,0.1877,0.2005,0.293,0.1219,NMC523,25,1,1.078,1
0.06438,0.04434,0.1496,0.439,1.143,0.6602,NMC532,25,1,0.8105,1
0.08049,0.08288,0.3805,0.6705,1.773,0.6465,NMC622,25,1,0.9724,1
0.219,0.01961,0.4126,0.5904,0.5999,0.567,NMC111,25,1,0.1465,1
0.1663,0.04093,0.1543,0.1504,0.4054,0.2279,NMC532,25,1,0.155,1
0.1288,0.00634,0.06093,0.1761,0.5105,0.162,NMC622,25,1,1.114,1
0.08623,0.07679,0.2815,0.1698,0.4747,0.167,NMC622,25,1,0.03129,1
0.1909,0.04055,0.2227,0.3998,1.211,0.3581,NMC622,25,1,0.7224,1
0.1358,0.04525,0.1014,0.3556,0.9633,0.5322,NMC532,25,1,0.7451,1
0.1784,0.02262,0.2181,0.2387,0.6797,0.2332,NMC622,25,1,0.5646,1
0.1681,0.05685,0.3694,0.07052,0.1091,0.04523,NMC523,25,1,0.08332,1
0.1285,0.06572,0.4171,0.4143,1.274,0.453,NMC622,25,1,0.03151,1
0.2068,0.04575,0.1515,0.2003,0.4406,0.2916,NMC532,25,1,0.1076,1
0.04427,0.04144,0.3176,0.3701,0.9818,0.5775,NMC532,25,1,0.06121,1
0.05981,0.08001,0.3238,0.2752,0.764,0.2923,NMC622,25,1,0.2503,1
0.04619,0.1076,0.04893,0.2387,0.2233,0.224,NMC111,25,1,0.0626,1
0.1893,0.03675,0.3797,0.9318,0.9072,0.9121,NMC111,25,1,0.05393,1
0.1749,0.0184,0.1033,0.03956,0.1152,0.03893,NMC622,25,1,0.09744,1
0.04107,0.09975,0.1147,0.9267,1.03,0.9678,NMC111,25,1,0.1131,1
0.04288,0.09037,0.3001,0.1085,0.2514,0.1632,NMC532,25,1,0.2673,1
0.1659,0.06618,0.04948,0.05041,0.4156,0.05107,NMC811,25,1,0.1801,1
0.03161,0.101,0.03212,0.3824,0.6624,0.2341,NMC523,25,1,1.112,1
0.07011,0.074,0.3624,0.09879,0.1597,0.05965,NMC523,25,1,0.03785,1
0.1772,0.06527,0.4354,0.7515,1.216,0.4615,NMC523,25,1,0.04279,1
0.125,0.01123,0.4326,0.2938,2.356,0.2663,NMC811,25,1,0.1724,1
0.02975,0.03686,0.3363,0.4316,0.4489,0.4041,NMC111,25,1,0.07857,1
0.008406,0.04329,0.3887,0.1891,0.4735,0.172,NMC622,25,1,0.767,1
0.09137,0.1037,0.2023,0.3801,0.9621,0.5462,NMC532,25,1,0.1235,1
0.1483,0.04268,0.3981,0.6366,1.554,0.8967,NMC532,25,1,0.9232,1
0.09073,0.003319,0.2176,0.1675,0.5197,0.1747,NMC622,25,1,0.89,1
0.2179,0.01654,0.3336,0.5158,0.5284,0.5373,NMC111,25,1,0.1079,1
0.01464,0.03863,0.07794,0.3775,0.9067,0.5836,NMC532,25,1,0.02845,1
0.01407,0.03494,0.3511,0.2156,0.5356,0.3094,NMC532,25,1,0.6018,1
0.2172,0.03994,0.2391,0.08503,0.6541,0.08691,NMC811,25,1,0.4059,1
0.03634,0.02759,0.2766,0.1598,1.297,0.1491,NMC811,25,1,0.5882,1
0.1298,0.03985,0.3444,0.3828,0.3605,0.3765,NMC111,25,1,0.06936,1
0.1759,0.01681,0.1181,0.02192,0.03724,0.0159,NMC523,25,1,0.03034,1
0.1881,0.03806,0.08669,0.865,1.406,0.6213,NMC523,25,1,1.145,1
0.08812,0.08693,0.07881,0.1289,0.2336,0.09256,NMC523,25,1,0.1099,1
0.2063,0.04757,0.1053,0.6478,1.794,0.6218,NMC622,25,1,0.299,1
0.1879,0.04837,0.2481,0.07706,0.1754,0.1139,NMC532,25,1,0.4815,1
0.06713,0.09101,0.2293,0.8965,0.8325,0.9312,NMC111,25,1,0.03213,1
0.08804,0.07795,0.07782,0.007992,0.06333,0.007833,NMC811,25,1,0.09181,1
0.0354,0.003027,0.1048,0.6917,1.124,0.3874,NMC523,25,1,0.4647,1
0.09568,0.01974,0.4207,0.5292,1.398,0.8359,NMC532,25,1,0.2137,1
0.07769,0.04498,0.2361,0.2705,0.6323,0.4073,NMC532,25,1,0.1431,1
0.1271,0.02931,0.2723,0.6904,1.135,0.4612,NMC523,25,1,0.3661,1
0.01757,0.03253,0.3165,0.3097,2.437,0.2983,NMC811,25,1,0.03164,1
0.07417,0.02598,0.1306,0.6869,1.262,0.508,NMC523,25,1,0.06031,1
0.01955,0.005664,0.3294,0.9582,1.049,1.004,NMC111,25,1,0.1745,1
0.07143,0.1094,0.3063,0.688,1.107,0.4509,NMC523,25,1,0.02359,1
0.2235,0.1003,0.02284,0.4515,0.7911,0.3293,NMC523,25,1,0.8637,1
0.08054,0.07644,0.0606,0.3987,1.077,0.6455,NMC532,25,1,0.03027,1
0.03707,0.01185,0.4127,0.2656,0.2352,0.2175,NMC111,25,1,1.069,1
0.0505,0.01377,0.06755,0.3457,0.8093,0.5142,NMC532,25,1,0.2481,1
0.01166,0.03899,0.2508,0.03851,0.3159,0.03871,NMC811,25,1,0.02195,1
0.1432,0.07628,0.4392,0.1749,1.391,0.1729,NMC811,25,1,0.718,1
0.1344,0.02761,0.036,0.9361,0.933,1.005,NMC111,25,1,0.05111,1
0.07624,0.07885,0.04142,0.2883,0.816,0.271,NMC622,25,1,0.02458,1
0.1695,0.106,0.1374,0.4864,1.627,0.5281,NMC622,25,1,0.1895,1
0.02149,0.1094,0.3133,0.09486,0.1583,0.06009,NMC523,25,1,0.07196,1
0.1745,0.02923,0.139,0.2965,2.384,0.2907,NMC811,25,1,0.0558,1
0.07543,0.003586,0.382,0.2152,1.658,0.1943,NMC811,25,1,0.1342,1
0.1235,0.1083,0.3356,0.1246,1.056,0.1289,NMC811,25,1,0.845,1
0.2117,0.08148,0.4099,0.5399,1.718,0.5924,NMC622,25,1,0.3061,1
0.04843,0.02018,0.1423,0.1984,1.85,0.2109,NMC811,25,1,0.02061,1
0.05238,0.05363,0.1486,0.06728,0.1181,0.04895,NMC523,25,1,0.2066,1
0.0885,0.1094,0.2015,0.9061,1.549,0.6331,NMC523,25,1,0.1026,1
0.02201,0.0623,0.3965,0.1536,0.2571,0.1029,NMC523,25,1,0.1981,1
0.02478,0.0452,0.4547,0.5731,1.795,0.5296,NMC622,25,1,0.08303,1
0.1858,0.02033,0.05487,0.8299,0.8293,0.7858,NMC111,25,1,0.08815,1
0.05029,0.08867,0.1332,0.6106,0.566,0.5936,NMC111,25,1,0.07791,1
0.03271,0.06684,0.1177,0.269,0.2441,0.2393,NMC111,25,1,0.4625,1
0.03219,0.1101,0.3811,0.5902,1.619,0.5922,NMC622,25,1,0.1059,1
0.07521,0.09687,0.3062,0.5439,1.456,0.8959,NMC532,25,1,0.4446,1
0.09215,0.01373,0.2907,0.1724,1.237,0.1597,NMC811,25,1,0.2699,1
0.1205,0.006691,0.4122,0.52,1.568,0.5061,NMC622,25,1,0.1887,1
0.1833,0.03371,0.3177,0.1939,0.3311,0.1358,NMC523,25,1,0.6776,1
0.06503,0.002253,0.0317,0.4525,1.307,0.7392,NMC532,25,1,0.1048,1
0.1144,0.04295,0.2123,0.1946,0.1882,0.1932,NMC111,25,1,0.4476,1
0.1272,0.03947,0.3299,0.2146,1.7,0.2137,NMC811,25,1,1.283,1
0.1682,0.03387,0.3539,0.1463,0.4249,0.1392,NMC622,25,1,0.2085,1
0.223,0.1071,0.1761,0.8772,1.378,0.5834,NMC523,25,1,0.02064,1
0.007377,0.02991,0.2879,0.5786,0.8995,0.41,NMC523,25,1,0.02543,1
0.06977,0.04139,0.08418,0.3419,0.9446,0.3155,NMC622,25,1,0.09305,1
0.1324,0.0835,0.1108,0.3003,0.8646,0.4874,NMC532,25,1,0.4224,1
0.1076,0.09237,0.3511,0.1,0.2325,0.137,NMC532,25,1,0.08876,1
0.0305,0.0732,0.1976,0.2845,0.7061,0.4259,NMC532,25,1,1.074,1
0.1154,0.01715,0.3389,0.08947,0.164,0.05946,NMC523,25,1,0.02201,1
0.1571,0.1026,0.2517,0.2283,0.6671,0.2312,NMC622,25,1,0.1855,1
0.08558,0.002567,0.0238,0.4662,1.502,0.4394,NMC622,25,1,0.08216,1
0.1569,0.08286,0.3774,0.4364,1.3,0.4231,NMC622,25,1,0.1541,1
0.05115,0.08582,0.3662,0.05325,0.4128,0.0512,NMC811,25,1,0.08611,1
0.1703,0.08476,0.4114,0.09945,0.2659,0.141,NMC532,25,1,0.08085,1
0.07043,0.02247,0.2629,0.07914,0.7283,0.08028,NMC811,25,1,0.05768,1
0.1499,0.1057,0.01532,0.7969,1.376,0.5051,NMC523,25,1,0.5011,1
0.008222,0.1086,0.394,0.03184,0.03361,0.0278,NMC111,25,1,0.1584,1
0.1037,0.08084,0.09613,0.5473,0.9068,0.3885,NMC523,25,1,0.1754,1
0.07745,0.1046,0.1542,0.4017,1.135,0.395,NMC622,25,1,0.7911,1
0.09157,0.0948,0.3681,0.1183,0.85,0.1203,NMC811,25,1,0.8099,1
0.05301,0.01525,0.0733,0.2305,0.3699,0.1522,NMC523,25,1,0.3436,1
0.2185,0.1026,0.2516,0.01739,0.04556,0.0264,NMC532,25,1,0.1219,1
0.1045,0.06157,0.05485,0.4625,1.347,0.7671,NMC532,25,1,0.1129,1
0.2215,0.1008,0.2114,0.1293,0.34,0.1976,NMC532,25,1,0.7218,1
0.1164,0.1096,0.2017,0.4931,0.8918,0.3298,NMC523,25,1,0.6549,1
0.05923,0.08547,0.09545,0.7269,1.264,0.5024,NMC523,25,1,0.04118,1
0.01099,0.09709,0.3657,0.2646,2.041,0.2694,NMC811,25,1,1.298,1
0.07211,0.03211,0.2931,0.5792,1.489,0.8268,NMC532,25,1,0.7355,1
0.01799,0.1008,0.127,0.7255,0.6923,0.7145,NMC111,25,1,0.09028,1
0.01214,0.02368,0.2336,0.4189,0.453,0.4095,NMC111,25,1,0.3034,1
0.08637,0.09947,0.1982,0.4728,0.7568,0.2825,NMC523,25,1,1.002,1
0.1241,0.05319,0.2569,0.5245,1.668,0.5507,NMC622,25,1,0.3789,1
0.1647,0.02805,0.07833,0.3545,1.096,0.3878,NMC622,25,1,0.2483,1
0.0632,0.08431,0.2146,0.7285,1.111,0.4687,NMC523,25,1,0.02621,1
0.01584,0.04502,0.05745,0.01907,0.04294,0.02807,NMC532,25,1,0.1129,1
0.1552,0.1055,0.4351,0.03168,0.2791,0.03618,NMC811,25,1,1.423,1
0.04009,0.03563,0.04021,0.5967,1.715,0.5904,NMC622,25,1,0.7827,1
0.1929,0.1071,0.122,0.8434,1.366,0.5402,NMC523,25,1,0.07239,1
0.008019,0.03217,0.08833,0.8274,0.7767,0.7667,NMC111,25,1,0.3459,1
0.1821,0.01683,0.2779,0.4729,1.113,0.7132,NMC532,25,1,0.06178,1
0.2017,0.06145,0.29,0.1732,0.3232,0.1188,NMC523,25,1,0.07883,1
0.2007,0.03816,0.01313,0.906,1.51,0.5749,NMC523,25,1,1.499,1
0.1038,0.02877,0.1276,0.7405,1.252,0.496,NMC523,25,1,0.03122,1
0.1085,0.08973,0.06258,0.1522,0.1445,0.1508,NMC111,25,1,0.0583,1
0.1654,0.08522,0.4429,0.04651,0.352,0.04649,NMC811,25,1,0.1179,1
0.08975,0.06084,0.3471,0.2791,0.7832,0.2671,NMC622,25,1,0.08538,1
0.114,0.09731,0.04242,0.1601,0.4217,0.2511,NMC532,25,1,0.04608,1
0.2102,0.01837,0.2651,0.3329,0.5893,0.2285,NMC523,25,1,0.3138,1
0.1112,0.0843,0.1139,0.6627,1.128,0.4579,NMC523,25,1,0.07343,1
0.1747,0.01193,0.1792,0.3886,1.226,0.3908,NMC622,25,1,0.02485,1
0.1137,0.08006,0.4364,0.3161,0.8893,0.2638,NMC622,25,1,1.246,1
0.09114,0.07417,0.4309,0.1197,0.3583,0.1197,NMC622,25,1,0.1646,1
0.1823,0.02803,0.3199,0.3137,0.8702,0.3167,NMC622,25,1,0.5197,1
0.1193,0.1045,0.2547,0.6231,0.6108,0.6202,NMC111,25,1,0.1405,1
0.2002,0.03358,0.2229,0.493,0.8125,0.3598,NMC523,25,1,0.04954,1
0.1129,0.01476,0.1071,0.3822,0.4554,0.4014,NMC111,25,1,1.199,1
0.219,0.03928,0.2811,0.1711,1.423,0.186,NMC811,25,1,0.5926,1
0.1137,0.06109,0.1168,0.2783,2.157,0.2616,NMC811,25,1,0.8062,1
0.06214,0.03251,0.2057,0.7569,0.7791,0.7967,NMC111,25,1,0.03508,1
0.005252,0.0754,0.1369,0.8824,0.7991,0.7854,NMC111,25,1,0.04492,1
0.2268,0.06808,0.369,0.1141,0.1941,0.07191,NMC523,25,1,0.07784,1
0.08366,0.0712,0.2083,0.06149,0.4944,0.06344,NMC811,25,1,0.03478,1
0.179,0.09673,0.07225,0.04724,0.3534,0.04215,NMC811,25,1,0.1157,1
0.2055,0.07935,0.131,0.08809,0.6857,0.09435,NMC811,25,1,1.395,1
0.1241,0.06247,0.08213,0.03974,0.3609,0.04218,NMC811,25,1,0.07966,1
0.08036,0.0733,0.3168,0.8711,1.375,0.5951,NMC523,25,1,0.0814,1
0.1735,0.05651,0.2022,0.1068,0.3318,0.1083,NMC622,25,1,0.7326,1
0.1509,0.09268,0.3534,0.2327,0.2506,0.2471,NMC111,25,1,0.2273,1
0.1393,0.04068,0.2019,0.5696,1.767,0.5451,NMC622,25,1,0.1831,1
0.06822,0.06912,0.02152,0.4948,1.411,0.5495,NMC622,25,1,0.6568,1
0.1744,0.09631,0.2933,0.1056,0.7736,0.1033,NMC811,25,1,0.1489,1
0.2121,0.06346,0.3247,0.3071,0.2956,0.3002,NMC111,25,1,0.4642,1
0.2104,0.01637,0.2365,0.408,1.266,0.415,NMC622,25,1,0.388,1
0.0184,0.1079,0.13,0.6347,0.7004,0.6376,NMC111,25,1,0.02184,1
0.189,0.107,0.165,0.784,1.196,0.5129,NMC523,25,1,0.02096,1
0.02144,0.02162,0.06216,0.3239,0.9432,0.3381,NMC622,25,1,0.5705,1
0.02529,0.08926,0.06227,0.5813,1.853,0.6068,NMC622,25,1,0.02179,1
0.1394,0.0712,0.2803,0.1903,0.174,0.1792,NMC111,25,1,0.02678,1
0.045,0.1102,0.1877,0.2908,0.8505,0.2982,NMC622,25,1,0.09882,1
0.2166,0.02312,0.4213,0.2745,0.7157,0.4497,NMC532,25,1,0.226,1
0.1162,0.03896,0.4129,0.4353,0.7006,0.2853,NMC523,25,1,0.3612,1
0.1319,0.04513,0.119,0.5466,0.4922,0.5687,NMC111,25,1,0.1795,1
0.05272,0.06687,0.1541,0.4301,1.336,0.4269,NMC622,25,1,1.298,1
0.2234,0.07378,0.2983,0.1794,0.5592,0.1769,NMC622,25,1,0.03922,1
0.1731,0.04891,0.01337,0.3112,0.3396,0.3267,NMC111,25,1,0.03716,1
0.153,0.01193,0.2181,0.5322,0.8241,0.3496,NMC523,25,1,0.0325,1
0.1927,0.0749,0.3567,0.2721,2.325,0.2587,NMC811,25,1,0.1631,1
0.1998,0.0392,0.3844,0.1952,0.4486,0.3216,NMC532,25,1,0.3082,1
0.1955,0.0864,0.02238,0.4202,1.086,0.6469,NMC532,25,1,0.09314,1
0.1249,0.0549,0.02624,0.06308,0.4475,0.05835,NMC811,25,1,0.2352,1
0.1519,0.07649,0.1757,0.6175,1.631,0.5563,NMC622,25,1,0.1444,1
0.2263,0.1016,0.4432,0.03208,0.09409,0.05586,NMC532,25,1,0.1164,1
0.07358,0.02332,0.3999,0.3103,0.805,0.4988,NMC532,25,1,0.02198,1
0.1581,0.06394,0.3184,0.1059,0.7921,0.1021,NMC811,25,1,0.07409,1
0.0711,0.00896,0.1072,0.3006,2.456,0.3193,NMC811,25,1,0.7317,1
0.2157,0.0663,0.01038,0.5976,0.9455,0.3843,NMC523,25,1,0.5788,1
0.02528,0.009778,0.07829,0.05043,0.1311,0.07849,NMC532,25,1,0.05394,1
0.004277,0.09557,0.3308,0.06273,0.05984,0.06149,NMC111,25,1,0.2304,1
0.09638,0.0665,0.2394,0.9473,0.9328,0.9761,NMC111,25,1,0.6147,1
0.09873,0.05304,0.08734,0.366,0.3431,0.3661,NMC111,25,1,0.4853,1
0.1003,0.0168,0.2534,0.5364,0.8113,0.3238,NMC523,25,1,0.1752,1
0.1959,0.04621,0.03884,0.8721,0.8661,1.004,NMC111,25,1,1.088,1
0.1374,0.1052,0.03387,0.1422,0.3924,0.2357,NMC532,25,1,0.0669,1
0.04562,0.08251,0.284,0.0172,0.1451,0.01745,NMC811,25,1,0.152,1
0.1944,0.04548,0.1795,0.8308,0.8987,0.8302,NMC111,25,1,0.2427,1
0.1421,0.1077,0.07619,0.1654,0.287,0.1168,NMC523,25,1,0.08006,1
0.1198,0.06975,0.2519,0.2232,0.3539,0.1374,NMC523,25,1,0.04778,1
0.1014,0.1094,0.3798,0.3629,1.004,0.3264,NMC622,25,1,0.02397,1
0.1836,0.07747,0.2965,0.5827,1.618,0.5697,NMC622,25,1,0.3747,1
0.1622,0.02555,0.2966,0.7471,1.158,0.5551,NMC523,25,1,0.5209,1
0.07531,0.09478,0.3611,0.8427,0.9072,0.8868,NMC111,25,1,0.1759,1
0.1146,0.006499,0.3011,0.7917,1.355,0.4925,NMC523,25,1,0.077,1
0.1873,0.02323,0.2641,0.5867,1.575,0.543,NMC622,25,1,0.1562,1
0.1286,0.006603,0.1083,0.3097,0.3189,0.2919,NMC111,25,1,0.07922,1
0.02534,0.07468,0.08069,0.241,0.3824,0.1597,NMC523,25,1,1.2,1
0.2199,0.0254,0.23,0.7319,1.215,0.4987,NMC523,25,1,0.8603,1
0.2212,0.03324,0.3586,0.4445,1.067,0.7434,NMC532,25,1,0.1986,1
0.006729,0.03368,0.294,0.4175,1.081,0.5921,NMC532,25,1,0.2192,1
0.01655,0.02559,0.115,0.1882,0.2027,0.1922,NMC111,25,1,0.03095,1
0.1781,0.008698,0.1326,0.1844,0.2792,0.1059,NMC523,25,1,0.1443,1
0.1585,0.02261,0.1115,0.6258,1.132,0.4445,NMC523,25,1,1.22,1
0.1406,0.07925,0.06818,0.5842,1.415,0.9029,NMC532,25,1,0.7946,1
0.07782,0.0229,0.4268,0.1429,1.188,0.1308,NMC811,25,1,0.05635,1
0.1218,0.02595,0.0288,0.07234,0.5712,0.06795,NMC811,25,1,1.422,1
0.1887,0.09108,0.2308,0.161,0.276,0.1104,NMC523,25,1,0.05878,1
0.09391,0.1089,0.4072,0.3786,0.3632,0.3789,NMC111,25,1,0.1783,1
0.09721,0.07408,0.05712,0.01192,0.0371,0.01162,NMC622,25,1,0.3641,1
0.02474,0.1113,0.2361,0.4312,0.7924,0.2917,NMC523,25,1,0.0277,1
0.09972,0.008384,0.3521,0.4826,1.284,0.7242,NMC532,25,1,0.2456,1
0.1339,0.04004,0.1394,0.4725,0.5042,0.5203,NMC111,25,1,0.4405,1
0.1137,0.03122,0.4174,0.2542,0.7132,0.2508,NMC622,25,1,0.378,1
0.1251,0.01769,0.3086,0.5183,0.8679,0.372,NMC523,25,1,0.02695,1
0.004791,0.08324,0.4043,0.1453,1.181,0.1449,NMC811,25,1,0.02343,1
0.01419,0.1111,0.1408,0.922,1.537,0.5344,NMC523,25,1,0.9176,1
0.08188,0.05787,0.2239,0.09124,0.1007,0.1026,NMC111,25,1,0.2878,1
0.1551,0.007681,0.4538,0.2408,0.4192,0.1588,NMC523,25,1,0.4084,1
0.05899,0.1054,0.1576,0.9145,0.7486,0.8358,NMC111,25,1,0.4452,1
0.1313,0.07788,0.06676,0.2964,0.9755,0.3214,NMC622,25,1,1.349,1
0.05205,0.01223,0.141,0.3366,1.152,0.3641,NMC622,25,1,0.5962,1
0.1487,0.03991,0.3704,0.4744,0.8044,0.2839,NMC523,25,1,0.05896,1
0.04087,0.05636,0.2135,0.8902,0.8186,0.8512,NMC111,25,1,0.0708,1
0.01608,0.09862,0.2308,0.06203,0.1057,0.049,NMC523,25,1,0.2296,1
0.2251,0.06575,0.3335,0.4742,1.174,0.7015,NMC532,25,1,0.1416,1
0.1237,0.07966,0.09438,0.7123,0.6335,0.6717,NMC111,25,1,0.1682,1
0.1352,0.0948,0.359,0.2922,2.234,0.2574,NMC811,25,1,0.2102,1
0.08144,0.02847,0.136,0.102,0.2827,0.1027,NMC622,25,1,0.1082,1
0.2239,0.0664,0.07164,0.1053,0.9323,0.1133,NMC811,25,1,0.02945,1
0.1977,0.01859,0.1278,0.08627,0.7277,0.08801,NMC811,25,1,0.0307,1
0.1157,0.09352,0.243,0.6244,0.5615,0.6074,NMC111,25,1,0.2999,1
0.1738,0.03902,0.4132,0.4832,1.467,0.4772,NMC622,25,1,0.0567,1
0.2111,0.1032,0.2184,0.2239,0.5212,0.2898,NMC532,25,1,0.09226,1
0.01493,0.07718,0.3374,0.1024,0.3336,0.1104,NMC622,25,1,0.06133,1
0.1305,0.1016,0.04478,0.1152,0.8722,0.1011,NMC811,25,1,0.05266,1
0.2164,0.01667,0.1824,0.9225,0.9854,0.9503,NMC111,25,1,0.05161,1
0.1882,0.08663,0.04165,0.1339,0.3545,0.1187,NMC622,25,1,0.03902,1
0.009899,0.04657,0.03891,0.1165,1.015,0.1131,NMC811,25,1,0.02413,1
0.1939,0.1026,0.07064,0.03627,0.03625,0.03445,NMC111,25,1,1.199,1
0.1554,0.09075,0.2886,0.4946,1.592,0.5296,NMC622,25,1,0.05156,1
0.07284,0.09445,0.1686,0.7749,0.7183,0.7712,NMC111,25,1,0.0963,1
0.06357,0.0278,0.1791,0.596,0.5931,0.6124,NMC111,25,1,0.2972,1
0.08023,0.002693,0.3853,0.08434,0.7816,0.106,NMC811,25,1,0.03506,1
0.1042,0.03099,0.4343,0.06633,0.5184,0.06718,NMC811,25,1,0.0392,1
0.187,0.04532,0.239,0.3791,1.13,0.3503,NMC622,25,1,1.07,1
0.2206,0.03444,0.2736,0.9559,0.9746,1.034,NMC111,25,1,0.2112,1
0.1492,0.0254,0.1653,0.4437,0.4012,0.4295,NMC111,25,1,0.3648,1
0.1755,0.02855,0.3998,0.05982,0.06078,0.05806,NMC111,25,1,0.06592,1
0.1894,0.0983,0.08721,0.06603,0.5094,0.06304,NMC811,25,1,0.2063,1
0.04536,0.07436,0.1351,0.4622,1.096,0.7206,NMC532,25,1,0.2634,1
0.1129,0.1099,0.2119,0.4894,1.306,0.4813,NMC622,25,1,0.4463,1
0.16,0.02949,0.1145,0.206,0.5597,0.2941,NMC532,25,1,0.05282,1
0.1602,0.08883,0.4331,0.4605,1.076,0.6718,NMC532,25,1,0.04287,1
0.05908,0.04299,0.3594,0.1518,0.1633,0.1437,NMC111,25,1,0.0269,1
0.05109,0.07701,0.1759,0.5143,1.262,0.8112,NMC532,25,1,0.3914,1
0.1635,0.07226,0.1418,0.7799,1.489,0.5658,NMC523,25,1,0.5045,1
0.1634,0.09285,0.2365,0.7279,0.7163,0.7675,NMC111,25,1,0.07917,1
0.02363,0.1084,0.4091,0.5162,1.436,0.5639,NMC622,25,1,0.03622,1
0.09203,0.08297,0.03494,0.6912,0.6168,0.6049,NMC111,25,1,0.1078,1
0.1098,0.004733,0.2759,0.7105,1.121,0.4272,NMC523,25,1,1.416,1
0.1509,0.1102,0.4287,0.7144,1.343,0.4667,NMC523,25,1,0.4407,1
0.1241,0.08634,0.1145,0.8537,1.471,0.6462,NMC523,25,1,0.5481,1
0.06893,0.05083,0.3894,0.4946,1.439,0.4661,NMC622,25,1,0.04364,1
0.2255,0.07121,0.3707,0.03156,0.09816,0.03032,NMC622,25,1,0.1988,1
0.1176,0.05929,0.352,0.2007,1.581,0.2098,NMC811,25,1,0.03389,1
0.1684,0.07802,0.1005,0.418,1.234,0.4311,NMC622,25,1,0.8153,1
0.1125,0.07614,0.07897,0.5421,0.5248,0.5513,NMC111,25,1,0.09545,1
0.1645,0.04861,0.3643,0.6426,1.167,0.4177,NMC523,25,1,0.03058,1
0.1173,0.07055,0.1695,0.2435,1.666,0.2451,NMC811,25,1,0.0207,1
0.037,0.06485,0.3977,0.5725,0.98,0.3318,NMC523,25,1,0.184,1
0.06272,0.007131,0.3998,0.2805,0.8885,0.2701,NMC622,25,1,0.02319,1
0.02217,0.0181,0.3575,0.2802,2.252,0.3065,NMC811,25,1,0.02185,1
0.1356,0.04264,0.1429,0.1961,1.514,0.2037,NMC811,25,1,0.6095,1
0.1262,0.08098,0.0221,0.3193,0.3056,0.3074,NMC111,25,1,0.4417,1
0.1683,0.006712,0.1793,0.5596,1.641,0.5441,NMC622,25,1,0.03887,1
0.1507,0.02688,0.4139,0.2467,0.7233,0.3848,NMC532,25,1,0.3665,1
0.206,0.07789,0.1372,0.215,1.547,0.1888,NMC811,25,1,0.02345,1
0.03569,0.003415,0.247,0.3004,0.5348,0.2205,NMC523,25,1,0.8407,1
0.09815,0.1044,0.161,0.1583,0.2791,0.111,NMC523,25,1,1.04,1
0.07069,0.05796,0.3299,0.7223,0.8018,0.695,NMC111,25,1,0.5728,1
0.1621,0.03404,0.09995,0.01221,0.09838,0.01205,NMC811,25,1,0.6072,1
0.2169,0.03724,0.2031,0.06464,0.1479,0.09215,NMC532,25,1,0.2907,1
0.2049,0.005947,0.1692,0.2203,0.5773,0.3375,NMC532,25,1,0.2974,1
0.07411,0.08147,0.01758,0.9963,1.014,1.057,NMC111,25,1,0.2099,1
0.1373,0.05922,0.2005,0.5903,1.563,0.8996,NMC532,25,1,0.8981,1
0.2143,0.01122,0.3921,0.442,1.343,0.4804,NMC622,25,1,0.1132,1
0.1535,0.0639,0.2602,0.09955,0.8566,0.1124,NMC811,25,1,0.2823,1
0.1501,0.02852,0.03926,0.2138,0.533,0.1844,NMC622,25,1,0.0658,1
0.09766,0.1024,0.2686,0.2905,2.172,0.2755,NMC811,25,1,0.02905,1
0.02676,0.05858,0.4553,0.315,0.837,0.406,NMC532,25,1,0.03459,1
0.1198,0.0321,0.3363,0.2475,2.028,0.2438,NMC811,25,1,1.04,1
0.1008,0.02143,0.008694,0.6474,1.029,0.4254,NMC523,25,1,0.1496,1
0.1368,0.1088,0.1779,0.9492,1.473,0.6316,NMC523,25,1,0.08078,1
0.07124,0.06718,0.1717,0.09105,0.783,0.1001,NMC811,25,1,0.04489,1
0.0248,0.1074,0.4375,0.2442,1.817,0.2586,NMC811,25,1,0.6944,1
0.1798,0.09603,0.129,0.0317,0.09059,0.0313,NMC622,25,1,0.07351,1
0.2151,0.07647,0.1843,0.9122,1.509,0.5981,NMC523,25,1,1.293,1
0.1134,0.07225,0.2915,0.7278,1.223,0.4943,NMC523,25,1,0.0787,1
0.1499,0.04215,0.4031,0.5843,0.903,0.4226,NMC523,25,1,0.7728,1
0.08016,0.05565,0.3575,0.1611,0.2722,0.1086,NMC523,25,1,0.4894,1
0.05499,0.07048,0.3683,0.06444,0.4794,0.05874,NMC811,25,1,0.637,1
0.161,0.08417,0.2117,0.1969,0.5015,0.289,NMC532,25,1,0.03713,1
0.08832,0.05506,0.4353,0.6056,1.26,0.4703,NMC523,25,1,0.3017,1
0.1719,0.01375,0.3977,0.4966,0.4707,0.4841,NMC111,25,1,0.2633,1
0.178,0.07868,0.1903,0.5755,1.804,0.5664,NMC622,25,1,0.0618,1
0.1761,0.02622,0.1031,0.1689,0.4479,0.2383,NMC532,25,1,0.3355,1
0.1501,0.04636,0.2575,0.1848,0.2043,0.2051,NMC111,25,1,0.1309,1
0.006067,0.03618,0.3405,0.01509,0.04599,0.01496,NMC622,25,1,0.05218,1
0.209,0.01501,0.3456,0.4119,1.37,0.4263,NMC622,25,1,1.182,1
0.1887,0.04668,0.04591,0.03964,0.1003,0.05906,NMC532,25,1,0.335,1
0.05864,0.007014,0.02382,0.04218,0.1078,0.06513,NMC532,25,1,0.2169,1
0.1542,0.09289,0.1268,0.4507,1.294,0.4195,NMC622,25,1,0.03765,1
0.2272,0.1009,0.2054,0.2684,0.6873,0.3784,NMC532,25,1,0.1758,1
0.1181,0.06233,0.1021,0.08773,0.1608,0.05956,NMC523,25,1,0.6805,1
0.003902,0.01414,0.06572,0.1591,1.145,0.1652,NMC811,25,1,0.412,1
0.1637,0.02696,0.08935,0.2402,0.6234,0.4085,NMC532,25,1,0.02005,1
0.1638,0.01581,0.4155,0.1278,0.9802,0.1281,NMC811,25,1,0.04319,1
0.1771,0.01777,0.4047,0.783,0.7769,0.8274,NMC111,25,1,0.3401,1
0.03816,0.05708,0.01954,0.2532,2.076,0.2418,NMC811,25,1,0.02017,1
0.03338,0.04587,0.08045,0.6805,0.6423,0.6715,NMC111,25,1,0.04793,1
0.2054,0.03229,0.02332,0.3719,0.7461,0.2685,NMC523,25,1,0.9835,1
0.2134,0.01832,0.3499,0.1917,1.586,0.2069,NMC811,25,1,0.3624,1
0.1416,0.05447,0.414,0.7347,1.327,0.5175,NMC523,25,1,0.1932,1
0.1464,0.04192,0.2154,0.5565,1.058,0.4152,NMC523,25,1,0.1545,1
0.01899,0.006579,0.36,0.8701,1.281,0.6021,NMC523,25,1,0.2008,1
0.01253,0.1068,0.09722,0.1928,0.3383,0.1244,NMC523,25,1,0.3695,1
0.008956,0.06395,0.382,0.4493,1.184,0.466,NMC622,25,1,0.06706,1
0.1376,0.0284,0.1293,0.2616,0.2508,0.2361,NMC111,25,1,0.1794,1
0.03683,0.07218,0.1232,0.3279,2.386,0.3028,NMC811,25,1,0.02287,1
0.1901,0.08399,0.1624,0.2159,0.3387,0.1315,NMC523,25,1,0.05498,1
0.008107,0.101,0.33,0.6009,1.796,0.6133,NMC622,25,1,0.02338,1
0.2251,0.002358,0.2471,0.2092,0.614,0.1957,NMC622,25,1,0.02935,1
0.0593,0.1106,0.1682,0.2718,0.7922,0.2606,NMC622,25,1,0.04419,1
0.04556,0.03792,0.08613,0.3782,0.6697,0.2415,NMC523,25,1,0.2518,1
0.007779,0.01509,0.4376,0.7406,1.316,0.514,NMC523,25,1,0.2946,1
0.159,0.1057,0.01713,0.3127,0.9244,0.296,NMC622,25,1,0.05084,1
0.1111,0.00593,0.1093,0.04461,0.1134,0.06217,NMC532,25,1,1.475,1
0.09111,0.03634,0.1829,0.4338,1.205,0.4704,NMC622,25,1,1.445,1
0.1989,0.1097,0.3863,0.3316,0.552,0.2282,NMC523,25,1,0.1399,1
0.1886,0.109,0.08371,0.6028,0.9438,0.3752,NMC523,25,1,0.5797,1
0.1287,0.07191,0.3745,0.7415,0.7986,0.8404,NMC111,25,1,0.7273,1
0.1297,0.0209,0.4352,0.1726,1.619,0.1927,NMC811,25,1,0.5287,1
0.112,0.003149,0.208,0.05136,0.4516,0.05111,NMC811,25,1,0.07426,1
0.1577,0.08738,0.2291,0.6445,0.6885,0.6496,NMC111,25,1,0.05388,1
0.1325,0.02127,0.3824,0.01737,0.01712,0.01618,NMC111,25,1,0.06745,1
0.2204,0.01084,0.3359,0.0737,0.6336,0.077,NMC811,25,1,1.229,1
0.2031,0.08823,0.05747,0.1716,1.507,0.1946,NMC811,25,1,0.08802,1
0.08989,0.04571,0.233,0.2173,1.915,0.2482,NMC811,25,1,0.3681,1
0.08978,0.0956,0.3812,0.02516,0.02603,0.02204,NMC111,25,1,0.06554,1
0.1084,0.1004,0.4217,0.1833,0.6194,0.1886,NMC622,25,1,0.3875,1
0.2221,0.01702,0.1621,0.4172,0.7459,0.3114,NMC523,25,1,0.05816,1
0.005135,0.03536,0.4403,0.1898,1.612,0.1716,NMC811,25,1,0.1054,1
0.2116,0.05415,0.08342,0.1167,0.3414,0.1099,NMC622,25,1,0.05453,1
0.2102,0.08364,0.4121,0.1297,0.1258,0.1239,NMC111,25,1,0.02719,1
0.05361,0.03316,0.453,0.2752,0.6471,0.379,NMC532,25,1,0.09628,1
0.1252,0.05015,0.05287,0.08186,0.6643,0.07991,NMC811,25,1,0.06149,1
0.1213,0.09188,0.3023,0.09555,0.2993,0.09413,NMC622,25,1,0.5917,1
0.1218,0.0932,0.2341,0.595,0.9711,0.3706,NMC523,25,1,0.05091,1
0.0418,0.03967,0.385,0.7262,1.123,0.4413,NMC523,25,1,0.5092,1
0.1414,0.07322,0.03035,0.2712,2.003,0.2332,NMC811,25,1,0.03096,1
0.0477,0.07011,0.2441,0.3518,0.8531,0.5478,NMC532,25,1,1.227,1
0.0228,0.0242,0.2647,0.314,0.2838,0.3176,NMC111,25,1,0.05038,1
0.1799,0.04605,0.1127,0.2785,0.8037,0.2695,NMC622,25,1,0.1557,1
0.1808,0.06317,0.2013,0.06923,0.0711,0.07103,NMC111,25,1,0.5245,1
0.01622,0.03351,0.2516,0.8515,1.312,0.5015,NMC523,25,1,0.03215,1
0.1935,0.111,0.3038,0.8403,1.28,0.5549,NMC523,25,1,0.04249,1
0.0595,0.05362,0.3149,0.849,0.898,0.9505,NMC111,25,1,0.09415,1
0.1786,0.03653,0.4071,0.8463,0.8053,0.7479,NMC111,25,1,0.8108,1
0.1654,0.04008,0.2411,0.8531,1.3,0.6222,NMC523,25,1,0.03763,1
0.08374,0.03529,0.297,0.1165,1.011,0.1219,NMC811,25,1,0.05084,1
0.1561,0.03525,0.2028,0.5797,1.316,0.7902,NMC532,25,1,0.1501,1
0.1518,0.04145,0.1571,0.05653,0.1794,0.05349,NMC622,25,1,0.7768,1
0.2108,0.08271,0.2686,0.06944,0.5423,0.06776,NMC811,25,1,0.2127,1
0.1154,0.01603,0.098,0.6965,0.6666,0.7048,NMC111,25,1,0.02927,1
0.04404,0.09676,0.2907,0.5088,1.389,0.505,NMC622,25,1,0.1534,1
0.2048,0.06568,0.06102,0.3236,2.338,0.295,NMC811,25,1,0.7816,1
0.1612,0.01226,0.09007,0.2504,1.834,0.2319,NMC811,25,1,0.6956,1
0.03004,0.0612,0.2583,0.2038,1.831,0.2222,NMC811,25,1,0.654,1
0.1073,0.04687,0.4366,0.5028,0.5064,0.4647,NMC111,25,1,0.07877,1
0.04308,0.0423,0.2354,0.2614,0.6318,0.369,NMC532,25,1,0.02869,1
0.1405,0.04558,0.06678,0.455,1.493,0.4769,NMC622,25,1,0.7286,1
0.008593,0.09704,0.1295,0.8189,0.8344,0.832,NMC111,25,1,0.2598,1
0.03923,0.02018,0.2202,0.6809,0.7644,0.695,NMC111,25,1,0.141,1
0.02625,0.1091,0.1036,0.2912,0.8441,0.3009,NMC622,25,1,0.202,1
0.005968,0.01358,0.3627,0.1339,0.3957,0.1169,NMC622,25,1,0.4992,1
0.1757,0.03795,0.1521,0.9048,0.9009,0.9117,NMC111,25,1,0.43,1
0.1669,0.05192,0.2617,0.284,0.3115,0.2978,NMC111,25,1,0.7594,1
0.2121,0.0609,0.2628,0.4185,0.6541,0.244,NMC523,25,1,0.3876,1
0.1415,0.0374,0.1948,0.6502,1.155,0.4631,NMC523,25,1,0.1062,1
0.1322,0.04077,0.03141,0.4877,0.4501,0.4677,NMC111,25,1,0.9169,1
0.1436,0.05992,0.1825,0.7593,0.7184,0.7496,NMC111,25,1,0.05897,1
0.1303,0.09475,0.1417,0.5551,1.62,0.5324,NMC622,25,1,0.03832,1
0.1458,0.07914,0.4475,0.6748,0.6856,0.6545,NMC111,25,1,0.7403,1
0.07275,0.01498,0.1392,0.142,0.4715,0.1389,NMC622,25,1,0.4187,1
0.004243,0.06408,0.2425,0.5353,1.357,0.8327,NMC532,25,1,1.261,1
0.1211,0.01642,0.0128,0.4312,1.389,0.4403,NMC622,25,1,0.05728,1
0.07191,0.05787,0.1795,0.7524,1.41,0.5433,NMC523,25,1,0.9421,1
0.1857,0.02377,0.1345,0.2748,0.7262,0.4392,NMC532,25,1,0.6979,1
0.1892,0.08311,0.4327,0.1927,0.3282,0.1338,NMC523,25,1,0.1349,1
0.1718,0.08561,0.2353,0.7099,0.7485,0.7365,NMC111,25,1,0.1251,1
0.2029,0.06203,0.1187,0.03085,0.0805,0.04924,NMC532,25,1,0.8844,1
0.1362,0.09595,0.03273,0.2692,0.2902,0.2811,NMC111,25,1,1.071,1
0.1381,0.01497,0.1747,0.1113,0.2907,0.1912,NMC532,25,1,0.05535,1
0.04744,0.04084,0.1226,0.775,1.286,0.5082,NMC523,25,1,0.208,1
0.2017,0.08332,0.3879,0.2337,1.779,0.2134,NMC811,25,1,1.165,1
0.1079,0.09342,0.07747,1.001,0.9834,1.017,NMC111,25,1,0.06555,1
0.04347,0.00388,0.2157,0.5769,1.325,0.8992,NMC532,25,1,0.5375,1
0.06364,0.1085,0.09633,0.9374,1.355,0.5414,NMC523,25,1,0.0858,1
0.1601,0.003899,0.2565,0.4256,0.9681,0.6138,NMC532,25,1,1.006,1
0.1452,0.09706,0.4412,0.4894,1.475,0.4677,NMC622,25,1,0.2679,1
0.1401,0.01248,0.0162,0.1107,0.2587,0.1614,NMC532,25,1,0.1502,1
0.1887,0.01171,0.2996,0.2605,0.7519,0.4489,NMC532,25,1,0.3057,1
0.04896,0.03799,0.1631,0.6876,1.144,0.4783,NMC523,25,1,0.2862,1
0.1626,0.03432,0.1219,0.2316,0.3919,0.1544,NMC523,25,1,0.04346,1
0.2243,0.05299,0.1086,0.3658,0.8634,0.5157,NMC532,25,1,0.1026,1
0.07107,0.07136,0.3065,0.767,1.34,0.5633,NMC523,25,1,0.1515,1
0.2151,0.08243,0.009077,0.09818,0.255,0.1564,NMC532,25,1,0.5626,1
0.05894,0.0985,0.1495,0.1615,0.2801,0.1194,NMC523,25,1,0.1237,1
0.1392,0.005897,0.4295,0.3229,2.42,0.3456,NMC811,25,1,0.02717,1
0.1641,0.008427,0.2931,0.2164,1.888,0.2121,NMC811,25,1,0.0973,1
0.09624,0.1033,0.4277,0.464,1.197,0.749,NMC532,25,1,0.8267,1
0.06982,0.04432,0.4165,0.3978,0.6548,0.2574,NMC523,25,1,0.3418,1
0.178,0.07426,0.3271,0.04203,0.3446,0.03735,NMC811,25,1,0.03315,1
0.08262,0.06283,0.04606,0.3523,0.7786,0.501,NMC532,25,1,0.1194,1
0.103,0.1008,0.04335,0.178,1.363,0.1856,NMC811,25,1,0.2513,1
0.1378,0.06731,0.3556,0.2228,1.682,0.2388,NMC811,25,1,1.285,1
0.1603,0.08144,0.3649,0.8687,0.995,0.8946,NMC111,25,1,1.002,1
0.04134,0.01228,0.4432,0.5853,1.752,0.5379,NMC622,25,1,0.07477,1
0.1482,0.05517,0.08222,0.442,0.6876,0.2803,NMC523,25,1,0.09578,1
0.179,0.1097,0.06029,0.3439,0.8972,0.4742,NMC532,25,1,0.8476,1
0.04789,0.05133,0.1475,0.5489,1.29,0.861,NMC532,25,1,0.2006,1
0.07789,0.04006,0.4238,0.2483,1.924,0.2691,NMC811,25,1,0.02792,1
0.02826,0.0659,0.1703,0.5079,1.631,0.5329,NMC622,25,1,0.08677,1
0.04348,0.05552,0.2306,0.4067,1.031,0.5846,NMC532,25,1,0.9732,1
0.01134,0.04215,0.1522,0.4861,0.4894,0.5068,NMC111,25,1,0.1518,1
0.06299,0.01184,0.2188,0.2012,0.4891,0.3,NMC532,25,1,0.5658,1
0.1478,0.03202,0.2002,0.2601,0.8661,0.2553,NMC622,25,1,0.2157,1
0.06526,0.05644,0.4222,0.4954,0.8746,0.3743,NMC523,25,1,0.7459,1
0.08942,0.04207,0.1144,0.05011,0.5082,0.05791,NMC811,25,1,0.2062,1
0.06714,0.02713,0.1003,0.113,0.8464,0.1039,NMC811,25,1,0.09766,1
0.03546,0.03905,0.3927,0.03367,0.06473,0.02372,NMC523,25,1,0.2448,1
0.1886,0.07259,0.3882,0.06189,0.5375,0.07499,NMC811,25,1,1.477,1
0.01369,0.06634,0.2732,0.4177,0.6888,0.2748,NMC523,25,1,0.07383,1
0.1047,0.02999,0.3201,0.5384,1.283,0.7739,NMC532,25,1,0.05253,1
0.05106,0.06868,0.06879,0.3232,0.7836,0.4764,NMC532,25,1,0.4491,1
0.07478,0.02169,0.1434,0.2733,2.065,0.2645,NMC811,25,1,0.04837,1
0.06226,0.0392,0.4526,0.8832,0.8702,0.9164,NMC111,25,1,0.3568,1
0.1917,0.09901,0.2725,0.5311,1.312,0.7804,NMC532,25,1,0.1414,1
0.08804,0.0879,0.4407,0.1547,0.2466,0.1099,NMC523,25,1,0.1029,1
0.1613,0.1045,0.1435,0.09739,0.223,0.1298,NMC532,25,1,0.08204,1
0.07495,0.04191,0.3536,0.4134,1.187,0.4184,NMC622,25,1,1.211,1
0.06302,0.02662,0.1663,0.2138,0.587,0.3257,NMC532,25,1,0.05005,1
0.1234,0.1071,0.2328,0.8666,1.382,0.5502,NMC523,25,1,0.02682,1
0.07761,0.05825,0.4474,0.0884,0.7183,0.09629,NMC811,25,1,0.6235,1
0.06033,0.07248,0.2165,0.5226,1.258,0.7977,NMC532,25,1,1.361,1
0.2063,0.0176,0.3317,0.4484,1.113,0.6579,NMC532,25,1,0.2594,1
0.1362,0.01014,0.2024,0.2281,0.6294,0.3669,NMC532,25,1,0.09584,1
0.009891,0.04511,0.4047,0.6163,1.102,0.4189,NMC523,25,1,0.03968,1
0.1859,0.06322,0.3668,0.06235,0.5297,0.06557,NMC811,25,1,1.016,1
0.0103,0.09333,0.1102,0.09842,0.2226,0.131,NMC532,25,1,1.162,1
0.1584,0.0249,0.4027,0.1149,0.9754,0.1149,NMC811,25,1,0.3013,1
0.1701,0.1027,0.3752,0.6711,1.029,0.4674,NMC523,25,1,0.5568,1
0.08518,0.02533,0.1334,0.3652,0.6281,0.2241,NMC523,25,1,0.02327,1
0.06501,0.002228,0.01871,0.4964,1.432,0.4776,NMC622,25,1,0.08621,1
0.06679,0.1075,0.3734,0.5849,0.5547,0.5454,NMC111,25,1,1.163,1
0.09942,0.05151,0.298,0.1913,0.1745,0.1703,NMC111,25,1,0.04391,1
0.1281,0.01336,0.1387,0.09733,0.8642,0.1196,NMC811,25,1,0.1659,1
0.1363,0.03822,0.01579,0.4522,1.376,0.4603,NMC622,25,1,0.7054,1
0.1104,0.1041,0.2909,0.3454,0.9728,0.3668,NMC622,25,1,0.02214,1
0.07566,0.09599,0.2184,0.2088,1.792,0.1957,NMC811,25,1,0.04527,1
0.1629,0.105,0.2111,0.4601,0.7143,0.2787,NMC523,25,1,0.03354,1
0.2181,0.007958,0.1688,0.7137,0.6421,0.7206,NMC111,25,1,0.03228,1
0.1894,0.02853,0.3834,0.5078,0.5223,0.5235,NMC111,25,1,0.1941,1
0.2218,0.02859,0.4022,0.03972,0.03821,0.0389,NMC111,25,1,0.09449,1
0.1913,0.09207,0.01695,0.09602,0.7889,0.1181,NMC811,25,1,0.9072,1
0.02112,0.1047,0.2423,0.2596,2.056,0.2526,NMC811,25,1,0.2269,1
0.2056,0.1013,0.4423,0.09396,0.1587,0.06559,NMC523,25,1,0.2039,1
0.1682,0.0459,0.2947,0.681,1.251,0.4815,NMC523,25,1,1.476,1
0.1142,0.09056,0.2729,0.04008,0.1308,0.0423,NMC622,25,1,0.02058,1
0.1306,0.05399,0.0772,0.4311,1.409,0.4685,NMC622,25,1,0.4352,1
0.02802,0.07446,0.3755,0.4649,1.103,0.7014,NMC532,25,1,0.03088,1
0.208,0.08327,0.07898,0.01363,0.1205,0.01258,NMC811,25,1,0.1209,1
0.1786,0.06825,0.1909,0.1504,0.4357,0.2321,NMC532,25,1,0.8507,1
0.2092,0.0342,0.136,0.4343,0.4389,0.4582,NMC111,25,1,0.09658,1
0.2005,0.07981,0.31,0.4453,1.325,0.4347,NMC622,25,1,0.04016,1
0.04933,0.05797,0.1875,0.4597,0.8,0.3325,NMC523,25,1,0.02674,1
0.03483,0.01237,0.2038,0.2328,0.7439,0.2197,NMC622,25,1,1.407,1
0.1011,0.09752,0.1091,0.1163,0.1091,0.1167,NMC111,25,1,0.2024,1
0.2086,0.04463,0.3805,0.122,0.8179,0.1151,NMC811,25,1,0.05675,1
0.1222,0.02159,0.2905,0.5219,0.9695,0.3775,NMC523,25,1,0.5234,1
0.05013,0.02712,0.2843,0.2476,0.4248,0.1603,NMC523,25,1,0.02918,1
0.05298,0.08055,0.3267,0.03923,0.3054,0.03983,NMC811,25,1,0.938,1
0.1602,0.06963,0.362,0.1866,0.5708,0.1982,NMC622,25,1,0.07189,1
0.2026,0.09344,0.4239,0.836,1.325,0.6179,NMC523,25,1,0.6333,1
0.1275,0.01126,0.4301,0.7864,1.271,0.5239,NMC523,25,1,0.3067,1
0.1768,0.03033,0.3932,0.4525,1.484,0.4383,NMC622,25,1,0.06684,1
0.1661,0.006013,0.2187,0.759,0.801,0.8093,NMC111,25,1,0.4593,1
0.1054,0.03684,0.1891,0.2881,0.8396,0.2643,NMC622,25,1,0.04584,1
0.2144,0.005253,0.297,0.4756,1.288,0.7641,NMC532,25,1,0.1172,1
0.2111,0.009618,0.2584,0.2458,1.835,0.2462,NMC811,25,1,0.6614,1
0.139,0.08589,0.1775,0.8978,1.554,0.6237,NMC523,25,1,0.4148,1
0.06731,0.06141,0.11,0.2272,2.118,0.2262,NMC811,25,1,0.04644,1
0.0616,0.03794,0.332,0.01879,0.1519,0.0176,NMC811,25,1,1.225,1
0.1645,0.081,0.4566,0.6762,0.7285,0.7506,NMC111,25,1,0.74,1
0.06656,0.06439,0.34,0.6733,1.758,0.6275,NMC622,25,1,0.03744,1
0.1062,0.04479,0.09429,0.5622,1.633,0.6018,NMC622,25,1,0.1108,1
0.1493,0.08068,0.2623,0.06551,0.1966,0.06588,NMC622,25,1,0.02308,1
0.1259,0.04771,0.1865,0.08689,0.2067,0.116,NMC532,25,1,0.3997,1
0.1706,0.03735,0.3559,0.4449,1.353,0.4588,NMC622,25,1,0.1154,1
0.1422,0.09801,0.3136,0.5532,0.5572,0.5421,NMC111,25,1,0.2549,1
0.0166,0.03879,0.2007,0.4322,1.13,0.6486,NMC532,25,1,0.02995,1
0.1542,0.01309,0.4071,0.8701,0.8354,0.7692,NMC111,25,1,1.137,1
0.154,0.09823,0.1383,0.7487,1.357,0.5692,NMC523,25,1,0.3767,1
0.0147,0.01325,0.06326,0.2931,0.7714,0.4553,NMC532,25,1,0.129,1
0.006718,0.09178,0.05536,0.1352,0.3682,0.1394,NMC622,25,1,0.2284,1
0.08336,0.08108,0.2348,0.8211,0.7767,0.8104,NMC111,25,1,0.03855,1
0.04932,0.06398,0.07196,0.3589,1.094,0.3916,NMC622,25,1,0.483,1
0.06736,0.06845,0.4492,0.8614,0.9479,0.9334,NMC111,25,1,0.317,1
0.162,0.08145,0.4313,0.2432,0.6625,0.2234,NMC622,25,1,0.3041,1
0.06362,0.1095,0.03601,0.2421,2.032,0.2487,NMC811,25,1,0.3198,1
0.1736,0.03868,0.2351,0.5055,1.454,0.5255,NMC622,25,1,0.07933,1
0.09227,0.008638,0.1665,0.6339,0.6599,0.612,NMC111,25,1,0.02799,1
0.09716,0.0756,0.3483,0.5937,1.625,0.5746,NMC622,25,1,1.498,1
0.1095,0.111,0.06302,1.035,0.9966,0.9974,NMC111,25,1,1.253,1
0.1076,0.08586,0.3142,0.7521,1.298,0.485,NMC523,25,1,0.02983,1
0.1433,0.01333,0.2724,0.5414,1.716,0.5831,NMC622,25,1,1.086,1
0.0841,0.05732,0.2616,0.2542,1.986,0.2619,NMC811,25,1,0.07596,1
0.2113,0.103,0.1964,0.2913,0.7757,0.4705,NMC532,25,1,0.8115,1
0.07304,0.005021,0.2718,0.2692,2.18,0.2666,NMC811,25,1,0.03008,1
0.2172,0.0623,0.3007,0.8273,0.749,0.6749,NMC111,25,1,0.3076,1
0.0657,0.08052,0.2458,0.4412,1.381,0.4467,NMC622,25,1,1.346,1
0.225,0.0714,0.07087,0.2772,0.262,0.2679,NMC111,25,1,0.02341,1
0.05063,0.03757,0.3938,0.7305,1.201,0.4461,NMC523,25,1,0.255,1
0.07755,0.03917,0.1022,0.08923,0.7266,0.079,NMC811,25,1,0.3993,1
0.06908,0.06683,0.3578,0.5271,1.403,0.8353,NMC532,25,1,0.05049,1
0.1672,0.08484,0.2642,0.04347,0.337,0.04222,NMC811,25,1,0.082,1
0.1157,0.09778,0.2046,0.2355,0.7566,0.2474,NMC622,25,1,0.06066,1
0.2074,0.02213,0.2478,0.584,1.177,0.7802,NMC532,25,1,0.6198,1
0.2086,0.0415,0.123,0.5702,1.471,0.966,NMC532,25,1,1.247,1
0.1387,0.09703,0.2799,0.3939,0.3765,0.4018,NMC111,25,1,0.1419,1
0.01934,0.06856,0.4402,0.1957,1.705,0.2083,NMC811,25,1,0.1329,1
0.03209,0.09221,0.1531,0.1755,0.1788,0.1831,NMC111,25,1,0.4606,1
0.1469,0.04916,0.4371,0.02971,0.2619,0.03144,NMC811,25,1,0.03329,1
0.2245,0.03244,0.2355,0.3996,1.271,0.4149,NMC622,25,1,1.042,1
0.2136,0.07535,0.2682,0.07578,0.1669,0.1004,NMC532,25,1,0.05441,1
0.05754,0.01998,0.07954,0.1452,1.062,0.1405,NMC811,25,1,0.5644,1
0.1782,0.02671,0.3386,0.2244,1.841,0.2303,NMC811,25,1,0.05738,1
0.07426,0.0647,0.4097,0.5915,1.52,0.8284,NMC532,25,1,0.1316,1
0.2226,0.0206,0.07242,0.4708,1.322,0.4676,NMC622,25,1,0.04972,1
0.09815,0.06016,0.394,0.3491,0.8847,0.5758,NMC532,25,1,0.0796,1
0.09865,0.1069,0.1691,0.02819,0.06224,0.03818,NMC532,25,1,0.03137,1
0.01712,0.04865,0.05317,0.4809,1.503,0.5251,NMC622,25,1,0.09771,1
0.198,0.03038,0.2664,0.1559,0.1585,0.1785,NMC111,25,1,0.4075,1
0.1996,0.1049,0.04739,0.2808,0.2478,0.2599,NMC111,25,1,0.02211,1
0.0777,0.05501,0.127,0.1527,1.309,0.1692,NMC811,25,1,0.7183,1
0.1461,0.02691,0.4266,0.04451,0.1267,0.04362,NMC622,25,1,0.8014,1
0.03195,0.07294,0.07461,0.2562,0.7799,0.2832,NMC622,25,1,0.4176,1
0.2132,0.02369,0.1276,0.5681,0.5927,0.5769,NMC111,25,1,0.397,1
0.2214,0.09795,0.3383,0.06142,0.4939,0.06146,NMC811,25,1,0.514,1
0.01997,0.06089,0.4013,0.1403,0.2749,0.104,NMC523,25,1,0.0452,1
0.1104,0.04882,0.3519,0.01447,0.04819,0.01699,NMC622,25,1,0.4776,1
0.2026,0.05503,0.2308,0.1754,0.4822,0.2845,NMC532,25,1,0.04443,1
0.1758,0.06968,0.237,0.8592,1.585,0.6327,NMC523,25,1,0.8465,1
0.2009,0.0667,0.01428,0.4258,0.4306,0.4388,NMC111,25,1,0.05386,1
0.1559,0.09153,0.1497,0.2945,2.391,0.3534,NMC811,25,1,0.08489,1
0.1025,0.06961,0.1858,0.9104,0.9945,0.9176,NMC111,25,1,0.1531,1
0.01732,0.1046,0.1059,0.3352,0.3399,0.3226,NMC111,25,1,0.07335,1
0.05386,0.09584,0.06013,0.0847,0.1414,0.06083,NMC523,25,1,1.329,1
0.03163,0.06577,0.3683,1.045,0.9584,1.059,NMC111,25,1,1.477,1
0.07834,0.0536,0.03763,0.5694,1.478,0.5376,NMC622,25,1,0.2648,1
0.1757,0.0914,0.3813,0.05288,0.1625,0.05603,NMC622,25,1,0.6725,1
0.12,0.05535,0.068,0.2069,0.6209,0.2215,NMC622,25,1,1.217,1
0.1462,0.03899,0.2502,0.3025,0.8306,0.313,NMC622,25,1,0.09132,1
0.211,0.0397,0.2193,0.5219,1.442,0.4584,NMC622,25,1,0.04133,1
0.1385,0.02176,0.4058,0.1019,0.3166,0.1072,NMC622,25,1,0.02607,1
0.09394,0.01957,0.2215,0.1104,0.3262,0.1006,NMC622,25,1,0.05537,1
0.03493,0.007325,0.3833,0.0929,0.2416,0.1429,NMC532,25,1,0.03877,1
0.1859,0.09157,0.3314,0.436,0.4898,0.4427,NMC111,25,1,0.04755,1
0.1646,0.1098,0.0657,0.3765,1.12,0.3503,NMC622,25,1,0.5494,1
0.1532,0.03044,0.2459,0.4404,1.191,0.669,NMC532,25,1,0.1708,1
0.1149,0.02851,0.3246,0.2757,0.2602,0.2219,NMC111,25,1,0.03862,1
0.2252,0.05151,0.1025,0.3282,0.32,0.2869,NMC111,25,1,0.1537,1
0.0762,0.03008,0.4146,0.2345,0.3999,0.1552,NMC523,25,1,0.07939,1
0.2198,0.09535,0.06477,0.293,0.9921,0.2952,NMC622,25,1,0.3318,1
0.008098,0.07376,0.1621,0.08875,0.09439,0.0923,NMC111,25,1,0.187,1
0.05257,0.02718,0.1338,0.6008,1.075,0.4079,NMC523,25,1,0.04624,1
0.01792,0.009676,0.04664,0.1102,0.9088,0.1209,NMC811,25,1,0.0387,1
0.1404,0.08464,0.2169,0.1379,0.9903,0.134,NMC811,25,1,0.2296,1
0.05571,0.06524,0.4345,0.5289,0.8836,0.3084,NMC523,25,1,0.08123,1
0.06142,0.1,0.2806,0.1297,1.13,0.1334,NMC811,25,1,0.4255,1
0.1355,0.09906,0.3574,0.1498,1.189,0.153,NMC811,25,1,0.4072,1
0.2082,0.0449,0.01948,0.01924,0.04606,0.03008,NMC532,25,1,0.4537,1
0.221,0.08317,0.3199,0.1044,0.7649,0.1093,NMC811,25,1,0.441,1
0.2185,0.04241,0.3205,0.3399,0.3422,0.3003,NMC111,25,1,0.1044,1
0.1374,0.1106,0.4308,0.3342,0.9933,0.3091,NMC622,25,1,0.02336,1
0.1278,0.08841,0.3539,0.1219,0.8892,0.1303,NMC811,25,1,0.06011,1
0.08541,0.08872,0.4457,0.6285,1.421,0.9113,NMC532,25,1,0.289,1
0.03527,0.04026,0.07654,0.5883,1.751,0.5917,NMC622,25,1,0.8427,1
0.02161,0.02968,0.03669,0.2385,0.5861,0.3352,NMC532,25,1,0.03302,1
0.06099,0.05261,0.1061,0.4866,1.155,0.6605,NMC532,25,1,0.2373,1
0.1288,0.0519,0.224,0.0746,0.1349,0.05397,NMC523,25,1,0.03986,1
0.1807,0.06114,0.11,0.5588,1.418,0.91,NMC532,25,1,0.683,1
0.1489,0.04839,0.1978,0.3423,1.049,0.3461,NMC622,25,1,0.7723,1
0.03968,0.03659,0.1942,0.139,0.2485,0.09993,NMC523,25,1,0.386,1
0.1571,0.06241,0.2212,0.07357,0.2128,0.07515,NMC622,25,1,0.4077,1
0.1038,0.08972,0.4481,0.7823,1.498,0.6018,NMC523,25,1,0.5621,1
0.02707,0.104,0.18,0.01301,0.1042,0.01202,NMC811,25,1,0.06333,1
0.07437,0.06977,0.2547,0.5781,1.031,0.4304,NMC523,25,1,0.02954,1
0.03931,0.07426,0.1733,0.02257,0.1969,0.02242,NMC811,25,1,0.3427,1
0.1323,0.04353,0.3976,0.1239,0.9073,0.1169,NMC811,25,1,0.2533,1
0.1851,0.02458,0.3125,0.02503,0.192,0.02796,NMC811,25,1,1.406,1
0.161,0.1002,0.3504,0.1445,0.4867,0.1506,NMC622,25,1,0.1074,1
0.1725,0.006522,0.3838,0.7463,1.167,0.5048,NMC523,25,1,0.08372,1
0.05249,0.07768,0.04222,0.3498,0.811,0.5435,NMC532,25,1,0.9322,1
0.144,0.06118,0.1637,0.03235,0.0337,0.03367,NMC111,25,1,0.09259,1
0.02848,0.002387,0.3653,0.2125,0.517,0.3356,NMC532,25,1,0.9549,1
0.1928,0.101,0.1286,0.4054,1.428,0.4915,NMC622,25,1,0.4837,1
0.1477,0.05464,0.3104,0.3543,0.9646,0.5274,NMC532,25,1,0.04002,1
0.006824,0.1039,0.1088,0.808,1.366,0.492,NMC523,25,1,0.2228,1
0.14,0.02711,0.2928,0.1447,0.3637,0.2236,NMC532,25,1,1.183,1
0.1502,0.05515,0.01611,0.1123,0.8838,0.1115,NMC811,25,1,0.2169,1
0.1104,0.08163,0.09584,0.2961,0.6802,0.4073,NMC532,25,1,0.6972,1
0.1788,0.07853,0.009983,0.7405,0.7984,0.7449,NMC111,25,1,0.04893,1
0.06031,0.07901,0.1057,0.5775,1.023,0.4625,NMC523,25,1,1.2,1
0.1342,0.04053,0.2054,0.6672,1.105,0.4979,NMC523,25,1,0.4295,1
0.05014,0.08629,0.09469,0.7353,1.252,0.5205,NMC523,25,1,0.04894,1
0.06561,0.08604,0.3291,0.08136,0.2275,0.08148,NMC622,25,1,0.1121,1
0.04652,0.07033,0.3874,0.5736,0.8649,0.4175,NMC523,25,1,0.04025,1
0.2179,0.05838,0.346,0.8792,0.8242,0.9002,NMC111,25,1,0.02192,1
0.1511,0.06781,0.2733,0.05125,0.4469,0.04848,NMC811,25,1,0.4278,1
0.05971,0.07354,0.1299,0.1196,0.2898,0.1821,NMC532,25,1,0.4389,1
0.177,0.02798,0.01029,0.6664,0.7183,0.745,NMC111,25,1,0.4195,1
0.1169,0.03472,0.3562,0.5503,0.9298,0.3939,NMC523,25,1,0.1062,1
0.1742,0.04978,0.1836,0.1874,0.5985,0.1936,NMC622,25,1,0.035,1
0.1078,0.04506,0.4379,0.932,1.008,1.006,NMC111,25,1,0.8356,1
0.1959,0.09806,0.3565,0.2655,2.097,0.2581,NMC811,25,1,0.844,1
0.1819,0.04018,0.02081,0.0406,0.3431,0.03858,NMC811,25,1,0.03234,1
0.08234,0.046,0.2084,0.4363,0.4836,0.4534,NMC111,25,1,0.8535,1
0.1236,0.1044,0.4515,0.3434,1.008,0.5774,NMC532,25,1,0.8078,1
0.1417,0.0983,0.1043,0.07649,0.1245,0.05137,NMC523,25,1,0.49,1
0.1372,0.09664,0.08395,0.387,1.176,0.4341,NMC622,25,1,1.007,1
0.005804,0.02796,0.1849,0.1856,1.613,0.201,NMC811,25,1,0.0439,1
0.1602,0.04938,0.399,0.3191,1.087,0.322,NMC622,25,1,0.8377,1
0.1702,0.06374,0.3206,0.2685,2.077,0.2864,NMC811,25,1,0.03091,1
0.1097,0.03891,0.2215,0.2914,0.5121,0.212,NMC523,25,1,0.1922,1
0.009138,0.01654,0.09576,0.1632,0.4084,0.2385,NMC532,25,1,0.03628,1
0.1992,0.1113,0.3319,0.3105,0.8332,0.4623,NMC532,25,1,0.8178,1
0.05893,0.01254,0.07556,0.3667,1.121,0.3712,NMC622,25,1,1.367,1
0.09157,0.09868,0.2425,0.2236,1.983,0.2202,NMC811,25,1,0.1367,1
0.1073,0.06423,0.4571,0.5388,1.402,0.8697,NMC532,25,1,0.06929,1
0.009763,0.09617,0.08433,0.2914,0.4562,0.1791,NMC523,25,1,0.1928,1
0.1155,0.05245,0.1225,0.4491,1.242,0.4651,NMC622,25,1,0.04015,1
0.2131,0.008004,0.2894,0.6759,1.282,0.5243,NMC523,25,1,0.2749,1
0.1741,0.009594,0.04756,0.04233,0.3592,0.04243,NMC811,25,1,0.3935,1
0.1144,0.1002,0.1675,0.4454,1.289,0.4214,NMC622,25,1,0.4779,1
0.1447,0.04467,0.1795,0.1836,0.1798,0.1761,NMC111,25,1,0.07078,1
0.1926,0.04807,0.2173,0.2309,0.5307,0.3761,NMC532,25,1,0.4764,1
0.2032,0.01339,0.1171,0.201,1.613,0.2373,NMC811,25,1,0.02073,1
0.1567,0.05496,0.2319,0.1133,0.8974,0.1238,NMC811,25,1,1.143,1
0.1293,0.02451,0.2191,0.1675,1.294,0.1793,NMC811,25,1,0.6225,1
0.07767,0.004589,0.07453,0.1667,0.1605,0.1557,NMC111,25,1,0.1254,1
0.06583,0.08261,0.04922,0.0706,0.1197,0.04493,NMC523,25,1,0.08959,1
0.03169,0.02654,0.4348,0.4528,0.7057,0.293,NMC523,25,1,0.1383,1
0.092,0.04229,0.3182,0.07674,0.1402,0.05827,NMC523,25,1,0.04983,1
0.1027,0.1052,0.3222,0.1623,0.2547,0.1105,NMC523,25,1,0.8528,1
0.2141,0.05963,0.1301,0.4478,1.019,0.652,NMC532,25,1,0.7988,1
0.1742,0.09574,0.3664,0.3921,1.019,0.3759,NMC622,25,1,0.04898,1
0.1133,0.1026,0.144,0.5645,0.5377,0.6058,NMC111,25,1,0.05143,1
0.1268,0.05769,0.1786,0.1011,0.853,0.1054,NMC811,25,1,0.4034,1
0.0405,0.01006,0.322,0.1096,0.3091,0.1036,NMC622,25,1,0.2614,1
0.0835,0.0677,0.2214,0.6352,0.9635,0.3547,NMC523,25,1,0.8906,1
0.1696,0.019,0.1568,0.391,0.6518,0.2736,NMC523,25,1,0.7097,1
0.06625,0.01591,0.01881,0.3795,1.048,0.6769,NMC532,25,1,0.02593,1
0.01684,0.03129,0.3728,0.9979,0.9008,0.8649,NMC111,25,1,0.08183,1
0.186,0.01295,0.122,0.06962,0.5915,0.06656,NMC811,25,1,0.321,1
0.2242,0.08832,0.2233,0.07368,0.5628,0.07853,NMC811,25,1,0.7633,1
0.1352,0.03033,0.04901,0.7664,1.285,0.4639,NMC523,25,1,0.7386,1
0.0758,0.0045,0.1246,0.2354,1.851,0.2388,NMC811,25,1,0.1214,1
0.06905,0.05741,0.3026,0.2211,0.5249,0.3644,NMC532,25,1,0.0296,1
0.06434,0.00815,0.1952,0.2179,1.785,0.2005,NMC811,25,1,0.6244,1
0.1735,0.03196,0.03032,0.3031,0.9098,0.3333,NMC622,25,1,0.9438,1
0.05059,0.09675,0.07318,0.07147,0.1964,0.1068,NMC532,25,1,1.201,1
0.1778,0.05084,0.3543,0.4653,0.7845,0.2989,NMC523,25,1,0.8207,1
0.04755,0.007178,0.1888,0.1209,1.014,0.1258,NMC811,25,1,0.1235,1
0.01244,0.004535,0.2249,0.4056,0.9738,0.5949,NMC532,25,1,0.03925,1
0.05602,0.08141,0.223,0.3492,0.903,0.5965,NMC532,25,1,0.469,1
0.1215,0.03479,0.2132,0.115,0.8296,0.1132,NMC811,25,1,0.02034,1
0.09734,0.1103,0.03465,0.4686,1.485,0.4952,NMC622,25,1,0.1435,1
0.1224,0.008319,0.2156,0.8273,0.8081,0.8456,NMC111,25,1,0.03519,1
0.05797,0.0247,0.4008,0.166,1.295,0.1707,NMC811,25,1,0.5334,1
0.02195,0.0775,0.03718,0.8037,1.229,0.5117,NMC523,25,1,0.05009,1
0.03974,0.05618,0.2121,0.2604,2.35,0.2637,NMC811,25,1,0.4672,1
0.07129,0.09084,0.2878,0.8563,0.8482,1.003,NMC111,25,1,0.8017,1
0.1367,0.05632,0.02744,0.6924,0.6668,0.6793,NMC111,25,1,0.1551,1
0.1835,0.1026,0.1987,0.007704,0.06219,0.007495,NMC811,25,1,0.1528,1
0.2005,0.02332,0.1615,0.2207,0.6168,0.3553,NMC532,25,1,0.3204,1
0.1461,0.07613,0.375,0.2759,0.6034,0.3881,NMC532,25,1,0.6974,1
0.1101,0.06483,0.2662,0.3777,0.8684,0.5476,NMC532,25,1,0.9032,1
0.1789,0.05019,0.3639,0.1566,0.442,0.1389,NMC622,25,1,0.1567,1
0.2267,0.05762,0.02236,0.07937,0.7034,0.08186,NMC811,25,1,0.02973,1
0.1849,0.06958,0.1752,0.4497,0.5019,0.4883,NMC111,25,1,0.04498,1
0.04071,0.0879,0.1294,0.5145,1.562,0.5331,NMC622,25,1,0.2724,1
0.05745,0.0396,0.04619,0.594,1.002,0.453,NMC523,25,1,0.02578,1
0.0441,0.09271,0.2175,0.2154,0.2068,0.2094,NMC111,25,1,0.07721,1
0.1274,0.04499,0.2345,0.07882,0.224,0.07607,NMC622,25,1,0.03003,1
0.154,0.03681,0.1386,0.3727,0.5809,0.2241,NMC523,25,1,0.1844,1
0.06665,0.08053,0.2577,0.9104,1.48,0.6024,NMC523,25,1,0.05781,1
0.1712,0.02361,0.2305,0.1451,0.4078,0.2413,NMC532,25,1,0.8421,1
0.1424,0.02748,0.217,0.1678,0.1801,0.1772,NMC111,25,1,0.6108,1
0.0152,0.04272,0.1153,0.03339,0.2952,0.03583,NMC811,25,1,1.453,1
0.19,0.05425,0.4102,0.4958,0.8085,0.3221,NMC523,25,1,0.697,1
0.05595,0.07752,0.2151,0.6312,1.016,0.4308,NMC523,25,1,0.1009,1
0.03996,0.003151,0.01144,0.07965,0.2312,0.07683,NMC622,25,1,0.5297,1
0.1928,0.02675,0.2961,0.7393,1.24,0.5137,NMC523,25,1,0.1176,1
0.01245,0.05361,0.2816,0.02054,0.03315,0.0123,NMC523,25,1,0.4367,1
0.04707,0.05895,0.007997,0.5292,1.483,0.5172,NMC622,25,1,0.02585,1
0.06142,0.0519,0.1101,0.1539,1.195,0.1589,NMC811,25,1,1.378,1
0.1872,0.05121,0.3753,0.6913,0.7122,0.7016,NMC111,25,1,0.04709,1
0.1505,0.04646,0.4509,0.2738,2.338,0.2915,NMC811,25,1,0.4264,1
0.04392,0.06501,0.3185,0.2057,1.675,0.2029,NMC811,25,1,0.02323,1
0.06206,0.04405,0.2993,0.1239,1.038,0.1378,NMC811,25,1,0.451,1
0.1883,0.09639,0.3216,0.2236,0.4939,0.3266,NMC532,25,1,0.4358,1
0.2238,0.0326,0.08106,0.1576,0.4807,0.1885,NMC622,25,1,0.06363,1
0.06547,0.04451,0.3082,0.4434,1.192,0.7832,NMC532,25,1,0.06056,1
0.1194,0.01152,0.2267,0.4156,1.248,0.4655,NMC622,25,1,0.4181,1
0.1001,0.01512,0.3519,0.5397,1.371,0.7831,NMC532,25,1,0.07325,1
0.08236,0.0984,0.1734,0.03172,0.2674,0.03166,NMC811,25,1,0.161,1
0.1814,0.0842,0.1537,0.6877,1.096,0.4579,NMC523,25,1,0.06664,1
0.09663,0.04269,0.2954,0.6632,0.5573,0.6646,NMC111,25,1,0.02497,1
0.222,0.01657,0.4126,0.155,0.4321,0.2264,NMC532,25,1,0.4978,1
0.154,0.07689,0.3013,0.6445,0.6418,0.6718,NMC111,25,1,0.1217,1
0.04101,0.0464,0.3847,0.2486,0.4128,0.1616,NMC523,25,1,0.1964,1
0.05094,0.08156,0.3235,0.5049,1.603,0.5309,NMC622,25,1,0.07888,1
0.1521,0.04086,0.08112,0.5731,1.061,0.4206,NMC523,25,1,0.2986,1
0.1451,0.0288,0.4286,0.2532,1.813,0.2451,NMC811,25,1,0.666,1
0.218,0.02633,0.2105,0.4919,0.8241,0.3106,NMC523,25,1,0.3313,1
0.02794,0.09999,0.2509,0.8736,0.9874,1.037,NMC111,25,1,0.05672,1
0.1536,0.1004,0.06061,0.1679,1.28,0.1541,NMC811,25,1,1.254,1
0.1528,0.06893,0.3994,0.1694,0.4795,0.2635,NMC532,25,1,0.5183,1
0.01444,0.08869,0.2982,0.7463,0.7801,0.8677,NMC111,25,1,0.05541,1
0.005043,0.05906,0.4488,0.166,1.384,0.1631,NMC811,25,1,0.04183,1
0.1618,0.07025,0.3622,0.1991,0.571,0.1973,NMC622,25,1,0.1643,1
0.1923,0.07215,0.09394,0.7659,0.7958,0.718,NMC111,25,1,0.4771,1
0.1088,0.01965,0.2768,0.2118,1.731,0.2285,NMC811,25,1,0.1563,1
0.1468,0.01082,0.2954,0.9238,1.552,0.605,NMC523,25,1,0.04024,1
0.09137,0.02305,0.2551,0.03496,0.07995,0.05299,NMC532,25,1,0.3286,1
0.1153,0.0195,0.3146,0.1463,0.2153,0.0856,NMC523,25,1,0.1359,1
0.1423,0.05362,0.3096,0.1546,0.4619,0.166,NMC622,25,1,0.2319,1
0.1648,0.03536,0.3387,0.04996,0.367,0.04639,NMC811,25,1,0.115,1
0.1851,0.1016,0.4455,0.06291,0.5552,0.0618,NMC811,25,1,0.2235,1
0.2043,0.01454,0.3372,0.8441,1.569,0.5702,NMC523,25,1,0.2292,1
0.1644,0.003927,0.2623,0.3514,1.046,0.336,NMC622,25,1,0.1311,1
0.003754,0.1085,0.2926,0.02735,0.0639,0.03989,NMC532,25,1,1.257,1
0.158,0.01734,0.2249,0.1388,1.127,0.1395,NMC811,25,1,0.1598,1
0.02662,0.02639,0.06862,0.5831,1.721,0.5339,NMC622,25,1,0.03217,1
0.1505,0.1007,0.2532,0.6079,1.801,0.6363,NMC622,25,1,0.02894,1
0.1022,0.009247,0.04077,0.292,0.914,0.2909,NMC622,25,1,0.995,1
0.1588,0.04416,0.1385,0.642,0.7126,0.6677,NMC111,25,1,0.6608,1
0.09052,0.04042,0.2817,0.5193,0.5638,0.5449,NMC111,25,1,0.6801,1
0.2213,0.03286,0.3271,0.4073,1.11,0.6679,NMC532,25,1,0.5025,1
0.02691,0.06258,0.07402,0.07764,0.2035,0.1029,NMC532,25,1,0.4336,1
0.1176,0.08505,0.2666,0.4399,1.269,0.4339,NMC622,25,1,0.1833,1
0.1943,0.0333,0.4468,0.2642,2.174,0.2699,NMC811,25,1,1.04,1
0.01816,0.01856,0.2632,0.4512,0.4271,0.4762,NMC111,25,1,0.3348,1
0.06999,0.06142,0.376,0.3082,0.8417,0.3052,NMC622,25,1,0.3373,1
0.1807,0.08991,0.06901,0.01097,0.03035,0.009882,NMC622,25,1,0.1743,1
0.106,0.03672,0.184,0.347,0.9982,0.3454,NMC622,25,1,0.06348,1
0.06509,0.09147,0.2189,0.04855,0.1206,0.07101,NMC532,25,1,0.04266,1
0.1522,0.08,0.1051,0.03505,0.3102,0.04176,NMC811,25,1,0.4561,1
0.06872,0.01552,0.4415,0.5323,1.292,0.8552,NMC532,25,1,0.0343,1
0.117,0.05935,0.1714,0.1034,0.914,0.1156,NMC811,25,1,0.0897,1
0.01964,0.05743,0.3534,0.04546,0.3602,0.04274,NMC811,25,1,0.2027,1
0.06127,0.05676,0.08748,0.5205,1.226,0.675,NMC532,25,1,0.1566,1
0.03315,0.06817,0.4325,0.4075,0.6063,0.2942,NMC523,25,1,0.1229,1
0.1099,0.07073,0.2243,0.7907,1.378,0.5502,NMC523,25,1,0.1948,1
0.0362,0.07758,0.4088,0.06455,0.06166,0.06141,NMC111,25,1,0.108,1
0.1418,0.06358,0.1179,0.1211,0.3589,0.1187,NMC622,25,1,0.1413,1
0.1503,0.0812,0.4035,0.5508,0.9087,0.3676,NMC523,25,1,0.2871,1
0.06809,0.08249,0.1968,0.5373,0.9385,0.3614,NMC523,25,1,0.02413,1
0.08938,0.004223,0.07381,0.2075,1.733,0.2405,NMC811,25,1,0.3802,1
0.1472,0.07541,0.4419,0.6793,1.461,0.949,NMC532,25,1,0.4104,1
0.1626,0.09575,0.215,0.4971,0.4776,0.4589,NMC111,25,1,0.09761,1
0.1323,0.07624,0.2915,1.059,0.9586,0.9648,NMC111,25,1,0.08534,1
0.1117,0.1058,0.1399,0.1607,0.4459,0.1457,NMC622,25,1,0.6874,1
0.0322,0.08152,0.1298,0.381,0.4037,0.387,NMC111,25,1,0.477,1
0.09358,0.03252,0.3868,0.2227,0.5226,0.3033,NMC532,25,1,0.08341,1
0.009959,0.07515,0.2958,0.09658,0.1738,0.06319,NMC523,25,1,0.08678,1
0.1855,0.1063,0.2352,0.665,0.5777,0.6214,NMC111,25,1,0.2258,1
0.1145,0.05962,0.2458,0.1595,1.189,0.1564,NMC811,25,1,0.6581,1
0.2076,0.0982,0.0462,0.0892,0.1437,0.05762,NMC523,25,1,1.11,1
0.07759,0.05777,0.3861,0.236,2.039,0.2252,NMC811,25,1,0.05204,1
0.1471,0.0616,0.09292,0.06845,0.07002,0.06214,NMC111,25,1,0.8794,1
0.168,0.06303,0.3691,0.1764,1.477,0.1885,NMC811,25,1,0.03726,1
0.04473,0.01574,0.3805,0.4373,1.428,0.4477,NMC622,25,1,0.496,1
0.06655,0.0893,0.2553,0.4346,0.7062,0.3107,NMC523,25,1,0.2761,1
0.1563,0.111,0.3701,0.2607,1.972,0.2596,NMC811,25,1,0.6557,1
0.08828,0.04671,0.312,0.343,0.911,0.4683,NMC532,25,1,0.2717,1
0.1719,0.08606,0.01592,0.3241,2.187,0.2709,NMC811,25,1,0.5347,1
0.02351,0.0718,0.286,0.1088,0.2955,0.153,NMC532,25,1,0.4782,1
0.1723,0.08255,0.2749,0.04699,0.1505,0.04663,NMC622,25,1,0.1382,1
0.008656,0.0461,0.1153,0.4502,1.112,0.7856,NMC532,25,1,0.1624,1
0.1482,0.1013,0.3697,0.03016,0.2449,0.03154,NMC811,25,1,0.2325,1
0.1228,0.09153,0.1513,0.2759,0.2851,0.2988,NMC111,25,1,1.309,1
0.1305,0.05083,0.3167,0.2132,0.3864,0.1618,NMC523,25,1,0.04479,1
0.05837,0.03199,0.2278,0.137,0.9123,0.1307,NMC811,25,1,0.09601,1
0.1036,0.01828,0.2398,0.6514,1.075,0.3991,NMC523,25,1,0.5256,1
0.1366,0.06793,0.1776,0.06593,0.5242,0.06434,NMC811,25,1,0.3511,1
0.1929,0.1042,0.309,0.1111,1.001,0.1123,NMC811,25,1,0.269,1
0.1026,0.0741,0.4317,0.3207,0.4737,0.1974,NMC523,25,1,1.117,1
0.1835,0.07255,0.01986,0.4594,1.363,0.4937,NMC622,25,1,0.3202,1
0.06071,0.0603,0.166,0.1053,0.1681,0.07241,NMC523,25,1,0.1051,1
0.08957,0.08607,0.4244,0.2715,2.468,0.2898,NMC811,25,1,0.1774,1
0.05264,0.09346,0.2662,0.008139,0.05802,0.007476,NMC811,25,1,0.5355,1
0.1101,0.09002,0.363,0.0894,0.6686,0.08416,NMC811,25,1,0.04528,1
0.08566,0.06141,0.4128,0.05382,0.4171,0.05087,NMC811,25,1,0.2403,1
0.2155,0.09545,0.362,0.1359,1.003,0.1274,NMC811,25,1,1.218,1
0.2199,0.07751,0.1408,0.2556,0.4035,0.1764,NMC523,25,1,0.4391,1
0.09545,0.09026,0.2062,0.3016,0.8473,0.3326,NMC622,25,1,0.5162,1
0.1772,0.07759,0.03449,0.3639,1.112,0.359,NMC622,25,1,0.1154,1
0.02161,0.1055,0.2908,0.3125,2.419,0.2857,NMC811,25,1,0.06614,1
0.1663,0.07529,0.2714,0.3751,1.27,0.4313,NMC622,25,1,0.03821,1
0.1162,0.002007,0.372,0.4478,0.7465,0.3326,NMC523,25,1,0.051,1
0.02986,0.02903,0.07953,0.2247,1.701,0.2026,NMC811,25,1,0.1543,1
0.02586,0.01715,0.3612,0.06845,0.507,0.06487,NMC811,25,1,0.06442,1
0.2201,0.03169,0.2248,0.1777,1.379,0.1614,NMC811,25,1,0.8,1
0.1404,0.02142,0.1368,0.6308,1.517,0.846,NMC532,25,1,0.08477,1
0.04136,0.07861,0.4129,0.694,0.6391,0.6458,NMC111,25,1,0.1183,1
0.2166,0.01249,0.1214,0.7543,1.393,0.5778,NMC523,25,1,0.7146,1
0.01815,0.04251,0.309,0.3999,1.164,0.3965,NMC622,25,1,0.6494,1
0.1203,0.01409,0.1933,0.3915,0.627,0.255,NMC523,25,1,0.02374,1
0.06484,0.1058,0.06247,0.3891,0.6615,0.2924,NMC523,25,1,0.1955,1
0.08644,0.07027,0.04484,0.04893,0.3981,0.04317,NMC811,25,1,0.05186,1
0.09823,0.03169,0.2651,0.6114,0.5393,0.5309,NMC111,25,1,0.1004,1
0.1806,0.0529,0.1076,0.09756,0.237,0.1463,NMC532,25,1,0.3024,1
0.0651,0.06157,0.3024,0.2543,0.6462,0.4204,NMC532,25,1,0.1402,1
0.108,0.1041,0.1441,0.3819,0.3961,0.3902,NMC111,25,1,0.6976,1
0.2236,0.05821,0.04804,0.2213,0.5644,0.3525,NMC532,25,1,0.2254,1
0.2192,0.02746,0.3493,0.3018,0.3189,0.3042,NMC111,25,1,0.1267,1
0.1895,0.05909,0.0134,0.1427,0.2434,0.09307,NMC523,25,1,0.09008,1
0.05516,0.07097,0.1582,0.4733,0.4886,0.4739,NMC111,25,1,0.03701,1
0.202,0.03934,0.3459,0.4383,0.7556,0.304,NMC523,25,1,0.1991,1
0.08726,0.02169,0.07562,0.04501,0.3849,0.05009,NMC811,25,1,0.04424,1
0.2243,0.08685,0.2401,0.08091,0.627,0.07445,NMC811,25,1,1.018,1
0.1721,0.008643,0.2727,0.2003,1.691,0.2085,NMC811,25,1,0.2396,1
0.1722,0.05467,0.1295,0.5332,0.8955,0.3822,NMC523,25,1,0.3249,1
0.0643,0.06982,0.0502,0.09828,0.1754,0.06265,NMC523,25,1,0.05185,1
0.1231,0.08903,0.4508,0.7834,1.312,0.5552,NMC523,25,1,0.0635,1
0.08788,0.06462,0.2228,0.04679,0.3454,0.04582,NMC811,25,1,0.02254,1
0.04071,0.0176,0.3568,0.3355,1.057,0.3788,NMC622,25,1,0.6894,1
0.06293,0.09887,0.3833,0.2775,0.3306,0.3242,NMC111,25,1,0.5218,1
0.2252,0.1096,0.3211,0.2326,1.976,0.236,NMC811,25,1,0.02352,1
0.1515,0.05704,0.2262,0.9191,1.381,0.6125,NMC523,25,1,0.1368,1
0.05476,0.09933,0.1807,1.032,0.9822,1.075,NMC111,25,1,0.04465,1
0.03957,0.1038,0.3965,0.6768,0.8073,0.7969,NMC111,25,1,0.1963,1
0.1745,0.0809,0.3683,0.328,0.3253,0.2898,NMC111,25,1,1.324,1
0.05788,0.02955,0.121,0.1286,1.043,0.1413,NMC811,25,1,0.03031,1
0.05181,0.0368,0.1203,0.007886,0.06748,0.007883,NMC811,25,1,0.03663,1
0.05561,0.04101,0.4142,0.165,1.323,0.1579,NMC811,25,1,0.3769,1
0.1495,0.09423,0.3307,0.2435,0.4225,0.1538,NMC523,25,1,0.2264,1
0.1966,0.04966,0.09907,0.4386,1.332,0.4075,NMC622,25,1,1.149,1
0.1259,0.05968,0.4554,0.2773,0.3179,0.2916,NMC111,25,1,0.02993,1
0.09433,0.02386,0.2797,0.819,1.317,0.544,NMC523,25,1,0.3811,1
0.1959,0.06537,0.4171,0.7227,0.694,0.6932,NMC111,25,1,0.1439,1
0.2267,0.06905,0.0293,0.4261,0.4755,0.4369,NMC111,25,1,0.6071,1
0.08889,0.08319,0.04885,0.1323,0.3114,0.2168,NMC532,25,1,0.7843,1
0.04592,0.03276,0.09047,0.8169,1.52,0.5113,NMC523,25,1,0.03655,1
0.2248,0.01872,0.3766,0.7861,1.287,0.5681,NMC523,25,1,0.2442,1
0.02463,0.02153,0.4174,0.2426,0.6254,0.376,NMC532,25,1,0.06834,1
0.1085,0.03975,0.2307,0.2512,0.762,0.2699,NMC622,25,1,0.1586,1
0.03796,0.04925,0.2318,0.09056,0.2412,0.139,NMC532,25,1,1.308,1
0.2246,0.03279,0.2573,0.3843,1.221,0.3967,NMC622,25,1,0.9697,1
0.1438,0.1082,0.2084,0.5868,0.9709,0.361,NMC523,25,1,0.1252,1
0.01985,0.07207,0.1075,0.3323,0.9096,0.3421,NMC622,25,1,0.1318,1
0.1372,0.04786,0.2204,0.2195,0.6185,0.2355,NMC622,25,1,1.325,1
0.01593,0.006099,0.141,0.1658,0.166,0.1682,NMC111,25,1,0.0637,1
0.2203,0.1062,0.292,0.2707,0.68,0.4062,NMC532,25,1,0.5952,1
0.01457,0.08341,0.07221,0.06395,0.4931,0.06803,NMC811,25,1,0.02699,1
0.1062,0.06344,0.0372,0.1379,0.2009,0.08329,NMC523,25,1,0.05422,1
0.02685,0.1066,0.2216,0.7704,1.22,0.5534,NMC523,25,1,0.07841,1
0.08915,0.05234,0.2479,0.2192,1.623,0.2058,NMC811,25,1,0.9327,1
0.1522,0.02536,0.07171,0.2655,0.2832,0.2906,NMC111,25,1,1.293,1
0.178,0.07035,0.009762,0.03882,0.09703,0.06144,NMC532,25,1,0.1906,1
0.1918,0.00635,0.433,0.05939,0.5095,0.06126,NMC811,25,1,0.1325,1
0.187,0.05969,0.04202,0.2967,2.389,0.3241,NMC811,25,1,0.1276,1
0.1884,0.05205,0.1963,0.6169,1.011,0.41,NMC523,25,1,0.08856,1
0.01477,0.1027,0.1691,0.05137,0.1674,0.05567,NMC622,25,1,0.673,1
0.1093,0.08063,0.2649,0.405,0.6381,0.278,NMC523,25,1,0.1641,1
0.2034,0.07299,0.4554,0.7023,0.6959,0.7667,NMC111,25,1,0.0242,1
0.02045,0.07079,0.365,0.1789,0.5256,0.1861,NMC622,25,1,0.06692,1
0.05626,0.006076,0.407,0.04207,0.3022,0.03973,NMC811,25,1,0.3023,1
0.184,0.05883,0.3013,0.02924,0.2284,0.02572,NMC811,25,1,0.2022,1
0.2036,0.04425,0.1495,0.2517,0.6724,0.4052,NMC532,25,1,1.116,1
0.01973,0.1111,0.233,0.5029,0.4544,0.4218,NMC111,25,1,0.2199,1
0.04964,0.04468,0.3672,0.1773,0.4287,0.2612,NMC532,25,1,0.355,1
0.2015,0.02776,0.07087,0.57,1.488,0.963,NMC532,25,1,0.064,1
0.06593,0.05187,0.18,0.3828,0.9474,0.5678,NMC532,25,1,0.5119,1
0.1408,0.08946,0.1704,0.1257,0.2053,0.07639,NMC523,25,1,0.9366,1
0.1436,0.04474,0.1323,0.241,0.6002,0.4,NMC532,25,1,0.08866,1
0.1399,0.02382,0.45,0.1244,0.3041,0.09839,NMC622,25,1,0.5352,1
0.07215,0.1077,0.1424,0.8016,0.7504,0.7638,NMC111,25,1,0.0791,1
0.02947,0.09174,0.3716,0.7553,1.143,0.4579,NMC523,25,1,0.04331,1
0.1168,0.01941,0.01896,0.8968,0.8898,0.88,NMC111,25,1,0.4211,1
0.1316,0.05157,0.2836,0.07373,0.223,0.07915,NMC622,25,1,0.544,1
0.1968,0.08868,0.2412,0.4659,0.8433,0.3147,NMC523,25,1,0.2767,1
0.2015,0.09352,0.1769,0.04514,0.1036,0.06571,NMC532,25,1,0.4411,1
0.1358,0.05365,0.01546,0.2732,0.6305,0.3693,NMC532,25,1,0.1988,1
0.05515,0.08459,0.3131,0.9982,1.015,1.011,NMC111,25,1,0.8226,1
0.08621,0.08258,0.09763,0.2458,0.6023,0.3597,NMC532,25,1,0.0213,1
0.01085,0.0469,0.143,0.7695,1.313,0.4532,NMC523,25,1,0.1423,1
0.1823,0.05859,0.28,0.05912,0.4963,0.05922,NMC811,25,1,0.6719,1
0.04613,0.0808,0.2176,0.3009,0.4785,0.2072,NMC523,25,1,0.4111,1
0.1254,0.1042,0.2931,0.3259,2.42,0.3322,NMC811,25,1,0.1451,1
0.1958,0.08725,0.3038,0.9971,0.926,0.9722,NMC111,25,1,0.203,1
0.1394,0.03994,0.1077,0.5494,1.015,0.3491,NMC523,25,1,0.6451,1
0.2116,0.08334,0.008145,0.3013,0.4952,0.1925,NMC523,25,1,0.05485,1
0.05215,0.005528,0.2913,0.09206,0.2389,0.08377,NMC622,25,1,0.3037,1
0.09572,0.07659,0.4535,0.243,0.753,0.2148,NMC622,25,1,0.06537,1
0.1747,0.0742,0.03661,0.2396,0.7763,0.2583,NMC622,25,1,0.9993,1
0.08342,0.0439,0.4252,0.1301,0.4036,0.1191,NMC622,25,1,0.02761,1
0.1269,0.1043,0.0695,0.247,0.2649,0.2514,NMC111,25,1,0.04882,1
0.07102,0.02245,0.07064,0.1041,0.8086,0.09237,NMC811,25,1,1.421,1
0.169,0.0693,0.1773,0.02086,0.05736,0.02123,NMC622,25,1,0.1221,1
0.009486,0.09786,0.2474,0.09423,0.09883,0.09682,NMC111,25,1,0.08389,1
0.1886,0.02289,0.436,0.1518,0.4516,0.1568,NMC622,25,1,0.4842,1
0.07922,0.04236,0.4401,0.336,1.099,0.3734,NMC622,25,1,0.04513,1
0.09009,0.07843,0.1341,0.0503,0.08633,0.03064,NMC523,25,1,0.04243,1
0.02802,0.02132,0.2837,0.4711,0.4225,0.459,NMC111,25,1,0.148,1
0.2085,0.011,0.2446,0.1247,0.4187,0.1312,NMC622,25,1,0.03897,1
0.2225,0.09899,0.01713,0.2255,1.65,0.2066,NMC811,25,1,0.4946,1
0.07816,0.09463,0.4543,0.7877,0.8038,0.8508,NMC111,25,1,0.3919,1
0.07876,0.03175,0.2155,0.1511,0.4214,0.1541,NMC622,25,1,0.404,1
0.0112,0.02202,0.4366,0.9802,1.079,0.9129,NMC111,25,1,0.2562,1
0.08304,0.008015,0.09447,0.4028,0.4119,0.3413,NMC111,25,1,0.6303,1
0.08383,0.1012,0.3798,0.1922,0.3494,0.137,NMC523,25,1,0.1247,1
0.2092,0.06047,0.2095,0.7539,0.7594,0.758,NMC111,25,1,0.02315,1
0.08235,0.08686,0.4507,0.4508,0.3967,0.4547,NMC111,25,1,0.2488,1
0.1757,0.0347,0.4186,0.6429,0.6379,0.6316,NMC111,25,1,0.9632,1
0.01807,0.006019,0.3271,0.03694,0.3388,0.04191,NMC811,25,1,0.9151,1
0.08295,0.02772,0.4124,0.05761,0.08805,0.03556,NMC523,25,1,0.0413,1
0.2188,0.04142,0.1386,0.3078,0.2937,0.2847,NMC111,25,1,0.06039,1
0.1453,0.01498,0.175,0.2377,0.2372,0.2559,NMC111,25,1,0.1143,1
0.01611,0.05353,0.3005,0.3767,0.9522,0.6002,NMC532,25,1,0.766,1
0.005505,0.06663,0.281,0.2346,0.6258,0.2294,NMC622,25,1,0.03262,1
0.05308,0.09028,0.3971,0.2231,1.85,0.2102,NMC811,25,1,0.02716,1
0.1062,0.09661,0.3216,0.4165,0.3902,0.4437,NMC111,25,1,1.348,1
0.1386,0.04464,0.1238,0.3377,0.5707,0.2345,NMC523,25,1,0.6171,1
0.1839,0.03516,0.0491,0.2471,1.723,0.2624,NMC811,25,1,0.02944,1
0.03137,0.04451,0.4138,0.8383,1.324,0.485,NMC523,25,1,0.03132,1
0.1903,0.01314,0.2681,0.4028,1.29,0.4133,NMC622,25,1,1.364,1
0.0599,0.09946,0.2343,0.04664,0.07067,0.02979,NMC523,25,1,0.02841,1
0.03885,0.01058,0.4131,0.01392,0.1129,0.0163,NMC811,25,1,0.3729,1
0.1751,0.06265,0.4522,0.4171,0.3581,0.4161,NMC111,25,1,0.04038,1
0.1538,0.06467,0.2266,0.2426,0.584,0.3762,NMC532,25,1,0.8764,1
0.1146,0.09458,0.1419,0.5215,0.8306,0.3247,NMC523,25,1,0.7032,1
0.04984,0.01712,0.2146,0.4085,0.453,0.4204,NMC111,25,1,1.246,1
0.1361,0.0464,0.1123,0.1791,0.279,0.1096,NMC523,25,1,0.06242,1
0.1725,0.09521,0.4127,1.069,0.9838,1.01,NMC111,25,1,0.03895,1
0.03735,0.03945,0.2522,0.221,0.6261,0.2111,NMC622,25,1,0.1274,1
0.02657,0.07565,0.2904,0.1663,1.249,0.1617,NMC811,25,1,0.05939,1
0.1732,0.1016,0.4325,0.1951,0.3186,0.1235,NMC523,25,1,0.1355,1
0.1296,0.09865,0.1142,0.3187,0.758,0.4587,NMC532,25,1,0.1656,1
0.1523,0.09896,0.3402,0.1246,0.3715,0.131,NMC622,25,1,0.4649,1
0.1708,0.05779,0.04357,0.2306,0.6241,0.363,NMC532,25,1,0.1014,1
0.08622,0.06456,0.1593,0.1637,1.334,0.1643,NMC811,25,1,0.7531,1
0.08163,0.05337,0.1942,0.506,0.8952,0.3357,NMC523,25,1,1.242,1
0.05925,0.1099,0.04671,0.03192,0.09309,0.03011,NMC622,25,1,0.4038,1
0.1089,0.07458,0.2279,0.2531,0.2593,0.2606,NMC111,25,1,0.05814,1
0.1909,0.09845,0.1579,0.353,0.8754,0.4919,NMC532,25,1,0.5829,1
0.08834,0.02162,0.4142,0.2195,1.786,0.2238,NMC811,25,1,0.4122,1
0.06617,0.05,0.2412,0.4753,0.8,0.303,NMC523,25,1,0.2055,1
0.1489,0.0986,0.2198,0.4626,1.236,0.4846,NMC622,25,1,0.04587,1
0.05049,0.02847,0.1812,0.2424,0.6732,0.4297,NMC532,25,1,0.3259,1
0.1575,0.08496,0.07083,0.2401,1.746,0.2222,NMC811,25,1,0.4681,1
0.2136,0.07795,0.06255,0.5679,1.022,0.3737,NMC523,25,1,0.329,1
0.06282,0.05328,0.2728,0.1653,1.309,0.1715,NMC811,25,1,0.03434,1
0.02969,0.08387,0.3485,0.6248,0.5504,0.6118,NMC111,25,1,0.4017,1
0.1662,0.08631,0.2694,0.1395,0.3252,0.2171,NMC532,25,1,0.5764,1
0.1281,0.05759,0.3905,0.2534,0.2546,0.2395,NMC111,25,1,0.94,1
0.07722,0.1025,0.08147,0.122,1.097,0.1157,NMC811,25,1,0.3711,1
0.1906,0.1005,0.3798,0.2423,0.2465,0.2616,NMC111,25,1,0.1164,1
0.2086,0.08967,0.4518,0.2968,0.874,0.2923,NMC622,25,1,0.3651,1
0.1309,0.06516,0.4071,0.1457,0.411,0.1616,NMC622,25,1,0.8717,1
0.1164,0.02245,0.1734,0.5503,1.371,0.8572,NMC532,25,1,0.5636,1
0.2001,0.05032,0.2899,0.09878,0.8336,0.0987,NMC811,25,1,0.03194,1
0.05492,0.05573,0.4261,0.2071,1.896,0.2482,NMC811,25,1,0.02573,1
0.154,0.01197,0.1658,0.8715,1.51,0.5321,NMC523,25,1,0.6652,1
0.02671,0.04065,0.2647,0.1761,0.4433,0.2587,NMC532,25,1,0.1846,1
0.1661,0.008747,0.05034,0.2351,0.5722,0.3202,NMC532,25,1,0.9046,1
0.06878,0.06598,0.2669,0.6945,1.083,0.4832,NMC523,25,1,0.6714,1
0.05024,0.0287,0.156,0.1229,0.9938,0.1229,NMC811,25,1,0.1478,1
0.2167,0.07145,0.0254,0.3314,0.8412,0.5306,NMC532,25,1,0.7607,1
0.2265,0.1042,0.3928,0.8989,1.42,0.6262,NMC523,25,1,0.03914,1
0.03194,0.06432,0.3221,0.2286,0.6795,0.1993,NMC622,25,1,0.05311,1
0.08873,0.03554,0.4062,0.5274,0.5691,0.5456,NMC111,25,1,0.04592,1
0.1545,0.0452,0.4192,0.9196,1.526,0.6394,NMC523,25,1,0.3843,1
0.1976,0.07808,0.3899,0.3129,0.8008,0.4746,NMC532,25,1,0.7574,1
0.162,0.03863,0.2672,0.4803,0.4444,0.4996,NMC111,25,1,0.2375,1
0.2038,0.03666,0.3237,0.00843,0.07309,0.008147,NMC811,25,1,0.5778,1
0.1193,0.01886,0.08407,0.8473,0.9443,0.8938,NMC111,25,1,0.9856,1
0.1852,0.07287,0.09054,0.06131,0.4851,0.05769,NMC811,25,1,0.2206,1
0.1813,0.01486,0.0701,0.152,0.3708,0.2191,NMC532,25,1,1.009,1
0.123,0.07111,0.1441,0.3933,0.9553,0.5618,NMC532,25,1,0.2726,1
0.05419,0.03918,0.1508,0.2332,1.854,0.2318,NMC811,25,1,0.3117,1
0.1664,0.06728,0.382,0.08303,0.6775,0.08432,NMC811,25,1,0.04371,1
0.08985,0.0164,0.2596,0.4885,0.496,0.4432,NMC111,25,1,0.1204,1
0.08984,0.1058,0.427,0.3024,0.871,0.2609,NMC622,25,1,0.08091,1
0.1052,0.06823,0.1925,0.2237,0.3708,0.1568,NMC523,25,1,0.04411,1
0.2265,0.02896,0.3729,0.524,0.6064,0.5524,NMC111,25,1,0.453,1
0.2245,0.06223,0.3164,0.09376,0.09051,0.08839,NMC111,25,1,0.2746,1
0.13,0.09988,0.1688,0.4224,0.4124,0.4704,NMC111,25,1,0.04041,1
0.1229,0.04599,0.07329,0.05211,0.05171,0.05212,NMC111,25,1,0.3759,1
0.2161,0.02219,0.1925,0.2622,0.7023,0.4302,NMC532,25,1,0.2078,1
0.1793,0.09054,0.3883,0.1033,0.09862,0.1065,NMC111,25,1,0.02494,1
0.1323,0.03294,0.4126,0.1367,0.2416,0.09947,NMC523,25,1,0.02492,1
0.003828,0.0278,0.0947,0.4142,1.232,0.3874,NMC622,25,1,0.07805,1
0.02433,0.1001,0.334,0.3831,0.3485,0.3273,NMC111,25,1,0.5872,1
0.2215,0.08189,0.4426,0.8968,0.8861,0.8567,NMC111,25,1,0.124,1
0.05172,0.03143,0.3063,0.5474,0.5702,0.5623,NMC111,25,1,0.1068,1
0.1793,0.0405,0.2307,0.3654,0.943,0.4884,NMC532,25,1,0.6192,1
0.2152,0.01326,0.2934,0.2876,2.342,0.307,NMC811,25,1,0.1912,1
0.06921,0.03415,0.1899,0.1799,1.416,0.1926,NMC811,25,1,0.2174,1
0.09416,0.005153,0.4313,0.2984,0.4504,0.1861,NMC523,25,1,0.3449,1
0.1693,0.017,0.4064,0.2376,0.5848,0.317,NMC532,25,1,1.165,1
0.01837,0.09043,0.2271,0.2346,0.6126,0.2364,NMC622,25,1,0.06822,1
0.2091,0.01796,0.3371,0.1097,0.1842,0.07316,NMC523,25,1,0.2633,1
0.07225,0.1037,0.2864,0.4298,1.263,0.4293,NMC622,25,1,0.05193,1
0.03977,0.008971,0.3218,0.6134,1.331,0.8734,NMC532,25,1,0.4226,1
0.1447,0.06553,0.04426,0.3474,0.8442,0.471,NMC532,25,1,0.6357,1
0.2052,0.07599,0.07336,0.5753,1.242,0.8601,NMC532,25,1,0.08297,1
0.08459,0.09567,0.1421,0.3787,0.3556,0.3773,NMC111,25,1,0.2351,1
0.06527,0.05332,0.02946,0.5323,1.376,0.8047,NMC532,25,1,0.6386,1
0.1322,0.1083,0.24,0.1439,1.325,0.148,NMC811,25,1,0.6848,1
0.09293,0.03343,0.09297,0.5458,1.577,0.5163,NMC622,25,1,0.1613,1
0.01908,0.08306,0.2644,0.2294,0.6805,0.2313,NMC622,25,1,0.5091,1
0.04721,0.01552,0.07327,0.4859,1.504,0.4772,NMC622,25,1,0.566,1
0.1793,0.003754,0.01056,0.2763,2.196,0.2724,NMC811,25,1,0.1168,1
0.1177,0.05121,0.1818,0.473,1.334,0.461,NMC622,25,1,0.07493,1
0.1713,0.03837,0.3126,0.1807,1.384,0.1705,NMC811,25,1,0.9612,1
0.06517,0.09485,0.08396,0.6668,0.6469,0.7264,NMC111,25,1,0.03573,1
0.1528,0.06212,0.1785,0.3591,1.002,0.6655,NMC532,25,1,0.2176,1
0.1959,0.02788,0.39,0.07225,0.2109,0.06633,NMC622,25,1,0.19,1
0.1417,0.08031,0.4554,0.3867,0.9404,0.5987,NMC532,25,1,0.1512,1
0.01338,0.03389,0.238,0.342,0.9502,0.3104,NMC622,25,1,0.3976,1
0.1393,0.09055,0.09815,0.5705,1.618,0.5694,NMC622,25,1,0.1761,1
0.1176,0.06136,0.1037,0.05378,0.4614,0.05427,NMC811,25,1,0.1098,1
0.07167,0.09907,0.05721,0.5333,1.857,0.6018,NMC622,25,1,0.08103,1
0.1904,0.07683,0.3095,0.7443,1.377,0.5433,NMC523,25,1,0.118,1
0.1376,0.08489,0.1258,0.03367,0.07868,0.04642,NMC532,25,1,0.02175,1
0.1208,0.04379,0.2386,0.4869,0.4537,0.4669,NMC111,25,1,0.4761,1
0.04294,0.1077,0.1973,0.05421,0.1255,0.08528,NMC532,25,1,0.2572,1
0.2266,0.008716,0.2445,0.309,0.7541,0.4877,NMC532,25,1,0.1113,1
0.1374,0.02996,0.008845,0.335,2.426,0.3083,NMC811,25,1,0.5383,1
0.1409,0.01044,0.2974,0.07658,0.6065,0.08271,NMC811,25,1,1.073,1
0.1049,0.06227,0.2013,0.6431,1.794,0.59,NMC622,25,1,0.0538,1
0.1347,0.1108,0.3654,0.1975,0.6195,0.3309,NMC532,25,1,0.02519,1
0.1636,0.02341,0.3746,0.06871,0.1758,0.1161,NMC532,25,1,0.2049,1
0.2194,0.0311,0.2577,0.2324,1.776,0.216,NMC811,25,1,0.05155,1
0.2052,0.0888,0.3169,0.6112,0.5827,0.6193,NMC111,25,1,0.4309,1
0.136,0.006378,0.4099,0.1146,0.3472,0.1067,NMC622,25,1,0.04019,1
0.01147,0.02581,0.3084,0.3413,0.5257,0.2273,NMC523,25,1,0.3252,1
0.1336,0.01091,0.1272,0.2187,1.961,0.2651,NMC811,25,1,0.1918,1
0.2005,0.006757,0.1258,0.3688,0.8945,0.5382,NMC532,25,1,0.375,1
0.05168,0.1087,0.09097,0.4566,1.315,0.7459,NMC532,25,1,0.1844,1
0.2247,0.02164,0.3097,0.03427,0.07859,0.04942,NMC532,25,1,0.6496,1
0.0772,0.007898,0.2921,0.3055,0.8421,0.4545,NMC532,25,1,0.06263,1
0.04465,0.1089,0.07874,0.3072,0.5733,0.2138,NMC523,25,1,0.0534,1
0.02496,0.03151,0.204,0.9757,0.8405,0.8993,NMC111,25,1,0.4268,1
0.1307,0.002923,0.3173,0.2885,2.126,0.3022,NMC811,25,1,0.3102,1
0.1739,0.06158,0.107,0.2437,1.96,0.2338,NMC811,25,1,0.4238,1
0.01553,0.02168,0.2314,0.8957,0.9108,1.049,NMC111,25,1,0.4299,1
0.008093,0.05934,0.1456,0.2435,1.793,0.2335,NMC811,25,1,1.253,1
0.04793,0.1072,0.08417,0.3936,0.3942,0.3549,NMC111,25,1,0.02166,1
0.1712,0.06353,0.3547,0.151,0.225,0.08633,NMC523,25,1,0.4431,1
0.05296,0.04105,0.09139,0.4284,1.326,0.4418,NMC622,25,1,0.338,1
0.1729,0.05114,0.1772,0.1344,0.3446,0.1953,NMC532,25,1,0.038,1
0.1526,0.08546,0.1802,0.2492,0.8089,0.2491,NMC622,25,1,0.1438,1
0.108,0.004132,0.1784,0.3416,0.5287,0.2271,NMC523,25,1,0.2731,1
0.1416,0.005207,0.2801,0.01743,0.03932,0.0253,NMC532,25,1,0.6136,1
0.1932,0.03598,0.3161,0.6146,1.428,0.8704,NMC532,25,1,0.02996,1
0.1294,0.03679,0.4351,0.3273,0.5741,0.214,NMC523,25,1,0.1071,1
0.2055,0.03435,0.04326,0.01733,0.04451,0.02724,NMC532,25,1,0.1427,1
0.02434,0.08654,0.2697,0.0854,0.1305,0.05531,NMC523,25,1,0.9117,1
0.08753,0.07992,0.3029,0.7455,0.6931,0.733,NMC111,25,1,1.062,1
0.1532,0.06404,0.3599,0.3747,0.8932,0.55,NMC532,25,1,0.464,1
0.16,0.01132,0.1525,0.01754,0.1414,0.01627,NMC811,25,1,0.2872,1
0.02386,0.01326,0.3942,0.06848,0.5683,0.0704,NMC811,25,1,0.1274,1
0.1208,0.05296,0.3129,0.2775,0.4502,0.1824,NMC523,25,1,0.1727,1
0.05154,0.07072,0.1252,0.8338,1.555,0.5635,NMC523,25,1,0.1014,1
0.2205,0.08308,0.3596,0.2308,2.042,0.2385,NMC811,25,1,0.5499,1
0.1115,0.03013,0.3813,0.08032,0.2425,0.1282,NMC532,25,1,0.6039,1
0.06406,0.08455,0.3649,0.5032,1.524,0.8265,NMC532,25,1,0.6288,1
0.09414,0.1053,0.427,0.1645,0.468,0.1372,NMC622,25,1,0.1439,1
0.06147,0.02975,0.43,0.3703,0.894,0.5236,NMC532,25,1,0.4895,1
0.07482,0.05268,0.4301,0.2202,0.677,0.2523,NMC622,25,1,0.1389,1
0.06198,0.01662,0.06333,0.7706,1.3,0.5314,NMC523,25,1,0.7705,1
0.0265,0.03351,0.4367,0.2044,0.3597,0.1558,NMC523,25,1,0.08508,1
0.04328,0.03042,0.3641,0.4029,0.3534,0.3888,NMC111,25,1,0.224,1
0.02033,0.09501,0.1765,0.3082,0.4883,0.1768,NMC523,25,1,0.7864,1
0.2227,0.03069,0.3558,0.1097,0.7583,0.1056,NMC811,25,1,1.072,1
0.0271,0.0743,0.2397,0.2035,0.6673,0.2312,NMC622,25,1,0.1608,1
0.1934,0.04492,0.2598,0.4257,0.5925,0.2661,NMC523,25,1,0.5802,1
0.1544,0.0795,0.1283,0.1948,1.521,0.2102,NMC811,25,1,0.1202,1
0.01353,0.105,0.4166,0.2909,0.3108,0.3139,NMC111,25,1,0.5939,1
0.2189,0.0265,0.4002,0.04313,0.3176,0.04017,NMC811,25,1,0.1166,1
0.09442,0.08015,0.4068,0.1137,0.9472,0.1191,NMC811,25,1,0.9793,1
0.2113,0.09384,0.08492,0.2413,2.038,0.2681,NMC811,25,1,0.2315,1
0.2142,0.07959,0.03673,0.7597,0.7369,0.7494,NMC111,25,1,0.02098,1
0.1547,0.1047,0.1057,0.1483,0.9976,0.141,NMC811,25,1,0.06387,1
0.04958,0.07626,0.3425,0.7055,0.7543,0.7767,NMC111,25,1,0.06441,1
0.0194,0.08359,0.1516,0.4399,0.4426,0.462,NMC111,25,1,0.8692,1
0.1456,0.02913,0.3912,0.5932,1.907,0.5811,NMC622,25,1,0.9295,1
0.03586,0.09748,0.1034,0.5656,1.794,0.6103,NMC622,25,1,0.05124,1
0.08537,0.07582,0.2935,0.9427,0.9021,0.9241,NMC111,25,1,0.1486,1
0.09668,0.03571,0.05149,0.1928,0.19,0.1821,NMC111,25,1,1.138,1
0.1074,0.1086,0.185,0.294,0.5321,0.2077,NMC523,25,1,0.03411,1
0.08638,0.07144,0.4279,0.0414,0.1126,0.06444,NMC532,25,1,0.05944,1
0.05074,0.0256,0.1544,0.6352,0.6283,0.608,NMC111,25,1,0.09468,1
0.04456,0.04798,0.01979,0.1725,1.26,0.16,NMC811,25,1,0.1575,1
0.1911,0.03523,0.07163,0.613,1.07,0.4183,NMC523,25,1,0.2073,1
0.1564,0.05828,0.157,0.2311,1.81,0.2403,NMC811,25,1,0.3962,1
0.2189,0.002201,0.1523,0.1333,0.4091,0.1308,NMC622,25,1,0.9782,1
0.06388,0.03765,0.05199,0.03395,0.1001,0.03225,NMC622,25,1,0.138,1
0.1419,0.01041,0.4479,0.1814,1.194,0.1633,NMC811,25,1,0.08473,1
0.09435,0.09277,0.3626,0.7392,0.7349,0.7109,NMC111,25,1,0.5701,1
0.0312,0.06996,0.3887,0.6849,0.6617,0.6524,NMC111,25,1,0.03578,1
0.04677,0.04507,0.3855,0.1947,1.595,0.1919,NMC811,25,1,0.2227,1
0.08076,0.01199,0.088,0.3592,0.9595,0.5344,NMC532,25,1,0.04477,1
0.1292,0.0383,0.209,0.2628,0.7221,0.2589,NMC622,25,1,0.3826,1
0.1642,0.009785,0.1277,0.4853,0.8558,0.3311,NMC523,25,1,0.8276,1
0.03545,0.07414,0.262,0.2476,0.6588,0.4081,NMC532,25,1,0.04188,1
0.1995,0.08295,0.329,0.8316,1.502,0.6,NMC523,25,1,0.4338,1
0.04944,0.1046,0.4166,0.4696,1.6,0.5312,NMC622,25,1,0.02023,1
0.1483,0.07286,0.2898,0.1235,0.3414,0.1176,NMC622,25,1,0.05059,1
0.1967,0.07436,0.2466,0.5064,1.631,0.5276,NMC622,25,1,0.03167,1
0.04522,0.06093,0.4576,0.1505,1.13,0.1479,NMC811,25,1,0.2846,1
0.2231,0.04529,0.1968,0.3213,0.932,0.3125,NMC622,25,1,0.08915,1
0.177,0.07969,0.2012,0.5868,0.6003,0.6228,NMC111,25,1,0.04204,1
0.01475,0.1086,0.1146,0.09303,0.2264,0.1359,NMC532,25,1,0.4934,1
0.1629,0.008422,0.3162,0.4732,1.116,0.6589,NMC532,25,1,0.2771,1
0.1656,0.008798,0.3408,0.4785,1.21,0.77,NMC532,25,1,0.894,1
0.05943,0.09668,0.3783,0.1198,0.9156,0.1253,NMC811,25,1,0.06599,1
0.02569,0.04171,0.402,0.6107,0.9257,0.3826,NMC523,25,1,0.05411,1
0.1171,0.09397,0.1157,0.1705,1.39,0.1554,NMC811,25,1,0.779,1
0.06479,0.08772,0.3661,0.3943,1.275,0.3964,NMC622,25,1,0.5993,1
0.1296,0.01627,0.2212,0.4286,1.194,0.4125,NMC622,25,1,0.02172,1
0.06442,0.04067,0.3076,0.5033,1.404,0.4549,NMC622,25,1,0.2948,1
0.186,0.08963,0.1028,0.5527,1.481,0.5134,NMC622,25,1,0.09212,1
0.1755,0.08282,0.09069,0.2358,2.048,0.254,NMC811,25,1,1.085,1
0.006372,0.09567,0.1206,0.3496,0.9628,0.3235,NMC622,25,1,0.0997,1
0.1941,0.06097,0.1397,0.02776,0.03125,0.02951,NMC111,25,1,1.186,1
0.2084,0.008714,0.08525,0.2837,0.8347,0.2832,NMC622,25,1,0.6118,1
0.1398,0.09343,0.2695,0.754,0.7605,0.7174,NMC111,25,1,0.1078,1
0.0449,0.0355,0.03531,0.3232,0.3123,0.3255,NMC111,25,1,0.6038,1
0.08096,0.05696,0.4371,0.2526,0.6332,0.3981,NMC532,25,1,0.165,1
0.05233,0.09717,0.3439,0.416,0.6971,0.2707,NMC523,25,1,0.08722,1
0.04828,0.04425,0.1314,0.2848,2.292,0.2504,NMC811,25,1,0.3723,1
0.1681,0.09776,0.1685,0.2957,0.6783,0.415,NMC532,25,1,0.05126,1
0.1263,0.09829,0.3376,0.4593,1.126,0.4132,NMC622,25,1,0.02796,1
0.169,0.05977,0.2136,0.2136,0.4508,0.2998,NMC532,25,1,0.2395,1
0.1885,0.06744,0.1978,0.2965,2.125,0.2772,NMC811,25,1,0.6363,1
0.1625,0.06435,0.2431,0.5571,1.722,0.552,NMC622,25,1,0.05106,1
0.1963,0.03672,0.05429,0.6733,0.6281,0.7072,NMC111,25,1,0.9828,1
0.08824,0.04259,0.09528,0.5877,1.715,0.6151,NMC622,25,1,0.04261,1
0.2054,0.0178,0.2236,0.3716,0.3839,0.4272,NMC111,25,1,1.273,1
0.09573,0.0943,0.3551,0.3221,1.031,0.3233,NMC622,25,1,0.1134,1
0.1468,0.05902,0.08886,0.4605,1.55,0.5361,NMC622,25,1,0.03025,1
0.06513,0.1005,0.2262,0.4064,0.612,0.2731,NMC523,25,1,0.7879,1
0.05933,0.08636,0.3985,0.08795,0.1477,0.06395,NMC523,25,1,0.094,1
0.2217,0.0927,0.08717,0.4653,0.7275,0.2949,NMC523,25,1,0.02981,1
0.2042,0.01133,0.03751,0.4122,1.26,0.4225,NMC622,25,1,0.07286,1
0.1429,0.009083,0.343,0.1783,1.418,0.1788,NMC811,25,1,0.03259,1
0.006307,0.04918,0.3373,0.1044,0.8551,0.1088,NMC811,25,1,0.09066,1
0.08165,0.01157,0.4067,0.06778,0.218,0.07199,NMC622,25,1,0.04949,1
0.07016,0.00561,0.1468,0.5,0.4777,0.5046,NMC111,25,1,0.06817,1
0.157,0.008584,0.3528,0.05437,0.05301,0.05364,NMC111,25,1,0.8723,1
0.02297,0.1108,0.2894,0.8735,0.9381,0.8977,NMC111,25,1,0.7608,1
0.005587,0.1042,0.439,0.8046,0.8338,0.7418,NMC111,25,1,1.475,1
0.1733,0.09294,0.4303,0.4511,1.102,0.6273,NMC532,25,1,0.1268,1
0.1163,0.09046,0.4048,0.6151,1.699,0.5656,NMC622,25,1,0.02384,1
0.1694,0.07164,0.2906,0.03225,0.2539,0.03195,NMC811,25,1,0.07781,1
0.2163,0.1029,0.4484,0.4925,0.5325,0.5247,NMC111,25,1,1.253,1
0.1578,0.07438,0.2263,0.08186,0.6988,0.07546,NMC811,25,1,1.168,1
0.01462,0.001797,0.05149,0.4659,1.374,0.4392,NMC622,25,1,0.2307,1
0.1886,0.0413,0.4068,0.2973,2.34,0.286,NMC811,25,1,0.1709,1
0.07585,0.05046,0.0921,0.2315,0.2585,0.2607,NMC111,25,1,0.04271,1
0.00538,0.09524,0.3653,0.1926,1.394,0.2021,NMC811,25,1,0.08443,1
0.1315,0.04407,0.4144,0.7539,1.327,0.5128,NMC523,25,1,0.6138,1
0.03647,0.0984,0.1702,0.9538,0.9036,0.8887,NMC111,25,1,0.02658,1
0.03456,0.1011,0.45,0.9155,0.9808,0.9255,NMC111,25,1,0.02503,1
0.06253,0.004247,0.4508,0.4803,1.306,0.4532,NMC622,25,1,1.076,1
0.02582,0.01466,0.01874,0.3559,0.3067,0.3325,NMC111,25,1,0.1378,1
0.1051,0.09466,0.1244,0.01067,0.02386,0.01527,NMC532,25,1,1.182,1
0.05421,0.01238,0.2383,0.2085,0.6631,0.2251,NMC622,25,1,1.118,1
0.01718,0.04453,0.1885,0.35,0.9037,0.5669,NMC532,25,1,0.2188,1
0.08611,0.08152,0.2118,0.3159,0.9507,0.3112,NMC622,25,1,0.02809,1
0.0985,0.07005,0.03356,0.7647,0.6659,0.7503,NMC111,25,1,0.4275,1
0.1401,0.01918,0.2898,0.6936,0.6717,0.6473,NMC111,25,1,0.5524,1
0.2049,0.03804,0.3873,0.3597,0.5591,0.2243,NMC523,25,1,0.7917,1
0.02825,0.03139,0.3071,0.4856,1.226,0.7876,NMC532,25,1,0.2657,1
0.1854,0.06949,0.2648,0.1981,0.5957,0.1991,NMC622,25,1,0.03312,1
0.06051,0.03426,0.2975,0.8432,1.451,0.5518,NMC523,25,1,0.3472,1
0.1003,0.04104,0.4072,0.05588,0.4173,0.05571,NMC811,25,1,0.3572,1
0.0435,0.08812,0.3159,0.5085,1.123,0.7242,NMC532,25,1,0.05055,1
0.01685,0.04825,0.09173,0.5205,0.806,0.3211,NMC523,25,1,0.6293,1
0.02321,0.01165,0.4195,0.09232,0.2532,0.09678,NMC622,25,1,0.08838,1
0.2023,0.05498,0.449,0.2739,0.778,0.2512,NMC622,25,1,0.1492,1
0.1362,0.08327,0.3009,0.01992,0.1541,0.02065,NMC811,25,1,0.08708,1
0.1262,0.02714,0.355,0.09072,0.7008,0.09339,NMC811,25,1,0.02154,1
0.225,0.09807,0.1992,0.04546,0.04811,0.04403,NMC111,25,1,0.6044,1
0.0674,0.07675,0.4511,0.02475,0.02527,0.02321,NMC111,25,1,1.101,1
0.1541,0.08318,0.05439,0.3634,0.9706,0.3254,NMC622,25,1,1.384,1
0.1075,0.03972,0.3885,0.6589,0.6355,0.7081,NMC111,25,1,0.02495,1
0.1591,0.02131,0.405,0.05556,0.1336,0.08182,NMC532,25,1,0.03511,1
0.1767,0.1097,0.2568,0.03646,0.3086,0.0319,NMC811,25,1,1.353,1
0.05944,0.005689,0.1083,0.7797,0.736,0.7395,NMC111,25,1,0.4112,1
0.1649,0.07693,0.1232,0.5771,0.588,0.6083,NMC111,25,1,0.03566,1
0.1969,0.04535,0.2539,0.2437,0.2731,0.2497,NMC111,25,1,0.04288,1
0.1778,0.0743,0.3346,0.08459,0.2517,0.1288,NMC532,25,1,0.02267,1
0.2044,0.06784,0.1398,0.06002,0.5365,0.0691,NMC811,25,1,0.734,1
0.1481,0.0557,0.1371,0.0257,0.07696,0.02652,NMC622,25,1,0.4041,1
0.09843,0.06205,0.2275,0.0901,0.09804,0.09814,NMC111,25,1,0.2421,1
0.1983,0.1074,0.3814,0.62,1.398,0.9186,NMC532,25,1,0.04651,1
0.09617,0.04639,0.07517,0.535,1.602,0.5795,NMC622,25,1,0.5353,1
0.0632,0.06439,0.04069,0.2346,0.5709,0.2831,NMC532,25,1,0.9251,1
0.1394,0.01691,0.3245,0.1268,1.037,0.1253,NMC811,25,1,0.2722,1
0.1189,0.05257,0.03218,0.06951,0.6224,0.07497,NMC811,25,1,0.1923,1
0.05743,0.02659,0.08242,0.2275,0.2334,0.2301,NMC111,25,1,0.7118,1
0.1538,0.09387,0.2085,0.548,1.554,0.8975,NMC532,25,1,0.6353,1
0.2035,0.08082,0.3839,0.2001,1.591,0.212,NMC811,25,1,0.09256,1
0.1902,0.06154,0.3228,0.3209,0.9778,0.2977,NMC622,25,1,0.4359,1
0.06583,0.03946,0.1775,0.09446,0.281,0.09796,NMC622,25,1,0.1395,1
0.1131,0.005949,0.2888,0.1026,0.2739,0.1009,NMC622,25,1,0.03497,1
0.15,0.002017,0.3402,0.909,0.8876,0.8502,NMC111,25,1,0.04712,1
0.07671,0.09779,0.05641,0.241,0.6502,0.3968,NMC532,25,1,0.02512,1
0.1794,0.105,0.02806,0.1132,1,0.1172,NMC811,25,1,0.1532,1
0.1634,0.09638,0.05563,0.9022,0.8535,0.9174,NMC111,25,1,0.6145,1
0.2131,0.001843,0.2876,0.2405,0.5574,0.3742,NMC532,25,1,0.1845,1
0.07385,0.07415,0.4529,0.3038,2.493,0.2821,NMC811,25,1,0.1764,1
0.146,0.1022,0.3204,0.225,0.7288,0.2419,NMC622,25,1,0.1234,1
0.03386,0.06274,0.08462,0.586,1.035,0.3787,NMC523,25,1,0.9823,1
0.02966,0.08276,0.4289,0.1657,0.4997,0.1676,NMC622,25,1,0.0241,1
0.01651,0.05228,0.1852,0.2804,2.478,0.2918,NMC811,25,1,0.06586,1
0.04687,0.01029,0.2585,0.4588,0.4472,0.4795,NMC111,25,1,0.3808,1
0.155,0.002832,0.0869,0.526,1.264,0.7123,NMC532,25,1,0.0206,1
0.2236,0.003643,0.1223,0.3455,0.8798,0.575,NMC532,25,1,1.258,1
0.06809,0.0902,0.211,0.06775,0.06873,0.06601,NMC111,25,1,0.3228,1
0.192,0.09864,0.1756,0.3912,1.362,0.4303,NMC622,25,1,0.1084,1
0.0849,0.0631,0.4482,0.3222,0.7981,0.4921,NMC532,25,1,0.04564,1
0.07203,0.02735,0.1507,0.2093,0.2063,0.1981,NMC111,25,1,0.518,1
0.1989,0.08379,0.01423,0.02951,0.2235,0.02716,NMC811,25,1,0.06293,1
0.2248,0.05083,0.04551,0.0868,0.7243,0.08696,NMC811,25,1,0.1861,1
0.213,0.069,0.4085,0.3601,0.3115,0.3376,NMC111,25,1,0.2808,1
0.1569,0.109,0.153,0.08663,0.2167,0.1307,NMC532,25,1,0.04495,1
0.05038,0.04054,0.1455,0.2396,1.968,0.224,NMC811,25,1,0.02987,1
0.01348,0.05892,0.3281,0.2641,2.299,0.2875,NMC811,25,1,0.5945,1
0.06134,0.1061,0.3684,0.2733,0.7302,0.2323,NMC622,25,1,0.09695,1
0.1901,0.03709,0.1666,0.9511,0.9476,0.8924,NMC111,25,1,1.088,1
0.168,0.1085,0.4116,0.2505,1.894,0.2331,NMC811,25,1,0.3005,1
0.2008,0.09155,0.0612,0.154,0.5138,0.1679,NMC622,25,1,0.1385,1
0.02896,0.02324,0.03163,0.02845,0.2202,0.02642,NMC811,25,1,0.02152,1
0.1066,0.05157,0.4315,0.9825,0.9922,0.9643,NMC111,25,1,1.397,1
0.02504,0.03456,0.1827,0.2438,0.6456,0.3412,NMC532,25,1,0.3045,1
0.09278,0.01938,0.2074,0.218,0.6821,0.2116,NMC622,25,1,0.2257,1
0.2003,0.08991,0.1152,0.03299,0.08974,0.05185,NMC532,25,1,0.0329,1
0.1603,0.03376,0.4248,0.03497,0.3334,0.03825,NMC811,25,1,0.2034,1
0.07567,0.006306,0.3064,0.2344,0.6531,0.3614,NMC532,25,1,0.4602,1
0.1916,0.02597,0.4183,0.08479,0.6627,0.09001,NMC811,25,1,0.3485,1
0.03425,0.03358,0.2902,0.788,1.506,0.6124,NMC523,25,1,0.05496,1
0.006247,0.04885,0.237,0.2195,0.5368,0.3225,NMC532,25,1,0.04785,1
0.2218,0.07903,0.165,0.2538,0.6154,0.3172,NMC532,25,1,0.1471,1
0.1897,0.04198,0.2828,0.3507,0.922,0.5317,NMC532,25,1,0.04874,1
0.2016,0.0398,0.1336,0.2581,2.343,0.2889,NMC811,25,1,0.334,1
0.1751,0.03512,0.1744,0.02667,0.02844,0.02483,NMC111,25,1,0.08152,1
0.03403,0.02068,0.3567,0.6027,1.828,0.5819,NMC622,25,1,0.1337,1
0.1767,0.06102,0.07476,0.2497,2.007,0.2248,NMC811,25,1,0.1905,1
0.08715,0.0723,0.3429,0.4343,0.7537,0.3142,NMC523,25,1,0.4467,1
0.07126,0.1097,0.0553,0.2374,1.975,0.2345,NMC811,25,1,0.1777,1
0.08629,0.07719,0.08838,0.4512,1.386,0.4822,NMC622,25,1,0.03523,1
0.04767,0.08824,0.1554,0.5946,1.741,0.5414,NMC622,25,1,0.05231,1
0.1526,0.001995,0.07412,0.6373,1.056,0.4229,NMC523,25,1,0.3852,1
0.1578,0.04408,0.2627,0.1561,0.4657,0.1457,NMC622,25,1,0.2349,1
0.08155,0.1064,0.2388,0.04438,0.1112,0.06765,NMC532,25,1,0.4553,1
0.003693,0.08864,0.2437,0.2645,2.128,0.3152,NMC811,25,1,0.05258,1
0.08938,0.07983,0.07852,0.1979,0.1923,0.1971,NMC111,25,1,0.05934,1
0.1811,0.101,0.3407,0.02143,0.189,0.02177,NMC811,25,1,0.04675,1
0.1015,0.09428,0.0464,0.5519,1.531,0.54,NMC622,25,1,0.3579,1
0.07138,0.0357,0.1041,0.1595,1.364,0.146,NMC811,25,1,0.02262,1
0.1118,0.05381,0.03564,0.1349,1.233,0.1717,NMC811,25,1,0.2486,1
0.1832,0.02578,0.09356,0.07632,0.5862,0.08222,NMC811,25,1,0.07235,1
0.108,0.05166,0.1765,0.7548,1.21,0.5155,NMC523,25,1,0.07123,1
0.1693,0.04682,0.1509,0.173,0.2923,0.1234,NMC523,25,1,0.2758,1
0.2063,0.07501,0.4014,0.2621,1.96,0.2302,NMC811,25,1,0.03165,1
0.06091,0.06241,0.24,0.318,0.2944,0.3358,NMC111,25,1,0.05889,1
0.1436,0.0371,0.4032,0.06109,0.1574,0.08814,NMC532,25,1,0.1341,1
0.1212,0.04997,0.09458,0.1834,0.2955,0.118,NMC523,25,1,1.076,1
0.07491,0.07652,0.1882,0.08032,0.5929,0.06874,NMC811,25,1,1.42,1
0.01595,0.06701,0.3646,0.5371,1.768,0.5586,NMC622,25,1,0.0332,1
0.08701,0.03416,0.4375,0.5756,1.51,0.8049,NMC532,25,1,0.7283,1
0.08812,0.06545,0.09448,0.4503,0.7703,0.2987,NMC523,25,1,0.02913,1
0.1601,0.07551,0.09109,0.2387,0.7135,0.2405,NMC622,25,1,0.3453,1
0.08994,0.07397,0.01106,0.4721,1.636,0.484,NMC622,25,1,0.02009,1
0.2262,0.07377,0.0294,0.4279,1.033,0.5756,NMC532,25,1,0.07601,1
0.1854,0.06719,0.3317,0.4744,0.7745,0.3191,NMC523,25,1,0.5669,1
0.1935,0.08992,0.08206,0.3501,0.8656,0.4854,NMC532,25,1,0.7477,1
0.2105,0.02413,0.2919,0.6213,1.827,0.5562,NMC622,25,1,0.0295,1
0.1523,0.01754,0.3022,0.1065,0.3204,0.0991,NMC622,25,1,0.06462,1
0.05992,0.05427,0.3422,0.2174,0.6874,0.1987,NMC622,25,1,0.02704,1
0.1339,0.0383,0.1343,0.05995,0.1377,0.08653,NMC532,25,1,0.4647,1
0.2246,0.004578,0.2265,0.01065,0.03611,0.01229,NMC622,25,1,0.02394,1
0.1915,0.09152,0.2521,0.03352,0.2785,0.03229,NMC811,25,1,0.02873,1
0.1463,0.07499,0.2299,0.9567,0.9245,0.9372,NMC111,25,1,0.02055,1
0.1298,0.06209,0.1213,0.1696,0.4156,0.2538,NMC532,25,1,0.2774,1
0.02243,0.07298,0.0125,0.2343,1.779,0.229,NMC811,25,1,0.8681,1
0.05495,0.04306,0.1281,1.021,0.9726,0.9393,NMC111,25,1,0.2816,1
0.2143,0.1054,0.165,0.06492,0.1859,0.05964,NMC622,25,1,0.03435,1
0.1172,0.02267,0.075,0.04993,0.08121,0.03366,NMC523,25,1,0.3278,1
0.2015,0.09386,0.3723,0.005588,0.04537,0.005324,NMC811,25,1,0.05032,1
0.1685,0.0238,0.1567,0.2898,2.159,0.3025,NMC811,25,1,0.02539,1
0.04729,0.07041,0.05551,0.265,1.969,0.2373,NMC811,25,1,0.03179,1
0.06818,0.03711,0.3499,0.02415,0.1798,0.02517,NMC811,25,1,0.3632,1
0.1316,0.09154,0.1324,0.01478,0.0312,0.02088,NMC532,25,1,0.02159,1
0.08622,0.1058,0.04164,0.6122,1.033,0.3687,NMC523,25,1,0.1871,1
0.1868,0.06663,0.3203,0.4549,0.7725,0.2915,NMC523,25,1,0.0933,1
0.007891,0.009171,0.1925,0.2525,0.4184,0.1796,NMC523,25,1,0.1204,1
0.1187,0.1072,0.1015,0.7809,1.426,0.5482,NMC523,25,1,0.03801,1
0.1628,0.05715,0.4313,0.3561,1.122,0.3776,NMC622,25,1,0.07354,1
0.1248,0.03922,0.2344,0.1798,1.615,0.192,NMC811,25,1,0.5757,1
0.08681,0.05432,0.3948,0.2697,0.4804,0.2054,NMC523,25,1,1.47,1
0.1615,0.003604,0.2948,0.3354,0.8108,0.429,NMC532,25,1,0.4616,1
0.05949,0.09136,0.03096,0.3481,0.9919,0.3588,NMC622,25,1,0.1375,1
0.1552,0.02751,0.2577,0.3185,0.8158,0.4465,NMC532,25,1,1.038,1
0.1148,0.08044,0.1879,0.5455,0.9374,0.3861,NMC523,25,1,0.2469,1
0.1373,0.09536,0.1755,0.1147,0.1204,0.1155,NMC111,25,1,0.1128,1
0.08729,0.1008,0.03241,0.6141,1.174,0.4518,NMC523,25,1,0.1539,1
0.2104,0.07946,0.06198,0.5356,0.5789,0.5449,NMC111,25,1,0.8467,1
0.08067,0.0797,0.3885,0.5608,0.5845,0.5668,NMC111,25,1,0.05179,1
0.21,0.1036,0.08311,0.1081,0.883,0.1156,NMC811,25,1,0.1966,1
0.2052,0.0211,0.01611,0.2335,0.2319,0.2268,NMC111,25,1,0.172,1
0.1251,0.07461,0.3218,0.3326,2.376,0.2975,NMC811,25,1,0.2749,1
0.2272,0.06784,0.07764,0.1105,0.2816,0.1504,NMC532,25,1,0.1993,1
0.1354,0.005321,0.3165,0.3309,0.8999,0.514,NMC532,25,1,0.06627,1
0.1719,0.04618,0.1833,0.8658,0.8637,0.9681,NMC111,25,1,0.4314,1
0.03773,0.09206,0.3947,0.886,0.8847,0.9239,NMC111,25,1,0.04636,1
0.03813,0.04007,0.1407,0.5337,0.8881,0.3062,NMC523,25,1,0.09728,1
0.09762,0.02504,0.06633,0.3334,0.9205,0.506,NMC532,25,1,1.223,1
0.1393,0.05594,0.3929,0.2851,0.2849,0.2919,NMC111,25,1,0.774,1
0.09471,0.09661,0.3729,0.08247,0.6915,0.07303,NMC811,25,1,0.02306,1
0.1814,0.06961,0.352,0.07454,0.6092,0.07617,NMC811,25,1,0.749,1
0.1228,0.1079,0.241,0.2377,1.756,0.2107,NMC811,25,1,0.05947,1
0.04006,0.06635,0.04191,0.484,1.344,0.467,NMC622,25,1,0.2411,1
0.006354,0.05661,0.304,0.2345,0.7244,0.2206,NMC622,25,1,0.218,1
0.1967,0.05343,0.0352,0.3207,0.5493,0.2103,NMC523,25,1,0.5875,1
0.1349,0.06798,0.01342,0.9488,0.913,0.9007,NMC111,25,1,0.03256,1
0.2261,0.06925,0.3258,0.2259,0.5913,0.3982,NMC532,25,1,0.2892,1
0.08341,0.05634,0.3289,0.3165,0.8374,0.5565,NMC532,25,1,0.07503,1
0.1449,0.06046,0.01652,0.4033,1.334,0.486,NMC622,25,1,0.9644,1
0.1605,0.05944,0.02756,0.5089,1.451,0.4632,NMC622,25,1,0.3494,1
0.1382,0.02941,0.4443,0.06941,0.1614,0.1016,NMC532,25,1,0.07423,1
0.01006,0.06579,0.05868,0.1924,0.3121,0.1237,NMC523,25,1,0.2926,1
0.1996,0.004476,0.1565,0.376,1.319,0.42,NMC622,25,1,0.04135,1
0.0893,0.08627,0.2274,0.3762,1.014,0.5841,NMC532,25,1,1.239,1
0.05099,0.06752,0.4318,0.445,0.4537,0.4248,NMC111,25,1,0.8297,1
0.0239,0.03259,0.4528,0.2652,0.7885,0.2748,NMC622,25,1,0.1811,1
0.129,0.1038,0.3521,0.05152,0.05378,0.05542,NMC111,25,1,0.534,1
0.1392,0.02839,0.1136,0.4031,1.266,0.3764,NMC622,25,1,0.2853,1
0.1042,0.02542,0.3964,0.4108,0.3595,0.3956,NMC111,25,1,0.3166,1
0.1638,0.0838,0.1289,0.8831,0.9029,0.8821,NMC111,25,1,0.03931,1
0.06066,0.04457,0.1469,0.8725,1.459,0.6508,NMC523,25,1,0.1266,1
0.2141,0.01879,0.4066,0.1415,0.3899,0.1303,NMC622,25,1,0.05435,1
0.05477,0.03233,0.1289,0.3816,1.128,0.3825,NMC622,25,1,0.0478,1
0.08243,0.04059,0.3497,0.2898,2.312,0.2904,NMC811,25,1,1.486,1
0.1079,0.09387,0.2793,0.472,1.519,0.4438,NMC622,25,1,0.393,1
0.2181,0.003033,0.09209,0.4577,1.267,0.3953,NMC622,25,1,1.286,1
0.09751,0.05001,0.4396,0.4636,0.4793,0.5117,NMC111,25,1,0.3805,1
0.1163,0.07207,0.1024,0.5243,0.5032,0.5439,NMC111,25,1,0.1371,1
0.22,0.04011,0.2226,0.3475,0.3493,0.4225,NMC111,25,1,0.3155,1
0.2149,0.03798,0.16,0.03931,0.04065,0.03691,NMC111,25,1,0.02736,1
0.04894,0.08773,0.009663,0.1256,1.047,0.1308,NMC811,25,1,0.2998,1
0.1336,0.09604,0.131,0.3671,0.3687,0.3463,NMC111,25,1,0.2089,1
0.05723,0.1079,0.3124,0.6201,1.042,0.4112,NMC523,25,1,0.2762,1
0.03008,0.06091,0.1739,0.1011,0.2772,0.09977,NMC622,25,1,0.04915,1
0.08116,0.09443,0.009106,0.4262,1.204,0.7372,NMC532,25,1,0.07072,1
0.1539,0.03308,0.3915,0.4982,0.8093,0.3042,NMC523,25,1,0.03471,1
0.2095,0.07319,0.2167,0.5069,0.5506,0.534,NMC111,25,1,0.02168,1
0.1028,0.004733,0.2435,0.2013,0.3209,0.1329,NMC523,25,1,0.02515,1
0.0665,0.1046,0.1295,0.2571,0.8451,0.2894,NMC622,25,1,0.7543,1
0.1183,0.03198,0.4233,0.271,2.268,0.2645,NMC811,25,1,0.04944,1
0.115,0.08102,0.3735,0.01987,0.01898,0.01965,NMC111,25,1,0.1741,1
0.05575,0.0835,0.3925,0.2863,0.4855,0.1786,NMC523,25,1,0.6851,1
0.01805,0.003085,0.3724,0.1174,0.9584,0.1269,NMC811,25,1,0.08928,1
0.04432,0.03418,0.3228,0.8452,0.8544,0.8763,NMC111,25,1,1.23,1
0.1751,0.005652,0.165,0.1941,0.1997,0.1919,NMC111,25,1,0.5671,1
0.1467,0.01308,0.3784,0.1417,0.1383,0.1336,NMC111,25,1,0.156,1
0.1387,0.105,0.4487,0.3235,0.5168,0.194,NMC523,25,1,0.03993,1
0.1579,0.1053,0.1542,0.5061,1.365,0.8444,NMC532,25,1,0.1993,1
0.0118,0.009286,0.2011,0.8592,0.9597,0.8979,NMC111,25,1,0.2425,1
0.0518,0.01085,0.1188,0.4671,1.134,0.6265,NMC532,25,1,0.458,1
0.1954,0.1031,0.1205,0.1705,1.175,0.1671,NMC811,25,1,0.1057,1
0.02443,0.06749,0.3414,0.5503,1.664,0.585,NMC622,25,1,0.4714,1
0.1215,0.005677,0.2215,0.1963,0.5699,0.1852,NMC622,25,1,0.02835,1
0.01106,0.1074,0.3371,0.219,1.765,0.2368,NMC811,25,1,0.03204,1
0.1149,0.02099,0.1848,0.4821,0.46,0.5046,NMC111,25,1,0.6749,1
0.1723,0.009691,0.03011,0.1201,0.127,0.1195,NMC111,25,1,0.04578,1
0.04402,0.002017,0.405,0.07534,0.1969,0.1222,NMC532,25,1,0.02127,1
0.1604,0.06059,0.2041,0.4706,0.7794,0.3221,NMC523,25,1,1.411,1
0.1796,0.06277,0.2756,0.07766,0.08418,0.07226,NMC111,25,1,0.2415,1
0.1599,0.09745,0.1022,0.8862,0.8263,0.7941,NMC111,25,1,0.2658,1
0.1165,0.06819,0.09661,0.2547,1.902,0.2302,NMC811,25,1,0.03488,1
0.09985,0.0284,0.09728,0.3012,0.3148,0.2972,NMC111,25,1,0.9805,1
0.1299,0.05439,0.1053,0.2554,0.7594,0.2738,NMC622,25,1,0.0366,1
0.1831,0.0778,0.1854,0.5627,0.5635,0.5179,NMC111,25,1,0.112,1
0.1326,0.02832,0.3324,0.7362,0.7055,0.6617,NMC111,25,1,0.7191,1
0.03915,0.09106,0.0646,0.1419,0.4293,0.1387,NMC622,25,1,0.0716,1
0.2221,0.01882,0.2254,0.131,0.3779,0.1387,NMC622,25,1,0.3303,1
0.2061,0.0391,0.2781,0.3728,0.6291,0.2447,NMC523,25,1,1.195,1
0.1391,0.04676,0.3252,0.04081,0.03866,0.03727,NMC111,25,1,0.05604,1
0.1814,0.1011,0.2621,0.3873,0.4089,0.4245,NMC111,25,1,0.3367,1
0.124,0.04321,0.4252,0.04188,0.1143,0.03777,NMC622,25,1,0.1375,1
0.07874,0.02029,0.2287,0.2154,1.789,0.2555,NMC811,25,1,0.03797,1
0.02159,0.03747,0.3683,0.24,0.6842,0.236,NMC622,25,1,1.157,1
0.1715,0.01572,0.3828,0.2376,2.149,0.2068,NMC811,25,1,0.9174,1
0.1767,0.1097,0.02792,0.5215,1.294,0.7774,NMC532,25,1,0.0324,1
0.2235,0.04518,0.3083,0.1961,0.5703,0.1873,NMC622,25,1,0.3204,1
0.05044,0.05275,0.4246,0.04962,0.07099,0.02941,NMC523,25,1,0.02518,1
0.01124,0.04292,0.1393,0.5052,1.254,0.7104,NMC532,25,1,0.2022,1
0.07931,0.02356,0.05806,0.3238,0.7711,0.4794,NMC532,25,1,0.7929,1
0.1906,0.09338,0.3633,0.7007,1.118,0.4417,NMC523,25,1,0.5619,1
0.0737,0.07334,0.07799,0.3559,1.005,0.3233,NMC622,25,1,0.1246,1
0.2205,0.02035,0.2464,0.1363,1.01,0.1339,NMC811,25,1,0.02412,1
0.176,0.09419,0.4425,0.143,0.3547,0.2077,NMC532,25,1,0.07013,1
0.05082,0.103,0.2121,0.4342,0.6978,0.2575,NMC523,25,1,0.05431,1
0.07931,0.08735,0.07487,0.02415,0.06959,0.025,NMC622,25,1,1.432,1
0.1047,0.06126,0.3325,0.286,2.464,0.2895,NMC811,25,1,0.7765,1
0.1977,0.07296,0.008875,0.4832,1.237,0.7423,NMC532,25,1,0.3816,1
0.1177,0.01775,0.07128,0.3551,0.5857,0.2361,NMC523,25,1,0.1487,1
0.03924,0.03582,0.02299,0.7338,1.268,0.5161,NMC523,25,1,0.03184,1
0.1675,0.003304,0.1514,0.2192,0.2105,0.2276,NMC111,25,1,0.04214,1
0.1259,0.1056,0.2699,0.4381,0.4883,0.4934,NMC111,25,1,0.1213,1
0.08049,0.02769,0.2293,0.2225,1.797,0.2435,NMC811,25,1,0.2097,1
0.1127,0.04504,0.151,0.4465,1.172,0.6336,NMC532,25,1,0.05019,1
0.113,0.07764,0.2275,0.3074,0.4785,0.1918,NMC523,25,1,1.23,1
0.1576,0.06658,0.2808,0.3524,0.3456,0.3478,NMC111,25,1,0.2256,1
0.02198,0.05112,0.09327,0.4072,0.7299,0.2875,NMC523,25,1,0.5964,1
0.08389,0.06165,0.06091,0.2714,0.7889,0.263,NMC622,25,1,0.4873,1
0.01526,0.07746,0.35,0.1505,1.138,0.1325,NMC811,25,1,0.06508,1
0.05204,0.01886,0.3103,0.458,1.241,0.4568,NMC622,25,1,0.1186,1
0.2223,0.04671,0.06531,0.03402,0.05943,0.0248,NMC523,25,1,0.04172,1
0.004644,0.05022,0.4292,0.4654,0.7816,0.2854,NMC523,25,1,0.08074,1
0.1188,0.02986,0.1581,0.2517,0.6044,0.3674,NMC532,25,1,0.1483,1
0.05963,0.06171,0.1955,0.4586,1.4,0.4875,NMC622,25,1,0.1349,1
0.008949,0.02471,0.1779,0.7488,0.7541,0.7907,NMC111,25,1,0.06147,1
0.1379,0.09556,0.4451,0.1994,0.571,0.2049,NMC622,25,1,0.03563,1
0.03767,0.0373,0.385,0.1539,0.1623,0.1698,NMC111,25,1,0.1864,1
0.04089,0.06752,0.2389,0.1135,0.3253,0.1082,NMC622,25,1,0.1052,1
0.1017,0.1064,0.3877,0.8495,1.357,0.547,NMC523,25,1,0.1593,1
0.04417,0.03328,0.23,0.4207,1.314,0.4343,NMC622,25,1,0.0358,1
0.08979,0.01371,0.2532,0.3842,0.8075,0.331,NMC523,25,1,0.07064,1
0.08665,0.05089,0.0434,0.432,0.502,0.5163,NMC111,25,1,0.07679,1
0.07055,0.08648,0.1803,0.8773,1.518,0.6083,NMC523,25,1,0.4025,1
0.051,0.08793,0.3265,0.3576,0.8856,0.4822,NMC532,25,1,0.04668,1
0.1346,0.01401,0.1461,0.04716,0.1383,0.04416,NMC622,25,1,0.0557,1
0.07267,0.04221,0.1605,0.6814,1.174,0.5335,NMC523,25,1,0.7826,1
0.1961,0.08039,0.3778,0.7008,1.153,0.4863,NMC523,25,1,0.02854,1
0.03768,0.07483,0.1612,0.4139,0.7647,0.3104,NMC523,25,1,0.0391,1
0.1809,0.07798,0.1926,0.3168,0.5621,0.2378,NMC523,25,1,0.07671,1
0.09748,0.05801,0.4041,0.1599,0.2843,0.1181,NMC523,25,1,0.2413,1
0.08437,0.03261,0.3358,0.08704,0.695,0.08424,NMC811,25,1,0.5238,1
0.09298,0.0765,0.2026,0.6077,1.828,0.5863,NMC622,25,1,1.468,1
0.1452,0.02766,0.2461,0.6436,0.6724,0.6648,NMC111,25,1,0.0795,1
0.1077,0.03319,0.09907,0.3377,0.3137,0.3326,NMC111,25,1,0.2949,1
0.1138,0.02841,0.08398,0.2872,0.3406,0.3304,NMC111,25,1,0.05025,1
0.1456,0.01712,0.1912,0.7483,1.124,0.4541,NMC523,25,1,0.8976,1
0.2132,0.06042,0.2408,0.194,0.3433,0.142,NMC523,25,1,1.18,1
0.2273,0.09533,0.2819,0.585,0.9508,0.3788,NMC523,25,1,1.085,1
0.1973,0.007933,0.08949,0.9526,0.9772,0.9839,NMC111,25,1,0.03788,1
0.04206,0.1026,0.2195,0.3326,0.5226,0.2125,NMC523,25,1,0.4258,1
0.1036,0.01342,0.385,0.6742,0.708,0.7311,NMC111,25,1,0.177,1
0.2099,0.084,0.07866,0.2161,0.6369,0.2166,NMC622,25,1,0.1302,1
0.1248,0.02091,0.0432,0.7424,1.135,0.5149,NMC523,25,1,1.355,1
0.06789,0.089,0.1748,0.4744,0.874,0.3337,NMC523,25,1,0.1231,1
0.01755,0.04488,0.06079,0.1478,0.3161,0.2233,NMC532,25,1,0.3854,1
0.0627,0.08226,0.2575,0.3935,0.9557,0.6001,NMC532,25,1,1.487,1
0.09829,0.07927,0.1355,0.599,1.496,0.9004,NMC532,25,1,0.3161,1
0.03769,0.009092,0.2236,0.1197,1.003,0.1257,NMC811,25,1,0.1902,1
0.01551,0.07242,0.0846,0.206,1.581,0.1832,NMC811,25,1,1.364,1
0.1147,0.01024,0.01333,0.03488,0.08017,0.04772,NMC532,25,1,0.151,1
0.08322,0.05588,0.3284,0.5187,1.592,0.5597,NMC622,25,1,0.9414,1
0.1313,0.06166,0.2247,0.1215,0.216,0.08218,NMC523,25,1,0.4557,1
0.1582,0.09206,0.1304,0.9808,0.8972,0.9714,NMC111,25,1,0.1776,1
0.08884,0.1059,0.429,0.5767,0.9709,0.4059,NMC523,25,1,0.9009,1
0.1837,0.1053,0.1857,0.2611,0.7018,0.4283,NMC532,25,1,0.2652,1
0.0643,0.0253,0.3841,0.357,0.3269,0.3541,NMC111,25,1,0.08941,1
0.05923,0.1077,0.0989,0.5954,0.5762,0.5984,NMC111,25,1,0.2056,1
0.1709,0.06337,0.4563,0.4656,1.34,0.4543,NMC622,25,1,1.478,1
0.2208,0.06596,0.1911,0.1511,1.184,0.1609,NMC811,25,1,0.08526,1
0.1118,0.09959,0.1017,0.2516,1.927,0.2589,NMC811,25,1,0.02517,1
0.1878,0.009515,0.06689,0.1849,0.302,0.1299,NMC523,25,1,0.2918,1
0.0501,0.007973,0.2762,0.3138,2.361,0.3031,NMC811,25,1,0.04054,1
0.04591,0.06158,0.3944,0.5503,1.566,0.5408,NMC622,25,1,0.04108,1
0.218,0.08684,0.3851,0.2768,2.276,0.2621,NMC811,25,1,0.02704,1
0.04347,0.08075,0.144,0.3009,2.363,0.2994,NMC811,25,1,0.1156,1
0.04612,0.0864,0.02466,0.5951,1.408,0.8524,NMC532,25,1,0.7243,1
0.2261,0.04749,0.2841,0.1502,0.4788,0.1533,NMC622,25,1,0.08808,1
0.03859,0.09068,0.1467,0.2583,2.501,0.3167,NMC811,25,1,0.1467,1
0.1264,0.06214,0.08346,0.4904,1.344,0.4875,NMC622,25,1,0.02282,1
0.02611,0.01497,0.0182,0.07054,0.2224,0.07434,NMC622,25,1,0.1679,1
0.06056,0.07101,0.3712,0.2288,0.6845,0.2107,NMC622,25,1,0.04656,1
0.02757,0.08324,0.03652,0.4665,0.4811,0.4415,NMC111,25,1,0.1423,1
0.1247,0.09339,0.1994,0.5364,0.805,0.341,NMC523,25,1,0.108,1
0.07426,0.1014,0.04903,0.2795,0.9543,0.2822,NMC622,25,1,0.7301,1
0.1199,0.09496,0.06355,0.1902,0.5982,0.2019,NMC622,25,1,0.4628,1
0.09493,0.03157,0.2031,0.6362,1.803,0.6148,NMC622,25,1,0.1136,1
0.02551,0.07157,0.07391,0.09532,0.7904,0.09832,NMC811,25,1,0.5133,1
0.2259,0.0638,0.02444,0.437,0.4824,0.5294,NMC111,25,1,0.9817,1
0.1515,0.02888,0.05825,0.8936,1.376,0.5427,NMC523,25,1,0.7776,1
0.2104,0.05459,0.4262,0.08152,0.6183,0.07955,NMC811,25,1,0.3631,1
0.0969,0.03412,0.3312,0.8143,0.8144,0.8631,NMC111,25,1,0.02623,1
0.13,0.09431,0.2756,0.4593,0.7988,0.3336,NMC523,25,1,0.07926,1
0.2145,0.06159,0.2769,0.4795,1.296,0.7413,NMC532,25,1,0.695,1
0.1575,0.01584,0.4184,0.0577,0.5631,0.07234,NMC811,25,1,0.1067,1
0.1572,0.09141,0.1501,0.2809,0.6313,0.4078,NMC532,25,1,0.03715,1
0.1068,0.02157,0.2253,0.3108,0.855,0.2812,NMC622,25,1,0.05426,1
0.2226,0.06446,0.226,0.04918,0.04743,0.0496,NMC111,25,1,0.4241,1
0.01388,0.08521,0.4357,0.4848,1.333,0.4842,NMC622,25,1,0.1504,1
0.03946,0.09949,0.008255,0.01743,0.03356,0.01275,NMC523,25,1,0.03145,1
0.009975,0.05089,0.07867,0.4602,1.388,0.425,NMC622,25,1,0.09893,1
0.1815,0.0181,0.3534,0.5403,1.456,0.5111,NMC622,25,1,0.1201,1
0.1804,0.01951,0.4357,0.2763,2.23,0.2913,NMC811,25,1,0.1769,1
0.06725,0.06333,0.4244,0.8503,0.8575,0.8512,NMC111,25,1,0.8157,1
0.06061,0.06578,0.3021,0.431,1.216,0.4581,NMC622,25,1,0.0486,1
0.2085,0.02599,0.1402,0.2627,0.6736,0.3769,NMC532,25,1,0.1463,1
0.2078,0.03398,0.007664,0.2463,2.046,0.2616,NMC811,25,1,0.1906,1
0.1199,0.03804,0.2627,0.8766,1.4,0.566,NMC523,25,1,0.8502,1
0.1066,0.05286,0.1244,0.3935,0.3652,0.378,NMC111,25,1,0.04073,1
0.1923,0.008247,0.125,0.1808,0.1918,0.1822,NMC111,25,1,0.2053,1
0.06495,0.03498,0.3825,0.3617,0.3632,0.3974,NMC111,25,1,0.02215,1
0.1886,0.02731,0.01366,0.5855,1.004,0.4052,NMC523,25,1,0.02407,1
0.2031,0.09579,0.1906,0.3093,0.7042,0.4314,NMC532,25,1,0.05887,1
0.1639,0.02717,0.1917,0.5275,0.5123,0.5062,NMC111,25,1,0.787,1
0.1243,0.04583,0.1922,0.1277,0.9881,0.1144,NMC811,25,1,0.1534,1
0.08986,0.03014,0.2916,0.5092,0.9314,0.3601,NMC523,25,1,0.4745,1
0.05411,0.102,0.0895,0.11,0.8499,0.1068,NMC811,25,1,0.5769,1
0.1828,0.0353,0.3002,0.2088,0.5767,0.3505,NMC532,25,1,0.02615,1
0.1068,0.03514,0.04909,0.2773,0.5089,0.1806,NMC523,25,1,0.5557,1
0.02904,0.02308,0.363,0.348,1.12,0.3716,NMC622,25,1,0.02381,1
0.1226,0.09204,0.2429,0.3255,0.8406,0.528,NMC532,25,1,0.3624,1
0.1542,0.1041,0.2068,0.5473,0.5623,0.5488,NMC111,25,1,1.186,1
0.1215,0.04501,0.2634,0.5866,1.435,0.8374,NMC532,25,1,0.07275,1
0.09473,0.05304,0.007997,0.566,1.75,0.5117,NMC622,25,1,0.1749,1
0.03437,0.09052,0.2408,1.051,1.013,0.9211,NMC111,25,1,0.8352,1
0.1819,0.08057,0.3343,0.885,0.9714,0.962,NMC111,25,1,1.222,1
0.0432,0.06272,0.2307,0.5211,1.635,0.4688,NMC622,25,1,0.02937,1
0.202,0.09763,0.2131,0.8827,0.7909,0.7618,NMC111,25,1,0.08191,1
0.05071,0.009965,0.04277,0.1427,1.26,0.1527,NMC811,25,1,0.03159,1
0.1357,0.06596,0.3642,0.2915,2.474,0.2901,NMC811,25,1,0.2856,1
0.2023,0.1043,0.01986,0.2748,2.229,0.2483,NMC811,25,1,0.555,1
0.1295,0.08896,0.1339,0.2926,2.291,0.2823,NMC811,25,1,0.395,1
0.02606,0.03433,0.1144,0.237,1.938,0.2398,NMC811,25,1,0.04682,1
0.1712,0.02321,0.406,0.3591,0.5512,0.2338,NMC523,25,1,0.09692,1
0.006269,0.08618,0.1253,0.4312,1.339,0.4276,NMC622,25,1,0.04679,1
0.02428,0.04045,0.3784,0.5416,0.8987,0.3311,NMC523,25,1,0.0521,1
0.1373,0.05586,0.3322,0.1022,0.1734,0.06469,NMC523,25,1,0.21,1
0.1916,0.09047,0.1142,0.2424,1.817,0.2243,NMC811,25,1,1.189,1
0.1871,0.06132,0.09424,0.4808,1.312,0.8101,NMC532,25,1,0.04192,1
0.133,0.098,0.2837,0.1734,0.2851,0.1129,NMC523,25,1,0.05591,1
0.1852,0.06755,0.4263,0.3939,0.3696,0.3825,NMC111,25,1,0.694,1
0.1722,0.08735,0.4242,0.05674,0.08001,0.03786,NMC523,25,1,0.06338,1
0.03117,0.09741,0.3008,0.3904,1.068,0.5905,NMC532,25,1,0.2035,1
0.1743,0.09266,0.4159,0.01139,0.03053,0.0104,NMC622,25,1,0.08238,1
0.1754,0.02164,0.2242,0.1398,1.058,0.1316,NMC811,25,1,0.0327,1
0.1539,0.1075,0.2091,0.8435,1.301,0.4982,NMC523,25,1,0.8036,1
0.04968,0.06518,0.0248,0.1434,0.261,0.1011,NMC523,25,1,0.1804,1
0.0683,0.005406,0.2474,0.1942,0.5067,0.2976,NMC532,25,1,1.066,1
0.1306,0.01558,0.09284,0.1376,0.3186,0.1892,NMC532,25,1,0.02708,1
0.1915,0.05537,0.3895,0.6215,0.929,0.4038,NMC523,25,1,0.02462,1
0.01235,0.01501,0.1409,0.6013,0.5649,0.5728,NMC111,25,1,0.672,1
0.1975,0.04462,0.2948,0.1485,1.066,0.1389,NMC811,25,1,0.8748,1
0.1261,0.06061,0.1629,0.1025,0.3301,0.1069,NMC622,25,1,0.6988,1
0.03504,0.06872,0.3166,0.1692,0.3902,0.2463,NMC532,25,1,0.738,1
0.006043,0.01245,0.1005,0.3321,0.3317,0.2963,NMC111,25,1,0.116,1
0.1364,0.02788,0.2921,0.5313,1.654,0.609,NMC622,25,1,0.1387,1
0.1737,0.02019,0.01642,0.1105,0.2481,0.1703,NMC532,25,1,0.1399,1
0.01994,0.1075,0.03878,0.3454,0.3607,0.329,NMC111,25,1,1.142,1
0.06576,0.03168,0.1159,0.4946,0.8297,0.3399,NMC523,25,1,0.1818,1
0.04696,0.01074,0.09343,0.4848,1.416,0.7379,NMC532,25,1,0.3847,1
0.15,0.06988,0.2916,0.4221,1.407,0.4532,NMC622,25,1,0.02024,1
0.02929,0.03382,0.3611,0.2352,0.761,0.2467,NMC622,25,1,0.5401,1
0.08656,0.08323,0.3608,0.2063,0.5047,0.3223,NMC532,25,1,0.4327,1
0.09029,0.06819,0.2995,0.2919,2.354,0.2886,NMC811,25,1,0.06153,1
0.1496,0.06121,0.02566,0.08816,0.2297,0.1442,NMC532,25,1,0.02614,1
0.1267,0.02264,0.03535,0.2553,0.7315,0.2314,NMC622,25,1,0.4994,1
0.05744,0.06915,0.228,0.6045,1.572,0.9094,NMC532,25,1,0.1697,1
0.04914,0.01567,0.02636,0.7582,1.188,0.4898,NMC523,25,1,0.2069,1
0.1924,0.06925,0.2849,0.3886,1.336,0.3968,NMC622,25,1,0.03631,1
0.1629,0.1084,0.1477,0.5514,1.335,0.8339,NMC532,25,1,0.2655,1
0.1006,0.1059,0.3355,0.4893,1.32,0.4455,NMC622,25,1,0.2893,1
0.1048,0.07112,0.06379,0.06037,0.1084,0.03782,NMC523,25,1,0.03084,1
0.2167,0.01494,0.05771,0.03422,0.1009,0.03548,NMC622,25,1,0.0216,1
0.04487,0.02339,0.1753,0.1946,1.727,0.1916,NMC811,25,1,0.04841,1
0.09464,0.08123,0.3157,0.1916,0.4798,0.2814,NMC532,25,1,0.4959,1
0.1796,0.09247,0.2067,0.3845,0.3678,0.3863,NMC111,25,1,0.2931,1
0.03926,0.02723,0.0106,0.2529,1.821,0.2552,NMC811,25,1,0.3164,1
0.1905,0.0105,0.0266,0.7425,0.6747,0.7041,NMC111,25,1,0.1425,1
0.03725,0.00715,0.1728,0.5481,0.9854,0.4049,NMC523,25,1,0.4918,1
0.2131,0.08416,0.274,0.2857,0.2691,0.2817,NMC111,25,1,0.9,1
0.03582,0.09828,0.3503,0.2607,0.6322,0.3439,NMC532,25,1,0.2145,1
0.2052,0.04042,0.2112,0.3455,0.6358,0.2345,NMC523,25,1,1.025,1
0.1754,0.05775,0.3699,0.3646,0.8913,0.5464,NMC532,25,1,0.047,1
0.2186,0.06309,0.1377,0.0376,0.104,0.06524,NMC532,25,1,0.6547,1
0.06191,0.1097,0.376,0.6541,1.728,0.5898,NMC622,25,1,1.355,1
0.1285,0.07131,0.1783,0.1122,0.2594,0.162,NMC532,25,1,1.046,1
0.1066,0.05964,0.1693,0.601,0.8873,0.3508,NMC523,25,1,0.09173,1
0.04348,0.01663,0.3036,0.5584,1.704,0.5713,NMC622,25,1,0.03965,1
0.1277,0.0707,0.08595,0.3555,0.8917,0.5945,NMC532,25,1,0.5472,1
0.04144,0.08264,0.07561,0.6031,0.615,0.6498,NMC111,25,1,1.375,1
0.1267,0.1078,0.4272,0.4228,0.4161,0.4202,NMC111,25,1,0.3193,1
0.2264,0.03366,0.232,0.1168,0.9297,0.1094,NMC811,25,1,0.04087,1
0.04727,0.04409,0.2043,0.5224,1.246,0.8109,NMC532,25,1,0.22,1
0.2221,0.02365,0.1231,0.11,0.3208,0.1014,NMC622,25,1,0.1803,1
0.06595,0.05797,0.2852,0.4491,1.498,0.5276,NMC622,25,1,0.02815,1
0.1649,0.004588,0.4097,0.07896,0.2466,0.07329,NMC622,25,1,0.1524,1
0.1852,0.02694,0.1,0.4239,0.7111,0.323,NMC523,25,1,0.1569,1
0.06419,0.0943,0.4259,0.2415,0.4623,0.1705,NMC523,25,1,0.3955,1
0.1992,0.09928,0.303,0.1357,0.453,0.158,NMC622,25,1,0.02005,1
0.04259,0.04373,0.1244,0.1193,0.3445,0.1067,NMC622,25,1,0.5896,1
0.1444,0.001914,0.3601,0.6375,1.032,0.3827,NMC523,25,1,1.14,1
0.06299,0.02759,0.2906,0.4037,1.13,0.3825,NMC622,25,1,0.04936,1
0.07667,0.0372,0.08469,0.6543,0.6624,0.7178,NMC111,25,1,0.0477,1
0.1079,0.03862,0.252,0.4736,0.4559,0.4734,NMC111,25,1,0.433,1
0.05197,0.01951,0.1472,0.09064,0.8592,0.09521,NMC811,25,1,0.2016,1
0.2089,0.1072,0.3606,0.4875,1.253,0.4167,NMC622,25,1,0.09965,1
0.03384,0.03365,0.3258,0.6491,0.6247,0.5887,NMC111,25,1,0.06919,1
0.2267,0.01711,0.157,0.0476,0.1463,0.04463,NMC622,25,1,0.12,1
0.007795,0.04548,0.1351,0.1709,1.46,0.1674,NMC811,25,1,0.0749,1
0.1426,0.05619,0.3465,0.35,0.9641,0.3176,NMC622,25,1,0.3581,1
0.2269,0.01437,0.04271,0.2954,2.51,0.2807,NMC811,25,1,0.05339,1
0.1055,0.01615,0.06838,0.2921,0.8409,0.268,NMC622,25,1,0.03073,1
0.0479,0.0987,0.1312,0.7124,1.263,0.5035,NMC523,25,1,0.107,1
0.1432,0.06864,0.4102,0.2934,2.451,0.3068,NMC811,25,1,0.8056,1
0.06581,0.009496,0.3182,0.171,0.3174,0.1134,NMC523,25,1,1.095,1
0.04791,0.06985,0.3361,0.4275,0.3707,0.4168,NMC111,25,1,1.475,1
0.2222,0.06972,0.04078,0.1423,1.068,0.1296,NMC811,25,1,0.1989,1
0.1104,0.00992,0.3206,0.5194,1.371,0.88,NMC532,25,1,0.05279,1
0.1125,0.03625,0.3136,0.152,0.4971,0.1525,NMC622,25,1,0.5411,1
0.2054,0.02466,0.3597,0.554,0.9576,0.3933,NMC523,25,1,0.1259,1
0.2083,0.04018,0.06341,0.1159,0.3002,0.1955,NMC532,25,1,0.2766,1
0.2088,0.07777,0.3521,0.4999,0.8677,0.3295,NMC523,25,1,0.8642,1
0.01194,0.05675,0.2453,0.6601,1.205,0.4106,NMC523,25,1,0.3349,1
0.04421,0.1069,0.0444,0.2324,1.95,0.2445,NMC811,25,1,0.2989,1
0.154,0.003678,0.07529,0.09925,0.7144,0.0972,NMC811,25,1,0.4404,1
0.1292,0.1081,0.3999,1.025,1.007,0.9034,NMC111,25,1,1.276,1
0.1922,0.04268,0.201,0.3133,0.7401,0.4494,NMC532,25,1,0.07058,1
0.1011,0.01369,0.1576,0.7759,0.7306,0.7744,NMC111,25,1,0.6898,1
0.2019,0.04869,0.0701,0.1993,0.5608,0.1855,NMC622,25,1,0.03721,1
0.2093,0.1065,0.4025,0.5378,1.572,0.5988,NMC622,25,1,0.1245,1
0.03602,0.01564,0.2484,0.2627,0.4549,0.1804,NMC523,25,1,0.3169,1
0.1884,0.05387,0.3559,0.1053,0.9078,0.1062,NMC811,25,1,0.136,1
0.1635,0.05209,0.1251,0.134,0.2629,0.1019,NMC523,25,1,0.9708,1
0.0941,0.05569,0.2111,0.472,0.513,0.4807,NMC111,25,1,0.2573,1
0.02558,0.008186,0.306,0.1048,0.7887,0.0944,NMC811,25,1,0.829,1
0.06071,0.04242,0.311,0.3144,0.89,0.4753,NMC532,25,1,0.2685,1
0.1344,0.1037,0.2183,0.07327,0.1165,0.04028,NMC523,25,1,0.2047,1
0.05889,0.06024,0.3721,0.3907,0.3603,0.3576,NMC111,25,1,0.7423,1
0.09745,0.08985,0.2868,0.2446,0.6773,0.363,NMC532,25,1,0.02408,1
0.2227,0.08609,0.1867,0.2994,0.8465,0.3095,NMC622,25,1,0.08911,1
0.1128,0.09872,0.1302,0.4243,1.217,0.4073,NMC622,25,1,0.9076,1
0.02347,0.02532,0.1182,0.2766,2.451,0.2529,NMC811,25,1,0.02162,1
0.1433,0.06193,0.05242,0.9268,0.8965,0.8668,NMC111,25,1,1.448,1
0.01189,0.008467,0.1081,0.1714,1.418,0.1723,NMC811,25,1,0.03029,1
0.1879,0.0384,0.4191,0.2512,0.2459,0.2591,NMC111,25,1,0.09062,1
0.2267,0.02398,0.1815,0.2906,2.463,0.2916,NMC811,25,1,0.9196,1
0.2191,0.01123,0.1844,0.4773,1.384,0.4492,NMC622,25,1,0.03935,1
0.09657,0.01642,0.2006,0.2291,1.717,0.2104,NMC811,25,1,0.02018,1
0.01448,0.08189,0.1733,0.1451,0.2371,0.09814,NMC523,25,1,0.1438,1
0.08355,0.06207,0.1361,0.1189,0.1278,0.1206,NMC111,25,1,0.1449,1
0.01276,0.07354,0.3026,0.2996,0.6815,0.4128,NMC532,25,1,0.4159,1
0.1164,0.0544,0.2203,0.2407,1.796,0.2364,NMC811,25,1,0.1292,1
0.2017,0.03212,0.1055,0.07244,0.5867,0.06902,NMC811,25,1,0.04751,1
0.1088,0.08551,0.4357,0.2063,0.3624,0.1414,NMC523,25,1,1.184,1
0.004854,0.02945,0.2617,0.08573,0.6935,0.09016,NMC811,25,1,0.3416,1
0.06417,0.04501,0.181,0.3828,0.591,0.2558,NMC523,25,1,0.1685,1
0.133,0.06046,0.018,0.1462,0.1354,0.1482,NMC111,25,1,0.1407,1
0.09412,0.07995,0.246,0.1477,0.1566,0.1401,NMC111,25,1,0.2494,1
0.1464,0.04502,0.2419,0.2094,1.87,0.2218,NMC811,25,1,0.04453,1
0.131,0.1013,0.03943,0.3944,1.068,0.6449,NMC532,25,1,0.1931,1
0.08327,0.07114,0.1564,0.221,1.729,0.2257,NMC811,25,1,0.7464,1
0.1899,0.0395,0.4508,0.4959,1.467,0.4927,NMC622,25,1,0.0928,1
0.114,0.07012,0.08346,0.1961,1.643,0.2009,NMC811,25,1,0.4074,1
0.0376,0.05367,0.1363,0.01621,0.01886,0.01907,NMC111,25,1,0.2817,1
0.1741,0.008678,0.4519,0.1998,1.68,0.2069,NMC811,25,1,0.2715,1
0.03242,0.09159,0.2413,0.2157,0.4827,0.3121,NMC532,25,1,0.1625,1
0.01561,0.02145,0.1704,0.1382,1.155,0.1419,NMC811,25,1,0.2671,1
0.1502,0.01242,0.1597,0.2307,0.6329,0.232,NMC622,25,1,0.0267,1
0.0402,0.04443,0.445,0.2737,0.293,0.2844,NMC111,25,1,0.1194,1
0.08095,0.02036,0.2398,0.446,1.046,0.6811,NMC532,25,1,0.1023,1
0.2162,0.05203,0.08894,0.2376,1.9,0.2359,NMC811,25,1,0.5254,1
0.1115,0.06687,0.4133,0.5504,1.529,0.8949,NMC532,25,1,0.4789,1
0.1327,0.09688,0.4443,0.5394,1.652,0.5289,NMC622,25,1,1.481,1
0.149,0.08431,0.3953,0.191,0.5809,0.1919,NMC622,25,1,0.02866,1
0.1829,0.03298,0.1319,0.3138,2.326,0.3089,NMC811,25,1,0.0863,1
0.1125,0.07619,0.429,0.844,0.8729,0.9233,NMC111,25,1,0.1416,1
0.2206,0.02198,0.3288,0.2942,2.408,0.2646,NMC811,25,1,0.04485,1
0.1695,0.02409,0.3923,0.4008,0.3531,0.3537,NMC111,25,1,0.04223,1
0.1628,0.1058,0.3997,0.4706,0.7715,0.2857,NMC523,25,1,0.9286,1
0.09514,0.09282,0.3801,0.5606,0.5848,0.542,NMC111,25,1,1.255,1
0.06383,0.01221,0.1001,0.3293,0.5067,0.1902,NMC523,25,1,1.419,1
0.1203,0.08482,0.3616,0.1908,0.5504,0.3126,NMC532,25,1,0.6086,1
0.06248,0.04791,0.2056,0.2962,2.143,0.2623,NMC811,25,1,0.4644,1
0.05073,0.03353,0.3624,0.4911,1.415,0.7915,NMC532,25,1,0.03226,1
0.1634,0.09583,0.2773,0.5488,1.483,0.4814,NMC622,25,1,1.399,1
0.09398,0.03588,0.2876,0.5243,1.538,0.7795,NMC532,25,1,0.09708,1
0.1034,0.07154,0.02082,0.7521,1.363,0.4799,NMC523,25,1,0.2166,1
0.116,0.008575,0.3116,0.3633,1.06,0.3519,NMC622,25,1,0.1412,1
0.2019,0.06411,0.05488,0.5789,0.5594,0.5786,NMC111,25,1,1.287,1
0.02077,0.01575,0.07688,0.5325,1.4,0.73,NMC532,25,1,0.06171,1
0.05917,0.05721,0.3874,0.02631,0.2275,0.0273,NMC811,25,1,0.03738,1
0.01284,0.08276,0.05872,0.2774,0.7316,0.3917,NMC532,25,1,0.02697,1
0.1058,0.07824,0.4277,0.05253,0.05393,0.04767,NMC111,25,1,0.2818,1
0.0662,0.08084,0.0286,0.3833,0.6632,0.2781,NMC523,25,1,0.6836,1
0.1276,0.07671,0.2832,0.5707,0.9082,0.4312,NMC523,25,1,0.298,1
0.1209,0.007901,0.4427,0.2781,0.2947,0.2816,NMC111,25,1,0.02667,1
0.03553,0.03337,0.02169,0.08708,0.7296,0.0827,NMC811,25,1,0.3029,1
0.1894,0.02214,0.3317,0.1298,1.03,0.1295,NMC811,25,1,0.02313,1
0.2094,0.09907,0.03429,0.377,0.9567,0.6089,NMC532,25,1,0.4936,1
0.09472,0.07089,0.2648,0.9301,0.8991,0.9124,NMC111,25,1,0.7336,1
0.1763,0.04703,0.123,0.006272,0.05098,0.006772,NMC811,25,1,0.06381,1
0.004038,0.0348,0.04352,0.1607,1.231,0.1635,NMC811,25,1,0.06679,1
0.1464,0.1017,0.3023,0.8513,0.8285,0.8551,NMC111,25,1,1.24,1
0.06308,0.08203,0.2438,0.4729,1.058,0.6822,NMC532,25,1,0.2966,1
0.0406,0.06716,0.3586,0.7306,0.6834,0.6852,NMC111,25,1,0.05478,1
0.09826,0.01415,0.1009,0.7979,1.259,0.504,NMC523,25,1,0.03288,1
0.1572,0.04419,0.1006,0.352,0.892,0.4967,NMC532,25,1,0.4428,1
0.05,0.03582,0.1987,0.2482,1.935,0.2498,NMC811,25,1,0.03056,1
0.1212,0.0101,0.3883,0.1231,0.2746,0.1834,NMC532,25,1,0.02834,1
0.1385,0.03102,0.3436,0.9125,1.523,0.6055,NMC523,25,1,0.07469,1
0.2179,0.07962,0.3384,0.1145,0.3563,0.1123,NMC622,25,1,0.05223,1
0.08194,0.0162,0.2149,0.2232,0.5153,0.3247,NMC532,25,1,0.024,1
0.0557,0.1044,0.3488,1.035,0.9774,1.003,NMC111,25,1,0.02278,1
0.2079,0.06892,0.1953,0.8842,0.925,0.8565,NMC111,25,1,0.08623,1
0.09636,0.09077,0.01578,0.09778,0.7524,0.1033,NMC811,25,1,0.09056,1
0.1728,0.07454,0.2215,0.6577,0.7185,0.5794,NMC111,25,1,0.05458,1
0.123,0.02856,0.04109,0.4104,1.05,0.6254,NMC532,25,1,0.1142,1
0.1534,0.08538,0.05478,0.144,1.254,0.1434,NMC811,25,1,0.07086,1
0.2249,0.03613,0.2841,0.08335,0.5769,0.07355,NMC811,25,1,0.623,1
0.1701,0.1068,0.3186,0.7994,1.135,0.4885,NMC523,25,1,0.7229,1
0.1251,0.002726,0.1387,0.03368,0.09034,0.04871,NMC532,25,1,1.113,1
0.04029,0.002584,0.298,0.6337,0.9597,0.3841,NMC523,25,1,0.02163,1
0.1279,0.05504,0.09082,0.8871,1.563,0.6296,NMC523,25,1,0.1481,1
0.2085,0.02611,0.2795,0.04438,0.1145,0.07143,NMC532,25,1,0.07567,1
0.2187,0.0616,0.01444,0.4829,1.308,0.6462,NMC532,25,1,0.05402,1
0.1483,0.05245,0.4301,0.2166,0.6338,0.2319,NMC622,25,1,0.09751,1
0.08669,0.01762,0.1853,0.3061,0.8688,0.2934,NMC622,25,1,0.2051,1
0.183,0.04169,0.3239,0.5771,1.432,0.8716,NMC532,25,1,0.9485,1
0.2216,0.02102,0.129,0.5454,1.48,0.7801,NMC532,25,1,0.7441,1
0.04647,0.002166,0.03842,0.06677,0.1639,0.1172,NMC532,25,1,1.213,1
0.1996,0.09442,0.1601,0.6811,1.176,0.4542,NMC523,25,1,0.3529,1
0.108,0.05439,0.06,0.08777,0.266,0.09438,NMC622,25,1,0.0412,1
0.187,0.08583,0.1872,0.2121,0.5289,0.3361,NMC532,25,1,0.03353,1
0.03878,0.04224,0.3623,0.7723,0.7802,0.6514,NMC111,25,1,0.03971,1
0.1488,0.08955,0.3679,0.1913,1.642,0.2024,NMC811,25,1,0.2042,1
0.02871,0.09029,0.07506,0.4418,1.131,0.689,NMC532,25,1,0.9906,1
0.09821,0.0246,0.4521,0.3736,0.9348,0.5589,NMC532,25,1,0.2444,1
0.1572,0.103,0.4332,0.8351,0.8721,0.8747,NMC111,25,1,0.3735,1
0.1782,0.02888,0.4127,0.83,1.358,0.513,NMC523,25,1,1.105,1
0.05955,0.08074,0.07289,0.06061,0.463,0.05542,NMC811,25,1,0.06934,1
0.2255,0.04791,0.2987,0.3369,0.3316,0.3651,NMC111,25,1,0.08258,1
0.0745,0.06239,0.008811,0.1642,0.3053,0.1144,NMC523,25,1,0.1333,1
0.06131,0.06796,0.05169,0.2736,0.6485,0.3875,NMC532,25,1,1.299,1
0.007501,0.01001,0.3599,0.01045,0.03172,0.012,NMC622,25,1,0.1782,1
0.004621,0.08128,0.3611,0.07522,0.1274,0.054,NMC523,25,1,0.2108,1
0.01159,0.09097,0.3415,0.03649,0.08571,0.04881,NMC532,25,1,0.03708,1
0.1497,0.02293,0.03068,0.2642,0.2641,0.2605,NMC111,25,1,0.4478,1
0.2145,0.09787,0.4393,0.1281,1.06,0.1357,NMC811,25,1,0.02883,1
0.03934,0.05705,0.4278,0.04918,0.3883,0.04866,NMC811,25,1,0.2552,1
0.1146,0.09655,0.4373,0.4156,1.076,0.6401,NMC532,25,1,0.1154,1
0.2266,0.09185,0.05065,0.3739,1.058,0.3534,NMC622,25,1,0.9723,1
0.1073,0.07552,0.4485,0.1872,0.1843,0.1873,NMC111,25,1,0.07484,1
0.2269,0.05244,0.2169,0.1793,0.21,0.1854,NMC111,25,1,0.6927,1
0.09837,0.07272,0.4325,0.06832,0.5231,0.0686,NMC811,25,1,0.0237,1
0.03015,0.0442,0.3522,0.06981,0.07027,0.06432,NMC111,25,1,1.309,1
0.2198,0.02345,0.205,0.1845,1.585,0.1759,NMC811,25,1,0.326,1
0.09439,0.008705,0.1208,0.02774,0.2216,0.02728,NMC811,25,1,0.06787,1
0.2098,0.1078,0.4205,0.02113,0.06223,0.03033,NMC532,25,1,0.02105,1
0.1486,0.01781,0.367,0.148,0.3893,0.2215,NMC532,25,1,0.05839,1
0.05509,0.07794,0.1707,0.3691,1.113,0.3636,NMC622,25,1,0.02938,1
0.1177,0.04349,0.1675,0.1607,0.4131,0.229,NMC532,25,1,0.7545,1
0.04478,0.03308,0.4298,0.1707,0.3561,0.2253,NMC532,25,1,0.03246,1
0.09913,0.01722,0.2968,0.483,1.203,0.6493,NMC532,25,1,0.3469,1
0.05984,0.05934,0.3932,0.2982,2.49,0.2985,NMC811,25,1,0.2079,1
0.03394,0.01089,0.1246,0.7818,1.287,0.5279,NMC523,25,1,0.07688,1
0.0152,0.08917,0.1516,0.01396,0.04193,0.01439,NMC622,25,1,0.2711,1
0.06345,0.05318,0.228,0.03929,0.06571,0.02667,NMC523,25,1,0.0627,1
0.04755,0.05724,0.2765,0.01621,0.04229,0.02355,NMC532,25,1,1.077,1
0.1657,0.1014,0.3805,0.8678,0.8096,0.8931,NMC111,25,1,0.106,1
0.1088,0.06631,0.02274,0.2638,2.171,0.2747,NMC811,25,1,0.2836,1
0.1232,0.08754,0.246,0.2908,0.767,0.4714,NMC532,25,1,0.1045,1
0.07495,0.04483,0.1842,0.4916,1.273,0.7702,NMC532,25,1,1.046,1
0.2093,0.0634,0.3973,0.1972,1.709,0.2305,NMC811,25,1,0.04487,1
0.2169,0.0174,0.2005,0.1495,1.434,0.1584,NMC811,25,1,0.02225,1
0.1112,0.03451,0.1503,0.1897,0.3503,0.1408,NMC523,25,1,0.1415,1
0.08763,0.0691,0.1165,0.2441,1.94,0.2258,NMC811,25,1,0.02196,1
0.09164,0.1032,0.3898,0.01361,0.113,0.0125,NMC811,25,1,0.08027,1
0.1297,0.06259,0.1718,0.1917,0.301,0.1197,NMC523,25,1,0.06506,1
0.1912,0.06538,0.01347,0.247,0.5983,0.3909,NMC532,25,1,1.251,1
0.125,0.05731,0.1555,0.4981,1.327,0.7114,NMC532,25,1,1.423,1
0.161,0.0234,0.06669,0.6866,1.188,0.4831,NMC523,25,1,0.2555,1
0.08727,0.02152,0.3795,0.1313,0.3349,0.1978,NMC532,25,1,0.8826,1
0.009337,0.08804,0.3614,0.2361,2.003,0.2242,NMC811,25,1,0.0877,1
0.02935,0.07594,0.3029,0.4299,1.164,0.6968,NMC532,25,1,0.0762,1
0.186,0.1013,0.2503,0.1878,1.628,0.1881,NMC811,25,1,0.2245,1
0.1856,0.03871,0.03726,0.2109,0.6235,0.1947,NMC622,25,1,0.2059,1
0.1368,0.05909,0.2682,0.575,1.713,0.5549,NMC622,25,1,0.05775,1
0.0734,0.04925,0.4374,0.3131,0.9924,0.327,NMC622,25,1,0.2061,1
0.1758,0.02775,0.07807,0.9283,0.9259,0.962,NMC111,25,1,0.02629,1
0.06154,0.008726,0.4012,0.2123,1.685,0.2198,NMC811,25,1,1.421,1
0.1251,0.08413,0.4154,0.1658,0.5172,0.1598,NMC622,25,1,0.09033,1
0.02047,0.09303,0.274,0.5156,0.4878,0.5075,NMC111,25,1,0.6655,1
0.1568,0.005783,0.1942,0.2123,0.6538,0.1975,NMC622,25,1,0.1761,1
0.1026,0.09179,0.3144,0.3079,0.4687,0.2051,NMC523,25,1,0.1002,1
0.2185,0.03933,0.05774,0.466,0.7105,0.2882,NMC523,25,1,0.315,1
0.2016,0.04266,0.0337,0.4311,0.4112,0.3875,NMC111,25,1,0.05905,1
0.1003,0.00392,0.1382,0.37,0.363,0.3422,NMC111,25,1,1.043,1
0.01652,0.09335,0.4278,0.4256,1.105,0.6896,NMC532,25,1,0.1294,1
0.2039,0.03378,0.1572,0.1282,0.3381,0.2044,NMC532,25,1,0.4056,1
0.1263,0.05523,0.1388,0.265,2.053,0.2641,NMC811,25,1,0.1082,1
0.1886,0.02432,0.1237,0.09481,0.2376,0.1549,NMC532,25,1,0.3943,1
0.02694,0.0977,0.05643,0.1861,0.4787,0.2727,NMC532,25,1,1.373,1
0.2186,0.1104,0.4516,0.7,1.01,0.449,NMC523,25,1,0.041,1
0.2233,0.09707,0.212,0.1212,0.2925,0.1752,NMC532,25,1,0.04354,1
0.1269,0.04619,0.3504,0.02588,0.07851,0.02565,NMC622,25,1,0.1938,1
0.1546,0.09509,0.04583,0.3583,1.055,0.3555,NMC622,25,1,0.5364,1
0.1164,0.0941,0.1513,0.3314,0.8236,0.5038,NMC532,25,1,0.02956,1
0.02797,0.0442,0.1785,0.1775,0.5714,0.1843,NMC622,25,1,0.115,1
0.1598,0.0538,0.3442,0.6251,1.685,0.5406,NMC622,25,1,0.2782,1
0.1181,0.1109,0.07412,0.03707,0.1101,0.03713,NMC622,25,1,0.04165,1
0.1767,0.1098,0.1335,0.2461,0.4112,0.1724,NMC523,25,1,0.0245,1
0.1291,0.01487,0.4229,0.3564,0.9008,0.5509,NMC532,25,1,0.0297,1
0.1323,0.04384,0.4432,0.07584,0.07383,0.06431,NMC111,25,1,0.09466,1
0.1403,0.04073,0.2478,0.6038,1.419,0.9249,NMC532,25,1,0.7366,1
0.09032,0.002863,0.2068,0.07208,0.2041,0.06898,NMC622,25,1,0.1042,1
0.1867,0.0772,0.06984,0.3017,2.178,0.2911,NMC811,25,1,0.4276,1
0.07372,0.1098,0.1089,0.326,0.9295,0.3091,NMC622,25,1,0.8145,1
0.04502,0.08314,0.3646,0.0446,0.109,0.07345,NMC532,25,1,0.03604,1
0.2186,0.0142,0.06336,0.6363,1.082,0.4127,NMC523,25,1,0.1903,1
0.09725,0.0518,0.1569,0.5109,1.194,0.7714,NMC532,25,1,0.5143,1
0.02295,0.08615,0.3578,0.08663,0.7207,0.08866,NMC811,25,1,0.3423,1
0.1046,0.01781,0.2451,0.4575,0.5098,0.5181,NMC111,25,1,0.3743,1
0.08347,0.09966,0.09225,0.5092,1.568,0.581,NMC622,25,1,0.07294,1
0.2236,0.05895,0.2799,0.2627,0.6753,0.4183,NMC532,25,1,0.02342,1
0.2214,0.00658,0.02012,0.3256,0.8213,0.4905,NMC532,25,1,0.9979,1
0.1591,0.1025,0.4103,0.6558,0.9577,0.415,NMC523,25,1,0.8698,1
0.1049,0.01746,0.05853,0.2832,0.5281,0.2199,NMC523,25,1,0.1853,1
0.1456,0.03058,0.2383,0.3819,0.9769,0.5963,NMC532,25,1,0.04289,1
0.1135,0.03383,0.3308,0.5872,1.857,0.5896,NMC622,25,1,0.3364,1
0.08395,0.08048,0.3666,0.3097,0.3259,0.3103,NMC111,25,1,0.7126,1
0.07106,0.07946,0.03184,0.724,0.7413,0.8336,NMC111,25,1,0.5759,1
0.1574,0.0613,0.4504,0.4045,1.279,0.4242,NMC622,25,1,0.06427,1
0.1696,0.08356,0.09713,0.183,0.2625,0.122,NMC523,25,1,0.1125,1
0.1571,0.03186,0.1919,0.1246,0.3724,0.1466,NMC622,25,1,0.191,1
0.01314,0.007391,0.07624,0.28,0.7933,0.2793,NMC622,25,1,0.1551,1
0.03475,0.0406,0.3503,0.01659,0.1422,0.01724,NMC811,25,1,0.05359,1
0.207,0.1093,0.3696,0.4202,0.4394,0.4601,NMC111,25,1,0.1352,1
0.1108,0.07962,0.0123,0.05686,0.1524,0.09069,NMC532,25,1,0.07245,1
0.09124,0.0456,0.164,0.3331,0.8745,0.531,NMC532,25,1,0.3978,1
0.01529,0.0573,0.03716,0.7123,1.126,0.4433,NMC523,25,1,1.012,1
0.219,0.04946,0.3847,0.2987,2.416,0.3004,NMC811,25,1,0.03284,1
0.1591,0.03726,0.2819,0.7238,1.132,0.4436,NMC523,25,1,0.3184,1
0.1117,0.05428,0.3758,0.5534,0.597,0.5643,NMC111,25,1,0.8184,1
0.222,0.08496,0.4431,0.2892,0.7527,0.4548,NMC532,25,1,0.05855,1
0.1855,0.07557,0.2484,0.03669,0.1008,0.03442,NMC622,25,1,1.338,1
0.07563,0.1048,0.2071,0.1302,0.3433,0.2156,NMC532,25,1,0.02564,1
0.106,0.04868,0.1112,0.4956,1.249,0.7222,NMC532,25,1,0.1027,1
0.04538,0.07322,0.3809,1.01,0.9847,0.9468,NMC111,25,1,0.1294,1
0.01625,0.09676,0.3122,0.5294,0.9132,0.3578,NMC523,25,1,0.4794,1
0.219,0.01135,0.2983,0.3816,0.8981,0.5922,NMC532,25,1,0.06576,1
0.1455,0.04392,0.1528,0.05233,0.1314,0.08228,NMC532,25,1,0.02801,1
0.07436,0.09223,0.1198,0.05434,0.4739,0.05674,NMC811,25,1,0.03448,1
0.1643,0.095,0.07613,0.4646,1.419,0.478,NMC622,25,1,0.8514,1
0.1277,0.05135,0.4565,0.4499,1.373,0.4462,NMC622,25,1,0.04267,1
0.106,0.1057,0.1836,0.1073,0.9185,0.1141,NMC811,25,1,0.02135,1
0.1321,0.1074,0.232,0.34,1.038,0.3264,NMC622,25,1,0.2531,1
0.1226,0.1061,0.3463,0.7888,0.8511,0.7911,NMC111,25,1,0.0207,1
0.1392,0.04523,0.3123,0.7525,0.7345,0.7072,NMC111,25,1,0.106,1
0.07403,0.08225,0.2628,0.6661,1.165,0.4672,NMC523,25,1,0.2264,1
0.1131,0.04309,0.4204,0.2025,0.5258,0.3502,NMC532,25,1,0.1606,1
0.1332,0.08446,0.1789,0.1835,1.741,0.1909,NMC811,25,1,0.166,1
0.08232,0.007751,0.122,0.1275,1.115,0.1447,NMC811,25,1,0.02687,1
0.1327,0.09401,0.09205,0.567,1.395,0.907,NMC532,25,1,0.06391,1
0.03857,0.03085,0.0635,0.2247,1.928,0.2483,NMC811,25,1,0.04388,1
0.04354,0.04289,0.01508,0.7488,0.7611,0.7166,NMC111,25,1,0.319,1
0.181,0.03201,0.3924,0.6237,1.176,0.4569,NMC523,25,1,0.7925,1
0.0867,0.09208,0.4358,0.04175,0.1297,0.04188,NMC622,25,1,0.2239,1
0.1053,0.04871,0.1876,0.1499,0.3605,0.2359,NMC532,25,1,0.5103,1
0.0305,0.06105,0.3336,0.7175,1.289,0.496,NMC523,25,1,0.8711,1
0.02062,0.06729,0.3054,0.4114,0.3819,0.3486,NMC111,25,1,0.1602,1
0.2009,0.007384,0.2306,0.9304,1.011,1.045,NMC111,25,1,0.04604,1
0.04536,0.05582,0.01749,0.2184,0.2127,0.2194,NMC111,25,1,0.02244,1
0.09776,0.06194,0.01148,1.051,1.003,1.037,NMC111,25,1,0.4883,1
0.109,0.1026,0.04196,0.09862,0.8952,0.1073,NMC811,25,1,1.217,1
0.1507,0.03783,0.2001,0.9747,0.9994,1.051,NMC111,25,1,0.1346,1
0.07898,0.07555,0.07916,0.1295,0.1239,0.1187,NMC111,25,1,0.0421,1
0.04293,0.01162,0.2566,0.8248,1.268,0.4906,NMC523,25,1,0.7563,1
0.1953,0.09126,0.4359,0.7336,0.737,0.6886,NMC111,25,1,1.455,1
0.07996,0.09741,0.4252,0.6179,1.118,0.4132,NMC523,25,1,0.8435,1
0.07148,0.06244,0.3718,0.4839,0.8828,0.3539,NMC523,25,1,0.03846,1
0.1612,0.0506,0.2608,0.1452,0.2044,0.0906,NMC523,25,1,0.103,1
0.1715,0.08691,0.08793,0.5699,1.063,0.4004,NMC523,25,1,0.02273,1
0.208,0.1085,0.1404,0.1669,0.1789,0.1641,NMC111,25,1,0.06568,1
0.1258,0.04431,0.03352,0.8903,1.526,0.6232,NMC523,25,1,0.1071,1
0.1924,0.09416,0.1382,0.03263,0.2658,0.03557,NMC811,25,1,0.4574,1
0.02693,0.009544,0.4201,0.4508,0.4459,0.4529,NMC111,25,1,0.07227,1
0.202,0.02604,0.2885,0.1519,1.184,0.1428,NMC811,25,1,0.3995,1
0.1301,0.07113,0.4297,0.2965,0.2911,0.3147,NMC111,25,1,0.05789,1
0.08839,0.05456,0.1962,0.1786,0.5387,0.1833,NMC622,25,1,0.03392,1
0.141,0.007149,0.04089,0.308,0.7824,0.4118,NMC532,25,1,0.1086,1
0.02997,0.01547,0.4023,0.217,0.7649,0.2356,NMC622,25,1,0.3437,1
0.09704,0.03621,0.4495,0.4115,1.013,0.5297,NMC532,25,1,0.6828,1
0.05986,0.004915,0.1576,0.561,1.615,0.5882,NMC622,25,1,0.4422,1
0.1674,0.1098,0.2377,0.1655,0.3969,0.2417,NMC532,25,1,0.7245,1
0.1838,0.05948,0.1528,0.2708,1.886,0.2459,NMC811,25,1,0.07301,1
0.1142,0.02043,0.2985,0.09371,0.2356,0.1385,NMC532,25,1,0.07731,1
0.01865,0.009496,0.2174,0.1709,1.549,0.1784,NMC811,25,1,0.4915,1
0.05771,0.08439,0.3839,0.0171,0.0438,0.02508,NMC532,25,1,0.3965,1
0.08311,0.02624,0.3785,0.3387,0.7401,0.502,NMC532,25,1,1.317,1
0.07417,0.0962,0.3676,0.3666,1.14,0.3472,NMC622,25,1,0.5724,1
0.02628,0.03216,0.4326,0.2156,1.77,0.2068,NMC811,25,1,0.0832,1
0.09123,0.08448,0.2909,0.7558,1.278,0.4237,NMC523,25,1,0.04974,1
0.1599,0.009187,0.2966,0.3206,2.33,0.3181,NMC811,25,1,1.439,1
0.003707,0.03114,0.2297,0.2174,1.658,0.1965,NMC811,25,1,0.4737,1
0.1095,0.009557,0.1476,0.1592,0.4473,0.1501,NMC622,25,1,0.04918,1
0.1404,0.01739,0.2631,0.4899,0.4804,0.4369,NMC111,25,1,1.031,1
0.1355,0.09059,0.2909,0.2306,0.2377,0.2404,NMC111,25,1,0.1778,1
0.2105,0.07315,0.4014,0.8264,1.205,0.5203,NMC523,25,1,0.3244,1
0.09406,0.02004,0.266,0.03149,0.2261,0.03274,NMC811,25,1,0.08333,1
0.212,0.09307,0.4416,0.3456,1.044,0.3313,NMC622,25,1,0.02197,1
0.03521,0.06848,0.05488,0.06612,0.1413,0.0811,NMC532,25,1,0.1002,1
0.03796,0.07688,0.08662,0.3469,0.641,0.2544,NMC523,25,1,0.4373,1
0.1922,0.07729,0.4444,0.5455,1.518,0.5078,NMC622,25,1,0.1898,1
0.02327,0.09782,0.2992,0.08544,0.0752,0.08135,NMC111,25,1,0.2663,1
0.1449,0.08709,0.06241,0.05483,0.4148,0.05565,NMC811,25,1,0.4472,1
0.04284,0.08985,0.1794,0.5301,1.308,0.8088,NMC532,25,1,0.03865,1
0.2264,0.003171,0.3805,0.2758,2.405,0.282,NMC811,25,1,0.4131,1
0.1052,0.01296,0.01213,0.1642,0.2699,0.1002,NMC523,25,1,0.05079,1
0.191,0.05179,0.4406,0.07676,0.5803,0.07024,NMC811,25,1,0.8005,1
0.1927,0.08797,0.1518,0.151,0.4733,0.1528,NMC622,25,1,0.7289,1
0.03544,0.01119,0.2012,0.2178,1.756,0.2091,NMC811,25,1,0.05173,1
0.121,0.09254,0.1838,0.1294,0.3168,0.2072,NMC532,25,1,0.1928,1
0.01165,0.08769,0.2841,0.23,1.848,0.2191,NMC811,25,1,0.07113,1
0.1643,0.05019,0.3115,0.115,0.9041,0.1235,NMC811,25,1,0.3672,1
0.08965,0.06537,0.187,0.2155,1.714,0.2077,NMC811,25,1,0.06234,1
0.08043,0.01682,0.1843,0.688,1.072,0.4636,NMC523,25,1,1.354,1
0.09556,0.02091,0.135,0.1055,0.8574,0.1009,NMC811,25,1,0.02398,1
0.1968,0.09207,0.09518,0.4446,1.693,0.5353,NMC622,25,1,0.05115,1
0.01732,0.1071,0.09999,0.5542,0.9311,0.3726,NMC523,25,1,0.2936,1
0.06428,0.08014,0.3759,0.3288,0.5174,0.1996,NMC523,25,1,0.2889,1
0.1472,0.0844,0.2329,0.4897,1.617,0.5375,NMC622,25,1,0.8577,1
0.2,0.07097,0.4459,0.7595,1.522,0.5482,NMC523,25,1,1.26,1
0.1247,0.06524,0.02794,0.2061,1.8,0.2091,NMC811,25,1,0.05325,1
0.006429,0.04708,0.455,0.6398,1.088,0.4427,NMC523,25,1,1.124,1
0.04055,0.06283,0.1448,0.5128,1.215,0.7669,NMC532,25,1,0.5032,1
0.1704,0.07716,0.2788,0.8841,1.532,0.6155,NMC523,25,1,0.2675,1
0.08677,0.03039,0.4468,0.5742,1.409,0.8033,NMC532,25,1,0.2444,1
0.01681,0.1102,0.4266,0.1699,0.3023,0.1196,NMC523,25,1,1.176,1
0.139,0.02232,0.1143,0.2806,0.801,0.2395,NMC622,25,1,0.03255,1
0.2083,0.01486,0.3858,0.3067,0.5091,0.1997,NMC523,25,1,0.1038,1
0.05648,0.05459,0.3273,0.5614,1.737,0.5795,NMC622,25,1,0.07586,1
0.1576,0.06779,0.342,0.4292,0.8502,0.3014,NMC523,25,1,0.03386,1
0.1113,0.1043,0.242,0.6512,0.6595,0.7018,NMC111,25,1,0.6004,1
0.1097,0.1091,0.04536,0.1892,0.5116,0.2831,NMC532,25,1,1.056,1
0.1552,0.03704,0.2033,0.184,0.3932,0.241,NMC532,25,1,0.0281,1
0.1412,0.08021,0.1042,0.2863,0.965,0.3185,NMC622,25,1,0.04404,1
0.1477,0.04268,0.2372,0.4478,1.427,0.3919,NMC622,25,1,0.9432,1
0.1248,0.003527,0.2666,0.2553,0.6171,0.3533,NMC532,25,1,0.08251,1
0.1079,0.05049,0.429,0.8917,1.413,0.5858,NMC523,25,1,0.1816,1
0.08132,0.08242,0.3755,0.284,0.2863,0.2942,NMC111,25,1,0.5476,1
0.1066,0.02246,0.2978,0.3189,0.803,0.4753,NMC532,25,1,0.1323,1
0.003944,0.007143,0.3106,0.6125,1.463,0.9752,NMC532,25,1,0.4956,1
0.08963,0.1005,0.09474,0.1255,1.032,0.1251,NMC811,25,1,1.016,1
0.03992,0.01743,0.1024,0.05394,0.04887,0.05143,NMC111,25,1,0.1835,1
0.1149,0.0336,0.4119,0.3498,0.8062,0.5382,NMC532,25,1,0.6238,1
0.04966,0.09445,0.1658,0.5534,0.9336,0.3722,NMC523,25,1,0.08043,1
0.08948,0.004397,0.2759,0.1495,0.2623,0.09575,NMC523,25,1,0.3117,1
0.009892,0.03117,0.1882,0.1252,1.057,0.133,NMC811,25,1,0.1548,1
0.2069,0.08871,0.1406,0.3351,0.5191,0.2346,NMC523,25,1,0.02035,1
0.1379,0.03521,0.4512,0.5639,1.62,0.5573,NMC622,25,1,0.1147,1
0.01869,0.09035,0.3439,0.5216,1.404,0.7713,NMC532,25,1,0.5499,1
0.1424,0.1066,0.1367,0.486,1.49,0.525,NMC622,25,1,0.118,1
0.00559,0.07435,0.02075,0.4992,1.295,0.8039,NMC532,25,1,1.146,1
0.119,0.04106,0.3612,0.2665,2.328,0.2888,NMC811,25,1,0.5443,1
0.1533,0.03599,0.3873,0.6406,1.038,0.4466,NMC523,25,1,0.09459,1
0.2273,0.07598,0.4224,0.4858,1.552,0.5333,NMC622,25,1,0.4539,1
0.2132,0.004399,0.4547,0.3522,0.5858,0.2503,NMC523,25,1,0.4808,1
0.1253,0.04366,0.1712,0.5991,1.766,0.5378,NMC622,25,1,0.1222,1
0.05724,0.1089,0.0882,0.4935,1.453,0.5057,NMC622,25,1,0.149,1
0.1636,0.04987,0.1774,0.0569,0.1007,0.03976,NMC523,25,1,0.03463,1
0.1016,0.01786,0.3079,0.1068,0.3544,0.1054,NMC622,25,1,0.02852,1
0.2184,0.04048,0.05496,0.3016,0.4968,0.1994,NMC523,25,1,0.04437,1
0.2191,0.1021,0.1748,0.565,0.5245,0.5776,NMC111,25,1,1.425,1
0.2155,0.01039,0.438,0.1712,0.2819,0.1142,NMC523,25,1,0.4803,1
0.06915,0.02371,0.08527,0.4872,1.527,0.4858,NMC622,25,1,0.1084,1
0.1872,0.01047,0.1331,1.064,1.045,0.9762,NMC111,25,1,0.03219,1
0.04009,0.05713,0.2509,0.357,0.9692,0.5999,NMC532,25,1,1.051,1
0.2072,0.1009,0.2446,0.9356,1.422,0.6142,NMC523,25,1,0.2499,1
0.1894,0.04052,0.4028,0.2563,2.308,0.2614,NMC811,25,1,1.147,1
0.1515,0.00628,0.2868,0.7277,1.254,0.523,NMC523,25,1,0.7263,1
0.1882,0.01839,0.311,0.5301,1.713,0.5118,NMC622,25,1,0.5399,1
0.1824,0.008354,0.187,0.5217,0.7907,0.323,NMC523,25,1,0.1736,1
0.1544,0.09305,0.4385,0.5929,1.357,0.8892,NMC532,25,1,0.4708,1
0.06034,0.07195,0.3473,0.899,1.472,0.669,NMC523,25,1,0.4904,1
0.227,0.104,0.1488,0.02876,0.2134,0.02797,NMC811,25,1,0.07546,1
0.1646,0.09686,0.05417,0.1313,0.3197,0.192,NMC532,25,1,0.3213,1
0.2026,0.08845,0.4404,0.2291,0.4278,0.1514,NMC523,25,1,0.02686,1
0.1168,0.05808,0.0211,0.4505,1.253,0.7107,NMC532,25,1,0.3577,1
0.2137,0.09454,0.1387,0.5435,1.637,0.6096,NMC622,25,1,0.2429,1
0.04843,0.03415,0.2732,0.8618,1.352,0.5698,NMC523,25,1,0.1301,1
0.1231,0.08761,0.05792,0.131,0.3403,0.1319,NMC622,25,1,1.009,1
0.03744,0.05795,0.4135,0.4662,1.115,0.6416,NMC532,25,1,0.04713,1
0.1616,0.01563,0.3214,0.2336,0.7072,0.2417,NMC622,25,1,0.1,1
0.2233,0.01744,0.2029,0.465,0.4865,0.4901,NMC111,25,1,0.2083,1
0.1381,0.09023,0.4166,0.2841,0.6183,0.4301,NMC532,25,1,0.02065,1
0.1832,0.09473,0.4035,0.5457,0.5593,0.5396,NMC111,25,1,0.1542,1
0.04888,0.03868,0.04694,0.3281,0.8342,0.4844,NMC532,25,1,0.202,1
0.1236,0.09827,0.1016,0.07239,0.579,0.07893,NMC811,25,1,0.3694,1
0.06435,0.06003,0.3485,0.02823,0.213,0.02679,NMC811,25,1,0.06037,1
0.1457,0.06838,0.3851,0.8652,1.41,0.5456,NMC523,25,1,0.03043,1
0.1037,0.02503,0.2896,0.3436,1.082,0.3839,NMC622,25,1,0.1351,1
0.03418,0.03994,0.3657,0.04953,0.05067,0.0499,NMC111,25,1,0.8001,1
0.08444,0.01834,0.07045,0.8314,0.8079,0.7792,NMC111,25,1,1.139,1
0.1531,0.04996,0.2515,0.2874,0.7021,0.4047,NMC532,25,1,0.1241,1
0.08601,0.04991,0.1128,0.2536,0.6361,0.3589,NMC532,25,1,0.03621,1
0.03365,0.07863,0.2816,0.1924,0.1886,0.1884,NMC111,25,1,0.05822,1
0.01297,0.05218,0.2124,0.8673,0.8434,0.8786,NMC111,25,1,0.542,1
0.1373,0.05027,0.4024,0.08617,0.237,0.1547,NMC532,25,1,0.361,1
0.1674,0.002663,0.4428,0.2023,0.1874,0.191,NMC111,25,1,0.6244,1
0.04636,0.03376,0.2378,0.8565,0.803,0.9693,NMC111,25,1,1.25,1
0.128,0.05638,0.4389,0.8282,1.338,0.5113,NMC523,25,1,0.5144,1
0.02454,0.04248,0.2014,0.6278,1.535,0.9089,NMC532,25,1,0.9131,1
0.01397,0.06853,0.321,0.2374,0.6532,0.245,NMC622,25,1,0.06589,1
0.1509,0.04247,0.02769,0.1721,1.482,0.1701,NMC811,25,1,0.03983,1
0.07561,0.01314,0.2798,0.4909,1.415,0.4451,NMC622,25,1,0.02957,1
0.09152,0.0781,0.01158,0.5578,0.8641,0.3627,NMC523,25,1,0.03711,1
0.0307,0.06806,0.3562,0.254,0.766,0.2672,NMC622,25,1,0.2074,1
0.08004,0.08368,0.09751,0.06918,0.1932,0.107,NMC532,25,1,0.1978,1
0.1367,0.1002,0.03095,0.4585,0.729,0.3041,NMC523,25,1,0.04179,1
0.1502,0.05014,0.4122,0.7551,0.7589,0.8498,NMC111,25,1,0.06717,1
0.01897,0.09391,0.2906,0.3059,0.7304,0.4623,NMC532,25,1,1.303,1
0.1962,0.06475,0.1017,0.1992,0.4857,0.2819,NMC532,25,1,1.36,1
0.2185,0.01943,0.1648,0.4595,1.283,0.4492,NMC622,25,1,0.02308,1
0.2136,0.09657,0.01656,0.1965,1.447,0.1878,NMC811,25,1,0.2305,1
0.0684,0.08221,0.3241,0.4586,1.104,0.6918,NMC532,25,1,0.02874,1
0.1485,0.1068,0.4092,0.2874,0.7539,0.4535,NMC532,25,1,0.2626,1
0.1527,0.01658,0.177,0.5671,0.5235,0.5438,NMC111,25,1,0.1171,1
0.1572,0.08839,0.2297,0.1482,0.4536,0.1832,NMC622,25,1,0.04379,1
0.1846,0.0831,0.2245,0.3179,0.3547,0.3407,NMC111,25,1,0.6081,1
0.1555,0.01679,0.01649,0.4236,0.7014,0.2558,NMC523,25,1,0.9659,1
0.06571,0.06792,0.2224,0.3392,0.824,0.4069,NMC532,25,1,1.036,1
0.02416,0.08985,0.3331,0.9053,1.527,0.5332,NMC523,25,1,0.06211,1
0.1048,0.005417,0.3585,0.1796,0.4152,0.2659,NMC532,25,1,0.04783,1
0.144,0.00951,0.02772,0.2087,0.6746,0.2,NMC622,25,1,0.1089,1
0.1744,0.08294,0.07247,0.1611,0.1656,0.1452,NMC111,25,1,0.2143,1
0.05474,0.05741,0.05326,0.298,2.462,0.2737,NMC811,25,1,0.7954,1
0.1556,0.1072,0.1616,0.4743,1.405,0.762,NMC532,25,1,0.05463,1
0.1284,0.01145,0.3516,0.01471,0.118,0.0144,NMC811,25,1,0.5172,1
0.2255,0.07233,0.2065,0.605,1.507,0.919,NMC532,25,1,0.08418,1
0.2194,0.02133,0.3992,0.7736,1.369,0.573,NMC523,25,1,0.09169,1
0.06717,0.09015,0.09013,0.8159,0.836,0.8532,NMC111,25,1,0.0266,1
0.03982,0.03308,0.4063,0.07777,0.6317,0.07805,NMC811,25,1,0.344,1
0.1118,0.1077,0.114,0.1106,0.3011,0.1821,NMC532,25,1,0.1801,1
0.1555,0.04896,0.04312,0.1891,1.691,0.1853,NMC811,25,1,0.3901,1
0.1387,0.02807,0.2268,0.7416,0.7092,0.8043,NMC111,25,1,1.177,1
0.1633,0.05246,0.0415,0.4946,0.4595,0.5068,NMC111,25,1,0.4975,1
0.02326,0.1078,0.1891,0.1634,0.4211,0.2507,NMC532,25,1,0.1634,1
0.09074,0.009222,0.137,0.06631,0.1995,0.06369,NMC622,25,1,0.1397,1
0.03194,0.001814,0.08646,0.8846,0.9299,0.9715,NMC111,25,1,0.1272,1
0.1865,0.01877,0.1667,0.5302,0.5269,0.5514,NMC111,25,1,0.4183,1
0.01483,0.02192,0.2421,0.7053,0.7427,0.7492,NMC111,25,1,0.03978,1
0.03193,0.002157,0.08904,0.2767,0.9101,0.2698,NMC622,25,1,0.1575,1
0.1272,0.06967,0.2225,0.9211,0.9496,0.9678,NMC111,25,1,0.1215,1
0.2033,0.03014,0.07733,0.4916,0.4757,0.4905,NMC111,25,1,0.1114,1
0.04207,0.07555,0.3,0.05944,0.1501,0.09033,NMC532,25,1,0.1665,1
0.1739,0.1096,0.1522,0.3572,0.9232,0.3445,NMC622,25,1,0.06421,1
0.218,0.09674,0.4452,0.314,0.8611,0.2725,NMC622,25,1,0.0333,1
0.1004,0.01167,0.3963,0.02111,0.1508,0.02018,NMC811,25,1,0.02987,1
0.0104,0.07777,0.2736,0.5094,1.199,0.7333,NMC532,25,1,0.5521,1
0.1894,0.08631,0.1803,0.4688,1.508,0.4853,NMC622,25,1,0.9214,1
0.1267,0.0616,0.1939,0.2687,0.7739,0.2897,NMC622,25,1,0.0908,1
0.1791,0.05243,0.4062,0.1263,0.3835,0.1276,NMC622,25,1,0.03775,1
0.2133,0.0295,0.2569,0.4518,0.716,0.3281,NMC523,25,1,0.0515,1
0.1173,0.0161,0.184,0.3861,0.6098,0.2415,NMC523,25,1,0.3183,1
0.02529,0.03447,0.03988,0.7481,1.136,0.498,NMC523,25,1,0.2409,1
0.1328,0.09367,0.03149,0.07644,0.5846,0.07501,NMC811,25,1,0.06294,1
0.07627,0.01533,0.343,0.9406,0.9475,0.9684,NMC111,25,1,0.02817,1
0.08143,0.05737,0.06409,0.1988,1.525,0.1884,NMC811,25,1,0.06948,1
0.1395,0.009454,0.09128,0.4207,1.052,0.6689,NMC532,25,1,0.5734,1
0.0721,0.01382,0.2862,0.3341,0.955,0.4912,NMC532,25,1,0.9462,1
0.1165,0.09321,0.3988,0.1607,1.251,0.1596,NMC811,25,1,1.029,1
0.1644,0.002125,0.3288,0.1819,0.4687,0.1721,NMC622,25,1,0.3782,1
0.08784,0.06252,0.04464,1.063,1.023,0.9825,NMC111,25,1,0.679,1
0.01455,0.0328,0.321,0.5364,1.218,0.776,NMC532,25,1,1.172,1
0.02378,0.084,0.169,0.6527,1.145,0.3884,NMC523,25,1,0.4289,1
0.09633,0.06372,0.2076,0.452,0.7243,0.3009,NMC523,25,1,0.9029,1
0.1153,0.05082,0.04929,0.9245,0.9067,0.9207,NMC111,25,1,0.1819,1
0.1192,0.003342,0.4505,0.7838,0.794,0.7635,NMC111,25,1,0.7622,1
0.005306,0.01208,0.2288,0.3549,0.886,0.5628,NMC532,25,1,0.3269,1
0.1744,0.01636,0.2214,0.4102,0.6612,0.2471,NMC523,25,1,0.1992,1
0.1578,0.02503,0.3346,0.7303,1.289,0.5385,NMC523,25,1,0.04194,1
0.2265,0.08266,0.01736,0.9716,1.044,1.018,NMC111,25,1,0.03002,1
0.02911,0.04284,0.2571,0.1209,1.013,0.1267,NMC811,25,1,0.03405,1
0.1955,0.03512,0.1688,0.06488,0.1982,0.06563,NMC622,25,1,0.2029,1
0.1505,0.04755,0.1658,0.8323,1.46,0.5152,NMC523,25,1,0.04767,1
0.1652,0.05435,0.176,0.08387,0.69,0.07281,NMC811,25,1,0.9332,1
0.1881,0.0934,0.1432,0.2348,0.3993,0.1504,NMC523,25,1,0.04376,1
0.01594,0.0718,0.1631,0.5335,1.469,0.7979,NMC532,25,1,0.8121,1
0.1278,0.08031,0.05806,0.969,0.9258,0.9421,NMC111,25,1,0.02189,1
0.1766,0.01094,0.1405,0.4876,0.795,0.3194,NMC523,25,1,0.06517,1
0.1538,0.02143,0.1311,0.1665,1.381,0.1832,NMC811,25,1,1.122,1
0.1113,0.03642,0.238,0.2452,0.7444,0.25,NMC622,25,1,0.5309,1
0.01389,0.04852,0.01348,0.02865,0.07482,0.04497,NMC532,25,1,0.03109,1
0.2127,0.03892,0.1945,0.2398,0.5915,0.3875,NMC532,25,1,0.05406,1
0.146,0.08078,0.4573,0.2877,2.302,0.3068,NMC811,25,1,0.6598,1
0.02745,0.004867,0.2332,0.4076,1.179,0.7343,NMC532,25,1,0.232,1
0.1243,0.09314,0.1231,0.06938,0.2214,0.07705,NMC622,25,1,0.5535,1
0.16,0.02688,0.4063,0.2129,0.6107,0.3149,NMC532,25,1,0.0262,1
0.1819,0.07704,0.2984,0.3184,0.3565,0.2939,NMC111,25,1,1.225,1
0.05473,0.1008,0.1855,0.1273,1.146,0.1285,NMC811,25,1,1.033,1
0.1384,0.02682,0.1288,0.4671,0.8269,0.3368,NMC523,25,1,0.07201,1
0.05525,0.05635,0.1331,0.136,1.056,0.1391,NMC811,25,1,0.03378,1
0.1467,0.05463,0.2249,0.0331,0.1056,0.03334,NMC622,25,1,0.1725,1
0.209,0.06003,0.3887,0.7634,0.8335,0.8117,NMC111,25,1,0.2274,1
0.05764,0.0757,0.4456,0.3968,1.013,0.629,NMC532,25,1,0.1409,1
0.2178,0.07678,0.2006,0.02067,0.02198,0.02013,NMC111,25,1,0.2385,1
0.0636,0.04735,0.05048,0.5393,1.713,0.5178,NMC622,25,1,0.365,1
0.1064,0.06602,0.3348,0.7739,0.765,0.7471,NMC111,25,1,0.02931,1
0.111,0.0906,0.4271,0.3983,1.056,0.582,NMC532,25,1,0.02119,1
0.157,0.09541,0.1382,1.024,0.9491,1.021,NMC111,25,1,0.5532,1
0.03106,0.0917,0.07599,0.3148,0.3289,0.3011,NMC111,25,1,1.112,1
0.08521,0.0828,0.03688,0.45,0.8269,0.3127,NMC523,25,1,0.0205,1
0.1204,0.06171,0.06427,0.2692,0.8057,0.2803,NMC622,25,1,0.02574,1
0.223,0.07268,0.03678,0.8218,0.7245,0.8748,NMC111,25,1,0.9528,1
0.08746,0.08333,0.3448,0.05414,0.4232,0.06227,NMC811,25,1,1.333,1
0.03733,0.09764,0.1031,0.497,0.5218,0.5348,NMC111,25,1,0.0763,1
0.1805,0.01643,0.2378,0.7842,0.7892,0.7899,NMC111,25,1,1.376,1
0.196,0.03325,0.1637,0.05014,0.1473,0.05333,NMC622,25,1,1.008,1
0.05651,0.01031,0.3475,0.2787,0.804,0.2728,NMC622,25,1,0.02199,1
0.2055,0.004633,0.3829,0.03769,0.333,0.03936,NMC811,25,1,0.2602,1
0.1598,0.1071,0.1835,0.2447,0.2602,0.2679,NMC111,25,1,0.153,1
0.1512,0.007431,0.1993,0.3475,0.6305,0.2556,NMC523,25,1,0.215,1
0.1504,0.1016,0.3051,0.05896,0.4602,0.05739,NMC811,25,1,0.2842,1
0.06119,0.09394,0.04477,0.1862,0.1869,0.1944,NMC111,25,1,0.04384,1
0.04937,0.05503,0.3236,0.6592,1.515,0.8731,NMC532,25,1,0.0979,1
0.1957,0.00736,0.2028,0.01085,0.03071,0.01026,NMC622,25,1,0.08663,1
0.1587,0.008399,0.07495,0.1225,0.2945,0.1879,NMC532,25,1,0.04197,1
0.1968,0.005307,0.1439,0.1453,1.046,0.1416,NMC811,25,1,0.5348,1
0.186,0.1086,0.362,0.2543,2.058,0.2592,NMC811,25,1,0.0682,1
0.2167,0.09075,0.4297,0.01951,0.1682,0.02023,NMC811,25,1,1.239,1
0.02156,0.07909,0.1945,0.4853,1.309,0.7833,NMC532,25,1,0.2325,1
0.03751,0.03185,0.4516,0.1001,0.7856,0.09603,NMC811,25,1,0.1284,1
0.1469,0.1067,0.3181,0.3735,0.9953,0.6027,NMC532,25,1,0.2024,1
0.03204,0.1011,0.2233,0.3527,0.87,0.5404,NMC532,25,1,0.05936,1
0.06139,0.08674,0.2602,0.2611,2.048,0.2495,NMC811,25,1,0.03996,1
0.09764,0.01511,0.03276,0.126,0.3212,0.1907,NMC532,25,1,0.3329,1
0.1668,0.05809,0.4444,0.09033,0.7496,0.09065,NMC811,25,1,0.1094,1
0.01153,0.06538,0.05902,0.1797,0.4583,0.293,NMC532,25,1,0.5469,1
0.04152,0.02094,0.3262,0.1117,0.1723,0.07245,NMC523,25,1,0.1341,1
0.1587,0.08067,0.08546,0.02784,0.2583,0.03254,NMC811,25,1,0.03409,1
0.09819,0.08031,0.05978,0.05958,0.4793,0.05647,NMC811,25,1,0.03941,1
0.1062,0.00703,0.2797,0.04435,0.1093,0.0645,NMC532,25,1,0.06353,1
0.1226,0.02843,0.2324,0.4625,0.802,0.3095,NMC523,25,1,0.03494,1
0.07158,0.0706,0.1877,0.8931,1.372,0.5173,NMC523,25,1,0.2601,1
0.1564,0.04362,0.1815,0.1645,0.4543,0.149,NMC622,25,1,0.2909,1
0.2135,0.08809,0.1931,0.1156,0.9725,0.1228,NMC811,25,1,0.1018,1
0.2192,0.02649,0.452,0.04287,0.1407,0.04099,NMC622,25,1,0.06386,1
0.2138,0.02945,0.252,0.04067,0.1044,0.06394,NMC532,25,1,0.02336,1
0.06291,0.07224,0.249,0.3918,1.077,0.3892,NMC622,25,1,0.02456,1
0.06896,0.091,0.1236,0.7744,1.361,0.4471,NMC523,25,1,0.03919,1
0.1899,0.08816,0.2223,0.8751,1.508,0.5702,NMC523,25,1,1.014,1
0.1702,0.087,0.1844,0.5157,1.368,0.7821,NMC532,25,1,0.02078,1
0.1425,0.05197,0.3313,0.5192,1.324,0.4993,NMC622,25,1,0.197,1
0.1763,0.02059,0.1608,0.08709,0.2397,0.08323,NMC622,25,1,0.3709,1
0.07236,0.03664,0.07263,0.06411,0.4093,0.05565,NMC811,25,1,0.07108,1
0.1317,0.1014,0.01589,0.1533,1.366,0.1505,NMC811,25,1,0.03698,1
0.09295,0.1012,0.4152,0.8759,0.8718,0.8952,NMC111,25,1,0.2853,1
0.01779,0.05795,0.3749,0.4639,0.4911,0.5347,NMC111,25,1,0.1898,1
0.2021,0.04144,0.2444,0.1151,0.2068,0.08688,NMC523,25,1,1.05,1
0.2054,0.07246,0.4118,0.2529,0.2506,0.2348,NMC111,25,1,0.38,1
0.06463,0.03302,0.3816,0.01803,0.0556,0.01723,NMC622,25,1,1.42,1
0.08361,0.01782,0.379,0.07705,0.2165,0.07483,NMC622,25,1,1.329,1
0.1037,0.05044,0.06092,0.3799,0.6225,0.2425,NMC523,25,1,0.1493,1
0.1026,0.02534,0.3746,0.1911,0.4806,0.2798,NMC532,25,1,0.1596,1
0.009398,0.04674,0.248,0.1205,0.931,0.1168,NMC811,25,1,0.1433,1
0.01985,0.1016,0.05795,0.1639,1.189,0.1634,NMC811,25,1,0.03335,1
0.1923,0.06938,0.1612,0.1462,1.248,0.1659,NMC811,25,1,0.4999,1
0.1394,0.1057,0.1976,0.251,0.6182,0.3982,NMC532,25,1,0.0532,1
0.01208,0.1009,0.098,0.08183,0.2036,0.1281,NMC532,25,1,0.5216,1
0.1444,0.08012,0.2558,1.007,1.001,0.9624,NMC111,25,1,0.08592,1
0.1964,0.0423,0.2053,0.9082,1.014,0.9882,NMC111,25,1,0.7684,1
0.006238,0.1007,0.1868,0.5972,1.482,0.853,NMC532,25,1,1.385,1
0.03448,0.1056,0.4338,0.3035,0.5548,0.2393,NMC523,25,1,0.08374,1
0.2137,0.03854,0.1906,0.6179,0.6172,0.5573,NMC111,25,1,0.06699,1
0.09589,0.01859,0.04675,0.1948,1.628,0.2124,NMC811,25,1,0.1089,1
0.1604,0.05962,0.01176,0.2365,2.306,0.2636,NMC811,25,1,0.04304,1
0.02108,0.02928,0.4399,0.2137,1.86,0.216,NMC811,25,1,0.4983,1
0.1181,0.009103,0.4088,0.02023,0.06241,0.0204,NMC622,25,1,0.2877,1
0.09192,0.02176,0.1564,0.1998,1.608,0.2105,NMC811,25,1,1.266,1
0.1026,0.008663,0.4244,0.1527,0.4801,0.1638,NMC622,25,1,0.02455,1
0.01945,0.1022,0.113,0.2403,2.05,0.2208,NMC811,25,1,0.07152,1
0.0832,0.1002,0.1463,0.4254,1.11,0.4324,NMC622,25,1,0.9014,1
0.1148,0.04274,0.3173,0.1885,0.6031,0.2102,NMC622,25,1,0.2177,1
0.09954,0.004804,0.4047,0.1329,0.363,0.1201,NMC622,25,1,0.02592,1
0.1676,0.02194,0.4222,0.1983,0.5656,0.1846,NMC622,25,1,0.04097,1
0.09842,0.06736,0.2725,0.7218,1.188,0.4365,NMC523,25,1,0.02072,1
0.008216,0.07405,0.3655,0.6015,1.353,0.8451,NMC532,25,1,0.7205,1
0.03203,0.03347,0.2337,0.3738,1.058,0.3554,NMC622,25,1,0.2412,1
0.009654,0.02425,0.06738,0.1143,0.9164,0.1226,NMC811,25,1,0.06966,1
0.06807,0.02474,0.4028,0.2749,0.2839,0.2732,NMC111,25,1,0.1566,1
0.1572,0.09296,0.3087,0.5774,1.309,0.8837,NMC532,25,1,0.02102,1
0.2248,0.05066,0.4497,0.8808,0.9344,0.9836,NMC111,25,1,0.02404,1
0.01894,0.1021,0.08284,0.1886,1.389,0.1749,NMC811,25,1,0.5094,1
0.1583,0.05395,0.2501,0.25,1.909,0.2617,NMC811,25,1,0.04224,1
0.08527,0.008766,0.4404,0.05494,0.4554,0.05256,NMC811,25,1,0.03049,1
0.08737,0.002704,0.3449,0.1803,0.1871,0.1702,NMC111,25,1,0.2099,1
0.1874,0.1099,0.02949,0.1274,0.3636,0.1201,NMC622,25,1,0.0275,1
0.2176,0.05695,0.1129,0.2241,0.6096,0.362,NMC532,25,1,0.3872,1
0.1994,0.02537,0.3914,0.673,0.721,0.6571,NMC111,25,1,0.2367,1
0.1617,0.05396,0.4259,0.1922,0.3261,0.1269,NMC523,25,1,0.03442,1
0.1358,0.05928,0.4218,0.00762,0.05696,0.007276,NMC811,25,1,1.175,1
0.1698,0.0207,0.1571,0.4453,0.9645,0.6366,NMC532,25,1,0.5941,1
0.1183,0.01088,0.4007,0.716,1.394,0.5514,NMC523,25,1,0.02013,1
0.2024,0.04035,0.4281,0.6122,1.411,0.8856,NMC532,25,1,1.439,1
0.2182,0.008436,0.4561,0.8245,1.432,0.603,NMC523,25,1,0.8423,1
0.1346,0.07851,0.284,0.493,0.7933,0.2938,NMC523,25,1,0.03525,1
0.2236,0.04376,0.2464,0.274,0.7543,0.2604,NMC622,25,1,0.03843,1
0.16,0.01146,0.4263,0.1643,1.337,0.1609,NMC811,25,1,0.7016,1
0.1584,0.02219,0.2859,0.116,0.1121,0.1227,NMC111,25,1,0.3081,1
0.04119,0.08097,0.4059,0.3107,0.3171,0.3399,NMC111,25,1,0.658,1
0.1421,0.0772,0.3392,0.0397,0.09957,0.05247,NMC532,25,1,0.4793,1
0.1702,0.09408,0.02478,0.4886,0.7555,0.3448,NMC523,25,1,0.02053,1
0.2106,0.05934,0.09282,0.09324,0.155,0.05763,NMC523,25,1,0.03422,1
0.05231,0.08505,0.03199,0.2677,0.7308,0.4422,NMC532,25,1,1.283,1
0.1985,0.07168,0.1646,0.5885,1.499,0.934,NMC532,25,1,0.2287,1
0.1121,0.02181,0.2128,0.009993,0.03055,0.0098,NMC622,25,1,0.1392,1
0.1657,0.04816,0.188,0.2013,0.4954,0.304,NMC532,25,1,0.1448,1
0.2192,0.004611,0.04747,0.03962,0.3249,0.04347,NMC811,25,1,0.1699,1
0.1413,0.04216,0.2771,0.4346,0.7079,0.3206,NMC523,25,1,0.02152,1
0.03126,0.04218,0.4038,0.5544,1.837,0.613,NMC622,25,1,0.03697,1
0.1862,0.007942,0.4522,0.2083,0.4861,0.2873,NMC532,25,1,0.1998,1
0.2189,0.05186,0.3788,0.1245,1.016,0.1308,NMC811,25,1,0.02093,1
0.1215,0.07789,0.4481,0.5779,1.629,0.5386,NMC622,25,1,0.02487,1
0.19,0.1111,0.1695,0.5379,0.8903,0.3603,NMC523,25,1,0.6014,1
0.1756,0.01585,0.1417,0.3068,0.9099,0.3229,NMC622,25,1,0.02014,1
0.04376,0.0446,0.1963,0.7181,0.7542,0.6738,NMC111,25,1,1.101,1
0.03033,0.0456,0.3678,0.1175,0.1013,0.1046,NMC111,25,1,0.05869,1
0.0844,0.06536,0.4478,0.567,1.748,0.5972,NMC622,25,1,0.7432,1
0.03597,0.078,0.3176,0.09702,0.8123,0.1044,NMC811,25,1,0.3779,1
0.0829,0.05276,0.05536,0.3123,0.7574,0.4064,NMC532,25,1,0.1418,1
0.2069,0.09564,0.05422,0.6056,1.738,0.5976,NMC622,25,1,0.04447,1
0.08869,0.01933,0.03726,0.2322,1.895,0.2206,NMC811,25,1,0.04342,1
0.07881,0.03699,0.0681,0.1612,0.4299,0.2583,NMC532,25,1,0.2441,1
0.2022,0.1089,0.08404,0.7132,0.7061,0.6391,NMC111,25,1,0.2242,1
0.196,0.04072,0.2435,0.8668,0.9377,0.8241,NMC111,25,1,0.1065,1
0.2143,0.04036,0.1274,0.9329,0.9288,0.8511,NMC111,25,1,0.3725,1
0.1074,0.03894,0.08814,0.2418,0.2636,0.2452,NMC111,25,1,0.05759,1
0.1463,0.02126,0.4508,0.339,0.9745,0.5601,NMC532,25,1,0.3815,1
0.07695,0.08715,0.03325,0.1505,0.4684,0.151,NMC622,25,1,1.391,1
0.1108,0.02128,0.07902,0.3806,1.036,0.3297,NMC622,25,1,0.7538,1
0.07609,0.07337,0.3039,0.1538,0.4773,0.1599,NMC622,25,1,0.3004,1
0.1368,0.007445,0.07787,0.007949,0.06715,0.008474,NMC811,25,1,0.895,1
0.2202,0.0169,0.08789,0.4786,1.527,0.4633,NMC622,25,1,0.9847,1
0.1084,0.01424,0.007647,0.4274,1.134,0.6319,NMC532,25,1,0.1858,1
0.06358,0.07823,0.4404,0.3422,0.9386,0.5292,NMC532,25,1,0.3415,1
0.06219,0.09102,0.07523,0.1917,0.5977,0.1998,NMC622,25,1,0.0417,1
0.1263,0.09676,0.3111,0.3348,1.073,0.3785,NMC622,25,1,0.5663,1
0.1288,0.07103,0.08266,0.1326,0.1952,0.08728,NMC523,25,1,0.5615,1
0.05478,0.008107,0.2625,0.4068,0.6339,0.2486,NMC523,25,1,1.072,1
0.06236,0.04298,0.2557,0.4814,1.192,0.7432,NMC532,25,1,0.02841,1
0.06593,0.01418,0.2849,1.069,0.9183,0.9789,NMC111,25,1,0.1035,1
0.02461,0.04681,0.2625,0.3957,0.9328,0.5233,NMC532,25,1,0.02793,1
0.2179,0.0461,0.3465,0.6482,0.7027,0.6451,NMC111,25,1,1.322,1
0.09207,0.05756,0.3513,0.2859,0.3896,0.181,NMC523,25,1,0.6164,1
0.1805,0.03608,0.1244,0.09659,0.3227,0.1078,NMC622,25,1,0.5913,1
0.1973,0.08757,0.446,0.63,1.097,0.4047,NMC523,25,1,0.2999,1
0.09681,0.0436,0.1726,0.1152,0.3176,0.1778,NMC532,25,1,0.0817,1
0.1445,0.02122,0.379,0.5088,0.4963,0.4871,NMC111,25,1,0.09871,1
0.1232,0.05585,0.2966,0.4305,1.127,0.708,NMC532,25,1,0.07139,1
0.2223,0.04808,0.0375,0.7556,0.7028,0.6864,NMC111,25,1,0.1317,1
0.1662,0.09456,0.1933,0.2895,0.2727,0.2643,NMC111,25,1,0.07661,1
0.1151,0.06575,0.1273,0.1276,0.885,0.1202,NMC811,25,1,0.1965,1
0.07152,0.01108,0.2257,0.479,1.378,0.8042,NMC532,25,1,0.5275,1
0.1147,0.002244,0.07857,0.7392,0.7015,0.6839,NMC111,25,1,0.02246,1
0.08106,0.09124,0.3668,0.4032,0.4493,0.3644,NMC111,25,1,0.02088,1
0.1351,0.07277,0.04325,0.3211,0.891,0.5441,NMC532,25,1,0.03107,1
0.08795,0.06795,0.2588,0.2143,0.1863,0.2044,NMC111,25,1,0.2013,1
0.01301,0.09135,0.2829,0.1037,0.3659,0.1094,NMC622,25,1,0.706,1
0.1543,0.05033,0.3219,0.4554,0.7355,0.2837,NMC523,25,1,0.1361,1
0.05516,0.1052,0.08325,0.1464,0.2657,0.0955,NMC523,25,1,0.055,1
0.1352,0.009355,0.1006,0.1559,0.4688,0.1537,NMC622,25,1,0.02586,1
0.01665,0.0334,0.2317,0.4888,1.106,0.7084,NMC532,25,1,0.08052,1
0.19,0.0857,0.414,0.271,0.9432,0.2967,NMC622,25,1,0.1319,1
0.1475,0.07191,0.06868,0.2266,1.987,0.2405,NMC811,25,1,0.5,1
0.02482,0.09119,0.1562,1.012,0.994,1.012,NMC111,25,1,0.1949,1
0.08192,0.09034,0.2759,0.3082,0.3174,0.301,NMC111,25,1,1.023,1
0.0323,0.0308,0.1461,0.5698,1.429,0.882,NMC532,25,1,0.09322,1
0.02233,0.07732,0.3996,0.4298,1.26,0.4025,NMC622,25,1,0.1313,1
0.008178,0.07271,0.1344,0.427,1.412,0.4263,NMC622,25,1,0.2116,1
0.1539,0.0964,0.1005,0.5753,1.57,0.8685,NMC532,25,1,0.6101,1
0.01265,0.02294,0.2757,0.1402,0.1375,0.1347,NMC111,25,1,0.1255,1
0.1554,0.04652,0.06198,0.1576,1.199,0.1623,NMC811,25,1,0.3896,1
0.03203,0.05156,0.2458,0.06536,0.1636,0.09461,NMC532,25,1,0.1476,1
0.1583,0.07182,0.04668,0.08819,0.09355,0.09627,NMC111,25,1,0.4589,1
0.1724,0.002269,0.3876,0.5631,1.661,0.6085,NMC622,25,1,0.2356,1
0.1947,0.09554,0.1283,0.3928,0.4206,0.3989,NMC111,25,1,0.1073,1
0.1457,0.1074,0.4471,0.1156,0.3426,0.1128,NMC622,25,1,0.03686,1
0.05531,0.09009,0.4053,0.4603,0.4485,0.4799,NMC111,25,1,0.6111,1
0.06581,0.01037,0.2804,0.8468,1.404,0.5279,NMC523,25,1,0.03317,1
0.2202,0.02134,0.3173,0.6486,0.6953,0.6766,NMC111,25,1,0.02782,1
0.2247,0.1098,0.4408,0.1084,0.2617,0.1564,NMC532,25,1,0.09247,1
0.176,0.02967,0.06425,0.3283,0.7756,0.4405,NMC532,25,1,0.7792,1
0.0275,0.081,0.191,0.4119,1.043,0.6127,NMC532,25,1,0.8119,1
0.2052,0.04481,0.2926,0.01369,0.1106,0.01294,NMC811,25,1,0.2182,1
0.1367,0.0882,0.1957,0.1746,1.385,0.1784,NMC811,25,1,0.9083,1
0.1258,0.03968,0.06866,0.118,0.1199,0.1229,NMC111,25,1,0.08111,1
0.1855,0.05779,0.3044,0.4522,0.4884,0.48,NMC111,25,1,0.8149,1
0.134,0.0873,0.3237,0.2609,0.4354,0.1559,NMC523,25,1,0.07402,1
0.1294,0.08419,0.1939,0.1362,1.13,0.147,NMC811,25,1,0.4333,1
0.01978,0.06757,0.4334,0.3929,1.138,0.3776,NMC622,25,1,0.04096,1
0.1297,0.03984,0.3708,0.1239,0.3126,0.1903,NMC532,25,1,0.1139,1
0.1173,0.08414,0.1879,0.5079,0.8819,0.353,NMC523,25,1,0.02279,1
0.06792,0.07286,0.02482,0.2531,0.2411,0.2404,NMC111,25,1,0.2579,1
0.1909,0.05652,0.1426,0.04467,0.11,0.06654,NMC532,25,1,0.4296,1
0.06862,0.03378,0.1831,0.03102,0.2528,0.02741,NMC811,25,1,0.06305,1
0.02229,0.1034,0.2961,0.06932,0.5463,0.06323,NMC811,25,1,0.03016,1
0.133,0.08584,0.2511,0.2504,0.7356,0.2327,NMC622,25,1,1.312,1
0.2174,0.1015,0.316,0.2741,0.4331,0.1774,NMC523,25,1,0.02877,1
0.1329,0.07071,0.325,0.45,0.7576,0.2813,NMC523,25,1,0.03814,1
0.09959,0.1025,0.01266,0.3731,0.3747,0.3992,NMC111,25,1,0.09779,1
0.2027,0.1094,0.0947,0.6598,0.653,0.6947,NMC111,25,1,0.3602,1
0.02756,0.04277,0.09933,0.1882,0.1641,0.1804,NMC111,25,1,0.4861,1
0.1673,0.09134,0.3632,0.2051,0.4925,0.287,NMC532,25,1,0.1314,1
0.07465,0.09859,0.1787,0.7684,1.245,0.5384,NMC523,25,1,0.2824,1
0.01595,0.02266,0.2959,0.2661,0.7879,0.2551,NMC622,25,1,0.06514,1
0.1593,0.05716,0.3103,0.04276,0.1362,0.04593,NMC622,25,1,0.7597,1
0.04847,0.007277,0.1682,0.2242,0.3794,0.1661,NMC523,25,1,1.026,1
0.08314,0.02755,0.421,0.4392,1.266,0.4122,NMC622,25,1,0.8443,1
0.08028,0.05882,0.3235,0.1061,0.1158,0.1072,NMC111,25,1,0.09103,1
0.04658,0.04484,0.1614,0.5367,1.326,0.7174,NMC532,25,1,0.254,1
0.09323,0.03184,0.02753,0.06944,0.06993,0.06511,NMC111,25,1,0.02148,1
0.1728,0.007666,0.07583,0.8306,0.7758,0.7877,NMC111,25,1,0.3231,1
0.03697,0.005414,0.1309,0.2332,0.5828,0.374,NMC532,25,1,0.05746,1
0.1328,0.03895,0.0583,0.1538,0.3839,0.2543,NMC532,25,1,0.1028,1
0.2026,0.05174,0.1635,1.003,1.031,0.8594,NMC111,25,1,0.04662,1
0.1834,0.0974,0.02971,0.4155,0.4616,0.4473,NMC111,25,1,0.6307,1
0.01949,0.006186,0.2542,0.2137,0.203,0.2097,NMC111,25,1,0.04838,1
0.1033,0.1075,0.04775,0.07376,0.06981,0.083,NMC111,25,1,0.1437,1
0.08108,0.06657,0.422,0.3838,1.138,0.4043,NMC622,25,1,0.3591,1
0.01382,0.007014,0.4411,0.5071,1.745,0.5438,NMC622,25,1,0.4167,1
0.02504,0.09995,0.1141,0.3764,1.107,0.387,NMC622,25,1,1.011,1
0.1346,0.01943,0.3046,0.4206,0.4806,0.4277,NMC111,25,1,0.1147,1
0.2164,0.08509,0.2217,0.1189,0.1161,0.1191,NMC111,25,1,0.3977,1
0.09542,0.102,0.2886,0.886,0.9541,0.9957,NMC111,25,1,0.02878,1
0.07442,0.04658,0.4339,0.2526,2.057,0.2526,NMC811,25,1,0.1256,1
0.041,0.02,0.083,0.284,0.557,0.248,NMC523 - SDL,25,1,0.75,1
